sample_id,audio_path,reference_text,reference_latex,source
425,/data1/eunju/datasets/mathspeech/dataset/425.mp3,1 over n cubed times the sum i squared. i equals 1 to n,$\frac{1}{n^{3}}\sum_{i=1}^{n}{i}^{2}$,https://www.youtube.com/watch?v=hjZhPczMkL4
329,/data1/eunju/datasets/mathspeech/dataset/329.mp3,x is equal to 2 to the 1 3rd v to the 1 3rd,$x=2^{\frac{1}{3}}v^{\frac{1}{3}}$,https://www.youtube.com/watch?v=YN7k_bXXggY
579,/data1/eunju/datasets/mathspeech/dataset/579.mp3,x is equal to two tan u,$x=2\tan u$ ,https://www.youtube.com/watch?v=aeXp1zC6Hls
798,/data1/eunju/datasets/mathspeech/dataset/798.mp3,dy equals f prime of x times dx,$dy=f^{\prime}(x)dx$,https://www.youtube.com/watch?v=7eZVshlT33Q
482,/data1/eunju/datasets/mathspeech/dataset/482.mp3,2 pi a x minus x cubed,$2\pi(ax-x^{3})$,https://www.youtube.com/watch?v=ShGBRUx2ub8
41,/data1/eunju/datasets/mathspeech/dataset/41.mp3,minus x squared sine squared x,$ -x^2 \sin^{2}x$,https://www.youtube.com/watch?v=55ncRlBZstA
661,/data1/eunju/datasets/mathspeech/dataset/661.mp3,v is equal to x squared over two,$v=\frac{x^{2}}{2}$,https://www.youtube.com/watch?v=BGE3wb7H2PA
926,/data1/eunju/datasets/mathspeech/dataset/926.mp3,Nx minus My dA,$\displaystyle (Nx - My)dA$,https://www.youtube.com/watch?v=tYdoS0tkAHA
522,/data1/eunju/datasets/mathspeech/dataset/522.mp3,1 quarter of 1 minus the cosine of 4x divided by 2, $\frac{1}{4}(\frac{1 - \cos(4x)}{2})$,https://www.youtube.com/watch?v=Bv9kVDcj7yo
846,/data1/eunju/datasets/mathspeech/dataset/846.mp3,dz equals minus one over six times four dx plus dy,$dz=-\frac{1}{6}(4dx+dy)$,https://www.youtube.com/watch?v=23xbkrpQuAo
740,/data1/eunju/datasets/mathspeech/dataset/740.mp3, t minus sine t,$t-\sin t$,https://www.youtube.com/watch?v=0D4BbCa4gHo
789,/data1/eunju/datasets/mathspeech/dataset/789.mp3,y squared times a times x over y squared,$y^{2}a(x/y)^{2}$,https://www.youtube.com/watch?v=3_goGnJm5sA
369,/data1/eunju/datasets/mathspeech/dataset/369.mp3,five halves over x zero,$\frac{5}{2}\over x_0$,https://www.youtube.com/watch?v=sRIDVAcoG5A
998,/data1/eunju/datasets/mathspeech/dataset/998.mp3,f equals x squared y plus g,$f=x^{2}y+g$,https://www.youtube.com/watch?v=seO7-TwXH_I
847,/data1/eunju/datasets/mathspeech/dataset/847.mp3,partial z over partial x is minus four over six,$\displaystyle \frac{\partial z}{\partial x} = -\frac{4}{6}$,https://www.youtube.com/watch?v=23xbkrpQuAo
557,/data1/eunju/datasets/mathspeech/dataset/557.mp3,natural log of x minus 1 plus 3 times natural log of x plus 3,$\ln(x-1)+3\ln(x+3)$,https://www.youtube.com/watch?v=HgEqXhsIq_g
389,/data1/eunju/datasets/mathspeech/dataset/389.mp3,one-third x to the minus two thirds,$\frac{1}{3}x^{-\frac{2}{3}}$,https://www.youtube.com/watch?v=-MI0b4h3rS0
517,/data1/eunju/datasets/mathspeech/dataset/517.mp3,one plus the coisine of two theta over two,$\frac{1+\cos(2\theta)}{2}$,https://www.youtube.com/watch?v=Bv9kVDcj7yo
443,/data1/eunju/datasets/mathspeech/dataset/443.mp3,b greater than or equal to 0,$b\geq 0$,https://www.youtube.com/watch?v=1RLctDS2hUQ
788,/data1/eunju/datasets/mathspeech/dataset/788.mp3, a times x plus b over 2a times y squared,$\displaystyle a(x+\frac{b}{2a}y)^{2}$,https://www.youtube.com/watch?v=3_goGnJm5sA
471,/data1/eunju/datasets/mathspeech/dataset/471.mp3,y minus two times y plus one is equal to zero,$(y-2)(y+1)=0$,https://www.youtube.com/watch?v=_JXPe2J069c
55,/data1/eunju/datasets/mathspeech/dataset/55.mp3,y equals arctan x,$y = \arctan x$,https://www.youtube.com/watch?v=aYMt2ZVGd7g
413,/data1/eunju/datasets/mathspeech/dataset/413.mp3,a half sine squared plus cosine squared,$\frac{1}{2}\sin^{2}+\cos^{2}$,https://www.youtube.com/watch?v=-MI0b4h3rS0
34,/data1/eunju/datasets/mathspeech/dataset/34.mp3,pi over 3 sine x plus sine pi over 3 cosine x,$\displaystyle \frac{\pi}{3} \sin(x) + \sin\frac{\pi}{3} \cos(x)$,https://www.youtube.com/watch?v=Bb-bgJdOqig
419,/data1/eunju/datasets/mathspeech/dataset/419.mp3,1 3rd n cubed,$\frac{1}{3}n^{3}$,https://www.youtube.com/watch?v=hjZhPczMkL4
930,/data1/eunju/datasets/mathspeech/dataset/930.mp3,square root of x squared plus y squared,$\sqrt{x^{2}+y^{2}}$,https://www.youtube.com/watch?v=_CdoRiNSrqI
367,/data1/eunju/datasets/mathspeech/dataset/367.mp3,x0 squared minus 5,$x_0^{2} - 5$ ,https://www.youtube.com/watch?v=sRIDVAcoG5A
968,/data1/eunju/datasets/mathspeech/dataset/968.mp3,four pi a squared,$4\pi a^{2}$,https://www.youtube.com/watch?v=phk05iSMezA
745,/data1/eunju/datasets/mathspeech/dataset/745.mp3, v divided by magnitude of v,$v/||v||$,https://www.youtube.com/watch?v=0D4BbCa4gHo
375,/data1/eunju/datasets/mathspeech/dataset/375.mp3,e2 would be x minus x2 in absolute value,$\displaystyle \mathbb{e}_2 = |x - x_{2}|$,https://www.youtube.com/watch?v=4Q37iOyBq44
610,/data1/eunju/datasets/mathspeech/dataset/610.mp3,the square root of 1 plus the quantity 2x squared dx.,$\sqrt{1+(2x)^{2}}dx$,https://www.youtube.com/watch?v=TpWQlKHPyJ4
88,/data1/eunju/datasets/mathspeech/dataset/88.mp3,w of one plus two times e to the w of one,$w(1) + 2 e^{w(1)}$,https://www.youtube.com/watch?v=8gGbViZjoRw
407,/data1/eunju/datasets/mathspeech/dataset/407.mp3,6 e to the 6x,$6\mathrm{e}^{6x}$,https://www.youtube.com/watch?v=-MI0b4h3rS0
250,/data1/eunju/datasets/mathspeech/dataset/250.mp3,log a times e to the x log a,"$\log a\,\mathrm{e}^{x\log a}$",https://www.youtube.com/watch?v=9v25gg2qJYE
521,/data1/eunju/datasets/mathspeech/dataset/521.mp3,one half sine of two x squared,$\frac{1}{2}\sin^{2}(2x)$,https://www.youtube.com/watch?v=Bv9kVDcj7yo
366,/data1/eunju/datasets/mathspeech/dataset/366.mp3,x0 is equal to 2,$x_0 = 2$,https://www.youtube.com/watch?v=sRIDVAcoG5A
50,/data1/eunju/datasets/mathspeech/dataset/50.mp3,four thirds cubed plus two thirds cubed is equal to three times two thirds times four thirds,$(4/3)^{3}+(2/3)^{3}=3\times(2/3)\times(4/3)$,https://www.youtube.com/watch?v=fK6cu99OSEU
669,/data1/eunju/datasets/mathspeech/dataset/669.mp3,sine five x divided by sine two x,$\sin 5x/\sin 2x$,https://www.youtube.com/watch?v=PNTnmH6jsRI
440,/data1/eunju/datasets/mathspeech/dataset/440.mp3,e to the b minus e to the zero,$e^{b}-e^{0}$,https://www.youtube.com/watch?v=1RLctDS2hUQ
94,/data1/eunju/datasets/mathspeech/dataset/94.mp3,delta f is x plus delta x to the n minus x to the n divided by delta x,$\displaystyle \Delta f = \frac{(x + \Delta x)^{n} - x^{n}}{\Delta x}$,https://www.youtube.com/watch?v=7K1sB05pE0A
169,/data1/eunju/datasets/mathspeech/dataset/169.mp3,d by dt of r cross v is the zero vector,$\displaystyle\frac{d}{dt}(\mathbf{r}\times\mathbf{v})=\mathbf{0}$,https://www.youtube.com/watch?v=0D4BbCa4gHo
98,/data1/eunju/datasets/mathspeech/dataset/98.mp3,x plus 3 over x squared plus 1,$\frac{x + 3}{x^{2} + 1}$,https://www.youtube.com/watch?v=ryLdyDrBfvI
1074,/data1/eunju/datasets/mathspeech/dataset/1074.mp3,dy dt equals a times y,$\frac{dy}{dt}=ay$,https://www.youtube.com/watch?v=EQJBp6Ym-6A
583,/data1/eunju/datasets/mathspeech/dataset/583.mp3,u prime is one over x,$u^{\prime}= 1/x$,https://www.youtube.com/watch?v=aeXp1zC6Hls
821,/data1/eunju/datasets/mathspeech/dataset/821.mp3,4x plus 2y minus 2z,$4x+2y-2z$,https://www.youtube.com/watch?v=2XraaWefBd8
325,/data1/eunju/datasets/mathspeech/dataset/325.mp3,y is equal to v divided by x squared,$y=\frac{v}{x^{2}}$,https://www.youtube.com/watch?v=YN7k_bXXggY
912,/data1/eunju/datasets/mathspeech/dataset/912.mp3,dx becomes x prime of t dt,$\displaystyle d\mathbf{x}=\mathbf{x}^{\prime}(t)dt$,https://www.youtube.com/watch?v=o7UCBjGsRTE
493,/data1/eunju/datasets/mathspeech/dataset/493.mp3,a hundred pi y minus 30 pi y squared,$100\pi y-30\pi y^{2}$,https://www.youtube.com/watch?v=R9a_NHXrBcg
92,/data1/eunju/datasets/mathspeech/dataset/92.mp3,minus 1 over 3 plus delta x times 3,$-\frac{1}{3} + \Delta x \times 3$,https://www.youtube.com/watch?v=7K1sB05pE0A
702,/data1/eunju/datasets/mathspeech/dataset/702.mp3,n plus 1 times c n plus 1 divided by n plus 1,$(n+1)c_{n+1}/(n+1)$,https://www.youtube.com/watch?v=wOHrNt9ScYs
374,/data1/eunju/datasets/mathspeech/dataset/374.mp3,x minus x1 in absolute value,$|x-x_1|$ ,https://www.youtube.com/watch?v=4Q37iOyBq44
993,/data1/eunju/datasets/mathspeech/dataset/993.mp3,six t to the five,$\displaystyle 6t^{5}$,https://www.youtube.com/watch?v=seO7-TwXH_I
619,/data1/eunju/datasets/mathspeech/dataset/619.mp3, t equals pi over 2,${t}=\frac{\pi}{2}$,https://www.youtube.com/watch?v=TpWQlKHPyJ4
271,/data1/eunju/datasets/mathspeech/dataset/271.mp3,one over one plus y squared times y prime,$\frac{1}{1+y^{2}}y^{\prime}$,https://www.youtube.com/watch?v=eHJuAByQf5A
991,/data1/eunju/datasets/mathspeech/dataset/991.mp3,dx is 3t squared dt,$\displaystyle dx={3t}^{2}dt$,https://www.youtube.com/watch?v=seO7-TwXH_I
430,/data1/eunju/datasets/mathspeech/dataset/430.mp3,b minus a over n,$\frac{b-a}{n}$,https://www.youtube.com/watch?v=hjZhPczMkL4
686,/data1/eunju/datasets/mathspeech/dataset/686.mp3,1 over the square root of x cubed,$\frac{1}{\sqrt{x^{3}}}$,https://www.youtube.com/watch?v=KhwQKE_tld0
626,/data1/eunju/datasets/mathspeech/dataset/626.mp3,x is 2 sine t,$x=2\sin t$,https://www.youtube.com/watch?v=XRkgBWbWvg4
355,/data1/eunju/datasets/mathspeech/dataset/355.mp3,the square root of x squared plus y squared,$\sqrt{x^{2}+y^{2}}$,https://www.youtube.com/watch?v=sRIDVAcoG5A
140,/data1/eunju/datasets/mathspeech/dataset/140.mp3,r squared sine squared theta,$r^{2}\sin^{2}\theta$,https://www.youtube.com/watch?v=60e4hdCi1D4
406,/data1/eunju/datasets/mathspeech/dataset/406.mp3,square root of 1 plus x squared plus c,$\sqrt{1+x^{2}}+c$,https://www.youtube.com/watch?v=-MI0b4h3rS0
824,/data1/eunju/datasets/mathspeech/dataset/824.mp3,two times y minus one minus two times z minus one equals zero,$2(y-1)-2(z-1)=0$,https://www.youtube.com/watch?v=2XraaWefBd8
667,/data1/eunju/datasets/mathspeech/dataset/667.mp3,f of x divided by g of x,$\frac{f(x)}{g(x)}$,https://www.youtube.com/watch?v=PNTnmH6jsRI
620,/data1/eunju/datasets/mathspeech/dataset/620.mp3,t equals pi,$\mathcal{t}=\pi$,https://www.youtube.com/watch?v=TpWQlKHPyJ4
554,/data1/eunju/datasets/mathspeech/dataset/554.mp3,du is 2 secant theta tangent theta d theta.,$du=2\sec \theta \tan \theta d\theta $,https://www.youtube.com/watch?v=CXKoCMVqM9s
509,/data1/eunju/datasets/mathspeech/dataset/509.mp3,sine squared of theta is 1 minus cosine of 2 theta divided by 2,$\sin^{2}(\theta)=(1-\cos(2\theta))\over 2$,https://www.youtube.com/watch?v=Bv9kVDcj7yo
89,/data1/eunju/datasets/mathspeech/dataset/89.mp3,1 half times x minus 1,$\frac{1}{2}(x - 1)$,https://www.youtube.com/watch?v=8gGbViZjoRw
398,/data1/eunju/datasets/mathspeech/dataset/398.mp3,integral of secant squared x dx,$\int \sec^{2}xdx$,https://www.youtube.com/watch?v=-MI0b4h3rS0
254,/data1/eunju/datasets/mathspeech/dataset/254.mp3,u prime is equal to u times log a,$u^{\prime}=u\cdot\log a$,https://www.youtube.com/watch?v=9v25gg2qJYE
974,/data1/eunju/datasets/mathspeech/dataset/974.mp3,"f of x, y plus delta x times f sub x ","$f(x,y)+\Delta x\cdot f_{x}$",https://www.youtube.com/watch?v=WfEQabCGAqI
380,/data1/eunju/datasets/mathspeech/dataset/380.mp3,f of b is equal to f of a plus f prime of c times b minus a,$f(b)=f(a)+f^{\prime}(c)(b - a)$,https://www.youtube.com/watch?v=4Q37iOyBq44
1070,/data1/eunju/datasets/mathspeech/dataset/1070.mp3,two plus i divided by one minus 3i,$\frac{2+i}{1-3i}$,https://www.youtube.com/watch?v=EQJBp6Ym-6A
442,/data1/eunju/datasets/mathspeech/dataset/442.mp3,e to the b minus 1 is greater than or equal to b plus b squared over 2,$e^{b}-1\geq b+\frac{b^{2}}{2}$,https://www.youtube.com/watch?v=1RLctDS2hUQ
518,/data1/eunju/datasets/mathspeech/dataset/518.mp3,sine squared times cosine squared,$\sin^{2}\cos^{2}$,https://www.youtube.com/watch?v=Bv9kVDcj7yo
692,/data1/eunju/datasets/mathspeech/dataset/692.mp3, y equals 1 over x minus 3 squared,$y=\frac{1}{(x-3)^{2}}$,https://www.youtube.com/watch?v=MK_0QHbUnIA
582,/data1/eunju/datasets/mathspeech/dataset/582.mp3,u is a log x,$u=\log x$,https://www.youtube.com/watch?v=aeXp1zC6Hls
975,/data1/eunju/datasets/mathspeech/dataset/975.mp3,f sub y times delta y,$\displaystyle f_y \times\Delta y$,https://www.youtube.com/watch?v=WfEQabCGAqI
384,/data1/eunju/datasets/mathspeech/dataset/384.mp3,e to the x is bigger than 1 plus x plus x squared over 2,$e^{x}>(1+x+\frac{x^{2}}{2})$,https://www.youtube.com/watch?v=4Q37iOyBq44
116,/data1/eunju/datasets/mathspeech/dataset/116.mp3,u of x plus delta x times v of x plus delta x,$u(x+\Delta x)v(x+\Delta x)$,https://www.youtube.com/watch?v=4sTKcvYMNxk
794,/data1/eunju/datasets/mathspeech/dataset/794.mp3,f sub xy times change in x times change in y plus one half of fyy times y minus y0 squared,$\displaystyle f_{xy}\cdot\Delta x\cdot\Delta y+\frac{1}{2}f_{yy}(y-y_{0})^{2}$,https://www.youtube.com/watch?v=3_goGnJm5sA
1004,/data1/eunju/datasets/mathspeech/dataset/1004.mp3, 6 times 1 plus 4 plus 9 plus 16 plus 25 plus 36,$6\times(1+4+9+16+25+36)$,https://www.youtube.com/watch?v=oI9fMUqgfxY
641,/data1/eunju/datasets/mathspeech/dataset/641.mp3,pi a squared,$(\pi a^{2})$,https://www.youtube.com/watch?v=BGE3wb7H2PA
805,/data1/eunju/datasets/mathspeech/dataset/805.mp3,df is f sub x dx plus f sub y dy plus f sub z dz,$\displaystyle df = f_{x}dx+f_{y}dy+f_{z}dz$,https://www.youtube.com/watch?v=7eZVshlT33Q
166,/data1/eunju/datasets/mathspeech/dataset/166.mp3,square root of one minus two cosine t plus cosine squared t plus sine squared t,$\displaystyle\sqrt{1-2\cos t+\cos ^{2}t+\sin ^{2}t}$,https://www.youtube.com/watch?v=0D4BbCa4gHo
350,/data1/eunju/datasets/mathspeech/dataset/350.mp3,h squared times h,$\mathbb{h}^{2}\times\mathbb{h}$,https://www.youtube.com/watch?v=sRIDVAcoG5A
150,/data1/eunju/datasets/mathspeech/dataset/150.mp3,y of t minus two equals t,$y(t)-2=t$,https://www.youtube.com/watch?v=57jzPlxf4fk
1047,/data1/eunju/datasets/mathspeech/dataset/1047.mp3,log of minus c2 over c1,$\log{((-c_{2})/{c_{1}})}$,https://www.youtube.com/watch?v=2-5oq-igwtU
574,/data1/eunju/datasets/mathspeech/dataset/574.mp3,half the argtangent,$\displaystyle \frac{1}{2}\arctan $,https://www.youtube.com/watch?v=HgEqXhsIq_g
795,/data1/eunju/datasets/mathspeech/dataset/795.mp3, f of x y equals x plus y plus 1 over xy,"$f(x,y)=x+y+\frac{1}{xy}$",https://www.youtube.com/watch?v=3_goGnJm5sA
126,/data1/eunju/datasets/mathspeech/dataset/126.mp3,length of A is square root of length B squared plus one,$\mathrm{|A|} = \sqrt{\mathrm{|B|^{2} + 1}}$,https://www.youtube.com/watch?v=PxCxlsl_YwY
1066,/data1/eunju/datasets/mathspeech/dataset/1066.mp3, c1 equals minus 2,$\mathrm{c_1}=-2$,https://www.youtube.com/watch?v=LjqUV6vqwkg
718,/data1/eunju/datasets/mathspeech/dataset/718.mp3,x squared minus x to the fourth over three factorial plus x to the sixth over five factorial,$x^{2}-\frac{x^{4}}{3!}+\frac{x^{6}}{5!}$,https://www.youtube.com/watch?v=--lPz7VFnKI
386,/data1/eunju/datasets/mathspeech/dataset/386.mp3,x cubed over 3 times 2,$\frac{x^{3}}{3\times 2}$,https://www.youtube.com/watch?v=4Q37iOyBq44
306,/data1/eunju/datasets/mathspeech/dataset/306.mp3,1 plus 2 over x,$1+\frac{2}{x}$,https://www.youtube.com/watch?v=twzGBqPeW0M
1076,/data1/eunju/datasets/mathspeech/dataset/1076.mp3,sine of theta one plus theta two,$\sin(\theta_{1}+\theta_{2})$,https://www.youtube.com/watch?v=EQJBp6Ym-6A
340,/data1/eunju/datasets/mathspeech/dataset/340.mp3,2x plus 4y,$\displaystyle 2x+4y$,https://www.youtube.com/watch?v=YN7k_bXXggY
417,/data1/eunju/datasets/mathspeech/dataset/417.mp3,b over n times 2b over n squared,$(b/n)\times(2b/n^{2})$,https://www.youtube.com/watch?v=hjZhPczMkL4
827,/data1/eunju/datasets/mathspeech/dataset/827.mp3,PV equals nRT,$\mathrm{PV}=\mathrm{nRT}$,https://www.youtube.com/watch?v=15HVevXRsBA
394,/data1/eunju/datasets/mathspeech/dataset/394.mp3,f of x is x to the 1 3rd,$f(x)=x^{1/3}$,https://www.youtube.com/watch?v=-MI0b4h3rS0
854,/data1/eunju/datasets/mathspeech/dataset/854.mp3,one half of ab times sine theta times tangent theta plus cosine theta d theta.,"$\displaystyle \frac{1}{2}ab\sin \theta\tan \theta+\cos \theta\, d\theta$",https://www.youtube.com/watch?v=23xbkrpQuAo
477,/data1/eunju/datasets/mathspeech/dataset/477.mp3,a squared minus x squared minus two ax ,$a^{2}-x^{2}-2ax$,https://www.youtube.com/watch?v=ShGBRUx2ub8
840,/data1/eunju/datasets/mathspeech/dataset/840.mp3, x squared equals three,$\displaystyle x^{2}=3$,https://www.youtube.com/watch?v=15HVevXRsBA
256,/data1/eunju/datasets/mathspeech/dataset/256.mp3,d by dx x to the x,$(\frac{d}{dx}(x^{x}))$,https://www.youtube.com/watch?v=9v25gg2qJYE
85,/data1/eunju/datasets/mathspeech/dataset/85.mp3,w of x plus one,$\displaystyle w(x) + 1$,https://www.youtube.com/watch?v=8gGbViZjoRw
659,/data1/eunju/datasets/mathspeech/dataset/659.mp3,A2x plus B2 x squared plus 2 squared plus c over x plus d,$\frac{A2x + B2}{(x^{2}+2)^{2}}+\frac{C}{x}+D$,https://www.youtube.com/watch?v=BGE3wb7H2PA
1005,/data1/eunju/datasets/mathspeech/dataset/1005.mp3,r over t times t,$\frac{r}{t}t$,https://www.youtube.com/watch?v=oI9fMUqgfxY
167,/data1/eunju/datasets/mathspeech/dataset/167.mp3,cosine squared plus sine squared,$\cos ^{2}+\sin ^{2}$,https://www.youtube.com/watch?v=0D4BbCa4gHo
807,/data1/eunju/datasets/mathspeech/dataset/807.mp3,f sub z z prime of t dt,$f_{z}z^{\prime}(t)dt$,https://www.youtube.com/watch?v=7eZVshlT33Q
87,/data1/eunju/datasets/mathspeech/dataset/87.mp3,1 over w of x plus 2 times e to the w of x,$\frac{1}{w(x)} + 2e^{w(x)}$,https://www.youtube.com/watch?v=8gGbViZjoRw
273,/data1/eunju/datasets/mathspeech/dataset/273.mp3, x zero plus f prime of x zero x minus x zero,$\displaystyle x_{0}+f^{\prime}(x_{0})(x - x_{0})$,https://www.youtube.com/watch?v=BSAA0akmPEU
602,/data1/eunju/datasets/mathspeech/dataset/602.mp3,square root of 1 plus m squared,$\sqrt{1+m^{2}}$,https://www.youtube.com/watch?v=TpWQlKHPyJ4
997,/data1/eunju/datasets/mathspeech/dataset/997.mp3, f sub x is two xy,$f_{x}=2xy$,https://www.youtube.com/watch?v=seO7-TwXH_I
100,/data1/eunju/datasets/mathspeech/dataset/100.mp3,1 minus cosine x over x,$\frac{1 - \cos x}{x}$,https://www.youtube.com/watch?v=ryLdyDrBfvI
815,/data1/eunju/datasets/mathspeech/dataset/815.mp3,x sub u times du plus x sub v times dv,$x_{u}du+x_{v}dv$,https://www.youtube.com/watch?v=7eZVshlT33Q
232,/data1/eunju/datasets/mathspeech/dataset/232.mp3,minus y squared divided by 4y cubed plus 2xy,$-\frac{y^{2}}{4y^{3}+2xy}$,https://www.youtube.com/watch?v=5q_3FDOkVRQ
680,/data1/eunju/datasets/mathspeech/dataset/680.mp3,one over x to the power p,$\frac{1}{x^{p}}$,https://www.youtube.com/watch?v=KhwQKE_tld0
838,/data1/eunju/datasets/mathspeech/dataset/838.mp3,lambda squared equals four,$\lambda^{2}=4$,https://www.youtube.com/watch?v=15HVevXRsBA
700,/data1/eunju/datasets/mathspeech/dataset/700.mp3,sum 1 over n squared plus 1 square root,$\sum\frac{1}{\sqrt{n^{2} + 1}}$ ,https://www.youtube.com/watch?v=MK_0QHbUnIA
545,/data1/eunju/datasets/mathspeech/dataset/545.mp3,the integral of dx over x squared times the square root of 1 plus x squared,$\int\frac{dx}{x^{2}\sqrt{1+x^{2}}}$,https://www.youtube.com/watch?v=CXKoCMVqM9s
501,/data1/eunju/datasets/mathspeech/dataset/501.mp3,a half to the fourth power minus a half to the ninth power,$(1/2)^{4}-(1/2)^{9}$,https://www.youtube.com/watch?v=jBkXbAgMj6s
226,/data1/eunju/datasets/mathspeech/dataset/226.mp3,a minus one,$\mathsf{a}-1$,https://www.youtube.com/watch?v=5q_3FDOkVRQ
566,/data1/eunju/datasets/mathspeech/dataset/566.mp3,x minus one times x minus two times x plus five,$(x-1)(x-2)(x+5)$,https://www.youtube.com/watch?v=HgEqXhsIq_g
268,/data1/eunju/datasets/mathspeech/dataset/268.mp3,e to the x tan inverse x,$\mathrm{e}^{x}{\tan^{-1}x}$,https://www.youtube.com/watch?v=eHJuAByQf5A
976,/data1/eunju/datasets/mathspeech/dataset/976.mp3,z equals x squared plus y squared ,$z=x^{2}+y^{2}$,https://www.youtube.com/watch?v=WfEQabCGAqI
671,/data1/eunju/datasets/mathspeech/dataset/671.mp3,cosine x minus 1 divided by x squared,$(\cos x-1)/x^{2}$,https://www.youtube.com/watch?v=PNTnmH6jsRI
60,/data1/eunju/datasets/mathspeech/dataset/60.mp3,pi times x to the pi minus 1,$\pi x^{\pi - 1}$,https://www.youtube.com/watch?v=wezQdmwolMU
733,/data1/eunju/datasets/mathspeech/dataset/733.mp3,minus one plus two t plus twice two plus t plus four times two minus three t,$-1+2t+2(2+t)+4(2-3t)$,https://www.youtube.com/watch?v=57jzPlxf4fk
513,/data1/eunju/datasets/mathspeech/dataset/513.mp3,minus u cubed over three,$-u^{3}\over 3$,https://www.youtube.com/watch?v=Bv9kVDcj7yo
500,/data1/eunju/datasets/mathspeech/dataset/500.mp3,1 minus e to the minus a squared,$1-e^{-a^{2}}$,https://www.youtube.com/watch?v=jBkXbAgMj6s
705,/data1/eunju/datasets/mathspeech/dataset/705.mp3, minus r less than x less than r,$-r<x<r$,https://www.youtube.com/watch?v=wOHrNt9ScYs
1075,/data1/eunju/datasets/mathspeech/dataset/1075.mp3,e to the i theta two,$e^{i\theta_{2}}$,https://www.youtube.com/watch?v=EQJBp6Ym-6A
985,/data1/eunju/datasets/mathspeech/dataset/985.mp3,four thirds pi a cubed,$\frac{4}{3}\pi a^{3}$,https://www.youtube.com/watch?v=WfEQabCGAqI
819,/data1/eunju/datasets/mathspeech/dataset/819.mp3,a one x plus a two y plus a three z equals c,$a_1x+a_2y+a_3z=c$,https://www.youtube.com/watch?v=2XraaWefBd8
44,/data1/eunju/datasets/mathspeech/dataset/44.mp3,cosine of theta to the fourth,$\cos(\theta^{4})$,https://www.youtube.com/watch?v=aeQA5d3gZTI 
42,/data1/eunju/datasets/mathspeech/dataset/42.mp3,dy dx times dx dw times dw d theta,$ \frac{dy}{dx} \times \frac{dx}{dw} \times \frac{dw}{d\theta} $,https://www.youtube.com/watch?v=aeQA5d3gZTI 
797,/data1/eunju/datasets/mathspeech/dataset/797.mp3, two over xy cubed,$\frac{2}{xy^{3}}$,https://www.youtube.com/watch?v=3_goGnJm5sA
763,/data1/eunju/datasets/mathspeech/dataset/763.mp3,f prime at x0 times delta x,$f^{\prime}(x_{0})\times\Delta x$,https://www.youtube.com/watch?v=dK3NEf13nPc
588,/data1/eunju/datasets/mathspeech/dataset/588.mp3,log x to the zero power dx,$\log x^{0}dx$,https://www.youtube.com/watch?v=aeXp1zC6Hls
744,/data1/eunju/datasets/mathspeech/dataset/744.mp3,F equals ma,$\mathcal{F}=\mathcal{ma}$,https://www.youtube.com/watch?v=0D4BbCa4gHo
139,/data1/eunju/datasets/mathspeech/dataset/139.mp3,r squared cosine squared theta,$r^{2}\cos^{2}\theta$,https://www.youtube.com/watch?v=60e4hdCi1D4
99,/data1/eunju/datasets/mathspeech/dataset/99.mp3,4 plus 3 divided by 4 squared plus 1,$\frac{4+3}{4^{2}+1}$,https://www.youtube.com/watch?v=ryLdyDrBfvI
928,/data1/eunju/datasets/mathspeech/dataset/928.mp3,integral from b to a of M of x and f2 of x dx,$\displaystyle \int_{b}^{a}M(x)(f_{2}(x))dx$,https://www.youtube.com/watch?v=tYdoS0tkAHA
112,/data1/eunju/datasets/mathspeech/dataset/112.mp3,x to the n times sine of x,$x^{n}\sin(x)$,https://www.youtube.com/watch?v=4sTKcvYMNxk
381,/data1/eunju/datasets/mathspeech/dataset/381.mp3,e to the x minus 1 plus x,$e^{x}-1+x$,https://www.youtube.com/watch?v=4Q37iOyBq44
665,/data1/eunju/datasets/mathspeech/dataset/665.mp3, x to the 10th minus 1,$x^{10}-1$,https://www.youtube.com/watch?v=PNTnmH6jsRI
266,/data1/eunju/datasets/mathspeech/dataset/266.mp3,minus v to the minus 2 times v prime,$-v^{-2}v^{\prime}$,https://www.youtube.com/watch?v=eHJuAByQf5A
724,/data1/eunju/datasets/mathspeech/dataset/724.mp3,two over the square root of pi ,$2/\sqrt{\pi}$,https://www.youtube.com/watch?v=--lPz7VFnKI
919,/data1/eunju/datasets/mathspeech/dataset/919.mp3,y cubed plus 4x1 squared y ,$y^{3}+4x_1^{2}y$,https://www.youtube.com/watch?v=z5TPjZrsp2k
438,/data1/eunju/datasets/mathspeech/dataset/438.mp3,minus cosine 2pi,$-\cos2\pi$,https://www.youtube.com/watch?v=1RLctDS2hUQ
16,/data1/eunju/datasets/mathspeech/dataset/16.mp3,two pi r e to the minus r squared dr,$2\pi r e^{-r^2} dr$ ,https://www.youtube.com/watch?v=zUEuKrxgHws 
65,/data1/eunju/datasets/mathspeech/dataset/65.mp3,x squared times natural log of e,$x^{2}\cdot\ln e$,https://www.youtube.com/watch?v=wezQdmwolMU
285,/data1/eunju/datasets/mathspeech/dataset/285.mp3,y equals one minus a half x squared,$y=1-\frac{1}{2}x^{2}$,https://www.youtube.com/watch?v=BSAA0akmPEU
531,/data1/eunju/datasets/mathspeech/dataset/531.mp3,a squared theta zero divided by two plus b times the square root of a squared minus b squared over two,${a^{2}\theta_{0}\over 2}+{b\sqrt{a^{2} - b^{2}}\over 2}$,https://www.youtube.com/watch?v=Bv9kVDcj7yo
1078,/data1/eunju/datasets/mathspeech/dataset/1078.mp3,e to the i theta one plus theta two,$e^{i(\theta_{1}+\theta_{2})}$,https://www.youtube.com/watch?v=EQJBp6Ym-6A
672,/data1/eunju/datasets/mathspeech/dataset/672.mp3,sine of five x divided by sine of 2x,$\sin(5x)/\sin(2x)$,https://www.youtube.com/watch?v=PNTnmH6jsRI
127,/data1/eunju/datasets/mathspeech/dataset/127.mp3,square root of 13 plus one is square root of 14,$\sqrt{{13}+1}=\sqrt{14}$,https://www.youtube.com/watch?v=PxCxlsl_YwY
980,/data1/eunju/datasets/mathspeech/dataset/980.mp3,delta S is going to be one over cosine alpha,$\Delta S=\frac{1}{\cos\alpha}$,https://www.youtube.com/watch?v=WfEQabCGAqI
1008,/data1/eunju/datasets/mathspeech/dataset/1008.mp3,u minus expected value of r over u minus x,$\displaystyle u - \operatorname*{\mathbb{E}}\left[r\right]\over{u-x}$,https://www.youtube.com/watch?v=q4mwO2qS2z4
893,/data1/eunju/datasets/mathspeech/dataset/893.mp3,the integral along C of F dot dr,$\int_{C}\mathbf{F}\cdot d\mathbf{r}$,https://www.youtube.com/watch?v=xrypSZU8cBE
630,/data1/eunju/datasets/mathspeech/dataset/630.mp3,the square root of 4 cosine squared t plus sine squared t,$\sqrt{4\cos^{2}t+\sin^{2}t}$,https://www.youtube.com/watch?v=XRkgBWbWvg4
36,/data1/eunju/datasets/mathspeech/dataset/36.mp3,x equals minus pi over three,$x = -\frac{\pi}{3}$,https://www.youtube.com/watch?v=Bb-bgJdOqig
114,/data1/eunju/datasets/mathspeech/dataset/114.mp3,delta of uv divided by delta x,$\frac{\Delta (uv)}{\Delta x}$,https://www.youtube.com/watch?v=4sTKcvYMNxk
21,/data1/eunju/datasets/mathspeech/dataset/21.mp3,minus b squared times the integral from minus infinity to infinity of e to the minus x squared dx,"$\displaystyle -b^2 \int_{-\infty}^{\infty} e^{-x^2} \, dx$",https://www.youtube.com/watch?v=zUEuKrxgHws 
276,/data1/eunju/datasets/mathspeech/dataset/276.mp3,y equals one plus x,$\displaystyle y=1+x$,https://www.youtube.com/watch?v=BSAA0akmPEU
679,/data1/eunju/datasets/mathspeech/dataset/679.mp3, x to the 5th over x to the 4th,$\frac{x^{5}}{x^{4}}$,https://www.youtube.com/watch?v=PNTnmH6jsRI
267,/data1/eunju/datasets/mathspeech/dataset/267.mp3,x to the ten plus eight x,$x^{10}+8x$,https://www.youtube.com/watch?v=eHJuAByQf5A
464,/data1/eunju/datasets/mathspeech/dataset/464.mp3,square root of pi over 2,$\sqrt{\pi}/{2}$,https://www.youtube.com/watch?v=_JXPe2J069c
148,/data1/eunju/datasets/mathspeech/dataset/148.mp3,four a to the four cosine to the four theta,$4a^4\cos^{4}\theta$,https://www.youtube.com/watch?v=60e4hdCi1D4
539,/data1/eunju/datasets/mathspeech/dataset/539.mp3,du is minus the sine of x dx,$\mathrm{d}u = -\mathrm{\sin(x)}\mathrm{d}x$,https://www.youtube.com/watch?v=CXKoCMVqM9s
437,/data1/eunju/datasets/mathspeech/dataset/437.mp3,integral from 0 to 2pi of sine x dx,$\int_{0}^{2\pi}\sin xdx$,https://www.youtube.com/watch?v=1RLctDS2hUQ
40,/data1/eunju/datasets/mathspeech/dataset/40.mp3,cosine x cosine x is cosine squared x,$\cos x \cos x = \cos^{2}x$,https://www.youtube.com/watch?v=55ncRlBZstA
314,/data1/eunju/datasets/mathspeech/dataset/314.mp3,1 over log 0 plus minus 1 over log 0 plus squared,$\displaystyle \frac{1}{\log(0^{+})}-\frac{1}{(\log(0^{+}))^{2}}$,https://www.youtube.com/watch?v=twzGBqPeW0M
487,/data1/eunju/datasets/mathspeech/dataset/487.mp3,1 over b minus a the integral from a to b f of x dx,$\displaystyle \frac{1}{b-a}\int_{a}^{b}f(x)dx$,https://www.youtube.com/watch?v=R9a_NHXrBcg
918,/data1/eunju/datasets/mathspeech/dataset/918.mp3, four thirds x one cubed,$\frac{4}{3}x_{1}^{3}$,https://www.youtube.com/watch?v=z5TPjZrsp2k
497,/data1/eunju/datasets/mathspeech/dataset/497.mp3,minus pi e to the minus r squared,$-\pi e^{-r^{2}}$,https://www.youtube.com/watch?v=jBkXbAgMj6s
427,/data1/eunju/datasets/mathspeech/dataset/427.mp3,b cubed over n cubed,$\frac{b^{3}}{n^{3}}$,https://www.youtube.com/watch?v=hjZhPczMkL4
111,/data1/eunju/datasets/mathspeech/dataset/111.mp3,n x to the n minus 1,$nx^{n-1}$,https://www.youtube.com/watch?v=4sTKcvYMNxk
310,/data1/eunju/datasets/mathspeech/dataset/310.mp3,e divided by log e,$e/\log e$,https://www.youtube.com/watch?v=twzGBqPeW0M
434,/data1/eunju/datasets/mathspeech/dataset/434.mp3,b cubed over 3 minus a cubed over 3,$\frac{b^{3}}{3}-\frac{a^{3}}{3}$,https://www.youtube.com/watch?v=1RLctDS2hUQ
637,/data1/eunju/datasets/mathspeech/dataset/637.mp3,r equals one over sine theta,$r=1/\sin\theta$,https://www.youtube.com/watch?v=XRkgBWbWvg4
334,/data1/eunju/datasets/mathspeech/dataset/334.mp3,a divided by v to the 2 3rds,$\frac{a}{v^{2/3}}$,https://www.youtube.com/watch?v=YN7k_bXXggY
907,/data1/eunju/datasets/mathspeech/dataset/907.mp3,2pi a squared,$2\pi a^{2}$,https://www.youtube.com/watch?v=xrypSZU8cBE
483,/data1/eunju/datasets/mathspeech/dataset/483.mp3,x equals square root a,$x=\sqrt{a}$,https://www.youtube.com/watch?v=ShGBRUx2ub8
575,/data1/eunju/datasets/mathspeech/dataset/575.mp3,d by dx of natrual log of x squared plus 1 is 2x over x squared plus 1,$\frac{d}{dx}(\ln(x^{2}+1))=\frac{2x}{x^{2}+1}$,https://www.youtube.com/watch?v=HgEqXhsIq_g
616,/data1/eunju/datasets/mathspeech/dataset/616.mp3,the square root of a squared over a squared minus x squared dx,$\sqrt{\frac{a^{2}}{a^{2}-x^{2}}}dx$,https://www.youtube.com/watch?v=TpWQlKHPyJ4
877,/data1/eunju/datasets/mathspeech/dataset/877.mp3,pi a to the 4 over 2,$\frac{\pi a^{4}}{2}$,https://www.youtube.com/watch?v=60e4hdCi1D4
787,/data1/eunju/datasets/mathspeech/dataset/787.mp3, f of x equals x to the five,$f(x)=x^{5}$,https://www.youtube.com/watch?v=3_goGnJm5sA
814,/data1/eunju/datasets/mathspeech/dataset/814.mp3, minus u over v squared times dv dt,$-\frac{u}{v^{2}}\frac{dv}{dt}$,https://www.youtube.com/watch?v=7eZVshlT33Q
466,/data1/eunju/datasets/mathspeech/dataset/466.mp3,2 over the square root of pi,$\frac{2}{\sqrt{\pi}}$,https://www.youtube.com/watch?v=_JXPe2J069c
567,/data1/eunju/datasets/mathspeech/dataset/567.mp3,x plus five,$\displaystyle x+5$,https://www.youtube.com/watch?v=HgEqXhsIq_g
373,/data1/eunju/datasets/mathspeech/dataset/373.mp3,one minus a half,$1-\frac{1}{2}$,https://www.youtube.com/watch?v=sRIDVAcoG5A
989,/data1/eunju/datasets/mathspeech/dataset/989.mp3,dy will be 2t dt,$\displaystyle \mathrm{d}\mathrm{y}=2{t}{\mathrm{d}t}$,https://www.youtube.com/watch?v=seO7-TwXH_I
646,/data1/eunju/datasets/mathspeech/dataset/646.mp3, integral from minus pi over two pi over two cosine squared theta d theta,$\displaystyle \int_{-\frac{\pi}{2}}^{\frac{\pi}{2}}\cos^{2}\theta d\theta$,https://www.youtube.com/watch?v=BGE3wb7H2PA
707,/data1/eunju/datasets/mathspeech/dataset/707.mp3, a1 x squared over 2,$\frac{\mathbb{a_1} x^{2}}{2}$,https://www.youtube.com/watch?v=wOHrNt9ScYs
319,/data1/eunju/datasets/mathspeech/dataset/319.mp3,e squared over two,$\frac{e^{2}}{2}$,https://www.youtube.com/watch?v=twzGBqPeW0M
403,/data1/eunju/datasets/mathspeech/dataset/403.mp3,1 24 x to the 4th plus 2 to the power 6 plus c,$\frac{1}{24}x^{4}+2^{6}+c$,https://www.youtube.com/watch?v=-MI0b4h3rS0
18,/data1/eunju/datasets/mathspeech/dataset/18.mp3,square root of pi over 2,$\frac{\sqrt{\pi}}{2}$,https://www.youtube.com/watch?v=zUEuKrxgHws 
269,/data1/eunju/datasets/mathspeech/dataset/269.mp3,x divided by 1 plus x squared,$\frac{x}{1+x^{2}}$,https://www.youtube.com/watch?v=eHJuAByQf5A
204,/data1/eunju/datasets/mathspeech/dataset/204.mp3,1 over n squared plus 1 square root,$\frac{1}{n^{2} + 1}$,https://www.youtube.com/watch?v=MK_0QHbUnIA
432,/data1/eunju/datasets/mathspeech/dataset/432.mp3,i over 365 f of t dt,$\displaystyle \frac{i}{365}f(t)dt$,https://www.youtube.com/watch?v=hjZhPczMkL4
131,/data1/eunju/datasets/mathspeech/dataset/131.mp3,cosine theta is PQ dot PR over length PQ length PR,$\cos(\theta) = \frac{{\mathsf{PQ} \cdot \mathsf{PR}}}{{|\mathsf{PQ}| \cdot |\mathsf{PR}|}}$,https://www.youtube.com/watch?v=PxCxlsl_YwY
401,/data1/eunju/datasets/mathspeech/dataset/401.mp3,f of x equals g of x plus a constant,$f(x)=g(x)+\text{constant}$,https://www.youtube.com/watch?v=-MI0b4h3rS0
614,/data1/eunju/datasets/mathspeech/dataset/614.mp3, x squared over a squared minus x squared,$x^{2}/a^{2}-x^{2}$,https://www.youtube.com/watch?v=TpWQlKHPyJ4
361,/data1/eunju/datasets/mathspeech/dataset/361.mp3,x squared equals 5,$\displaystyle x^{2}=5$,https://www.youtube.com/watch?v=sRIDVAcoG5A
678,/data1/eunju/datasets/mathspeech/dataset/678.mp3,1 over 1 over x,$\frac{1}{1/x}$,https://www.youtube.com/watch?v=PNTnmH6jsRI
408,/data1/eunju/datasets/mathspeech/dataset/408.mp3,x e to the minus x squared,$xe^{-x^{2}}$,https://www.youtube.com/watch?v=-MI0b4h3rS0
690,/data1/eunju/datasets/mathspeech/dataset/690.mp3,y equals 1 over x,$y=\frac{1}{x}$,https://www.youtube.com/watch?v=MK_0QHbUnIA
615,/data1/eunju/datasets/mathspeech/dataset/615.mp3,square root a squared minus x squared,$\sqrt{a^{2}-x^{2}}$,https://www.youtube.com/watch?v=TpWQlKHPyJ4
13,/data1/eunju/datasets/mathspeech/dataset/13.mp3,a half times one plus two thirds plus a half times a half,$1/2\cdot1+2/3+1/2\cdot1/2$,https://www.youtube.com/watch?v=zUEuKrxgHws 
779,/data1/eunju/datasets/mathspeech/dataset/779.mp3,a times x squared plus b over a xy,$a(x^{2}+\frac{b}{a}xy)$,https://www.youtube.com/watch?v=3_goGnJm5sA
831,/data1/eunju/datasets/mathspeech/dataset/831.mp3,f sub y is 2y ,$f_{y}=2{y}$,https://www.youtube.com/watch?v=15HVevXRsBA
520,/data1/eunju/datasets/mathspeech/dataset/520.mp3,a quarter minus one eighth,$\frac{1}{4}-\frac{1}{8}$,https://www.youtube.com/watch?v=Bv9kVDcj7yo
322,/data1/eunju/datasets/mathspeech/dataset/322.mp3,x squared over 16,$x^{2}/16$,https://www.youtube.com/watch?v=YN7k_bXXggY
216,/data1/eunju/datasets/mathspeech/dataset/216.mp3,f of x y equals one minus x squared minus y squared,"$f(x,y)=1-x^{2}-y^{2}$",https://www.youtube.com/watch?v=dK3NEf13nPc
596,/data1/eunju/datasets/mathspeech/dataset/596.mp3,the integral of 2 pi x e minus e to the x dx,$\int2\pi x (e - e^x)dx$,https://www.youtube.com/watch?v=aeXp1zC6Hls
984,/data1/eunju/datasets/mathspeech/dataset/984.mp3,P sub x plus Q sub y plus R sub z,$P_{x}+Q_{y}+R_{z}$ ,https://www.youtube.com/watch?v=WfEQabCGAqI
932,/data1/eunju/datasets/mathspeech/dataset/932.mp3,minus yi plus xj over x squared plus y squared,$\frac{-yi+{xj}}{x^{2}+y^{2}}$,https://www.youtube.com/watch?v=PnPIqh7Frlw
538,/data1/eunju/datasets/mathspeech/dataset/538.mp3,u equals the cosine of x,$u=\cos {x}$,https://www.youtube.com/watch?v=CXKoCMVqM9s
365,/data1/eunju/datasets/mathspeech/dataset/365.mp3,x1 is equal to x0 minus y0 divided by m,$x_{1}=x_{0}-\frac{y_{0}}{m}$,https://www.youtube.com/watch?v=sRIDVAcoG5A
506,/data1/eunju/datasets/mathspeech/dataset/506.mp3,cosine of two theta is cosine square root of theta minus the sine squre root of theta,$\cos(2\theta)=\cos^{2}(\theta)-\sin^{2}(\theta)$,https://www.youtube.com/watch?v=Bv9kVDcj7yo
647,/data1/eunju/datasets/mathspeech/dataset/647.mp3, cosine 2 theta divided by 2,$\cos2\theta \over 2$,https://www.youtube.com/watch?v=BGE3wb7H2PA
479,/data1/eunju/datasets/mathspeech/dataset/479.mp3,pi times ax squared,$\pi ax^{2}$,https://www.youtube.com/watch?v=ShGBRUx2ub8
903,/data1/eunju/datasets/mathspeech/dataset/903.mp3,F dot t dS,$(F\cdot t dS)$,https://www.youtube.com/watch?v=xrypSZU8cBE
992,/data1/eunju/datasets/mathspeech/dataset/992.mp3,xy is t to the five,$xy=t^{5}$,https://www.youtube.com/watch?v=seO7-TwXH_I
270,/data1/eunju/datasets/mathspeech/dataset/270.mp3,the limit as delta x goes to 0 of f of x plus delta x minus f of x divided by delta x,$\displaystyle \lim_{\Delta x\to 0}\frac{f(x+\Delta x)-f(x)}{\Delta x}$,https://www.youtube.com/watch?v=eHJuAByQf5A
523,/data1/eunju/datasets/mathspeech/dataset/523.mp3,y equals a sin theta,$y=a\sin \theta$,https://www.youtube.com/watch?v=Bv9kVDcj7yo
101,/data1/eunju/datasets/mathspeech/dataset/101.mp3,the limit of 1 minus cosine x divided by x x goes to 0 is 0,$\lim_{x \to 0} \frac{1 - \cos x}{x} = 0$,https://www.youtube.com/watch?v=ryLdyDrBfvI
197,/data1/eunju/datasets/mathspeech/dataset/197.mp3,1 plus a plus a squared,$1+a+a^{2}$,https://www.youtube.com/watch?v=MK_0QHbUnIA
1038,/data1/eunju/datasets/mathspeech/dataset/1038.mp3,cosine omega t plus three sine omega t,$\cos\omega t+3\sin\omega t$,https://www.youtube.com/watch?v=fkGAF5jHjdY
720,/data1/eunju/datasets/mathspeech/dataset/720.mp3, 1 minus t plus t squared minus t cubed ,$1-t+t^{2}-t^{3}$,https://www.youtube.com/watch?v=--lPz7VFnKI
536,/data1/eunju/datasets/mathspeech/dataset/536.mp3,one over cosine squared of x which is secant squared, $1/\cos^{2}(x) = \sec^{2}(x)$,https://www.youtube.com/watch?v=CXKoCMVqM9s
469,/data1/eunju/datasets/mathspeech/dataset/469.mp3,y equals x minus 2,$\displaystyle y=x-2$,https://www.youtube.com/watch?v=_JXPe2J069c
335,/data1/eunju/datasets/mathspeech/dataset/335.mp3,2 to the 1 3rd v to the 1 3rd divided by 2 to the minus 2 3rds v to the 1 3rd,$2^{1/3}v^{1/3}\over 2^{-2/3}v^{1/3}$,https://www.youtube.com/watch?v=YN7k_bXXggY
977,/data1/eunju/datasets/mathspeech/dataset/977.mp3,partial r over partial u times delta u,$\displaystyle \frac{\partial r}{\partial u}\cdot\Delta u$,https://www.youtube.com/watch?v=WfEQabCGAqI
622,/data1/eunju/datasets/mathspeech/dataset/622.mp3,the square root of minus a sine t squared plus a cosine t squared dt,"$\displaystyle \sqrt{-a\sin^{2}(t)+a\cos^{2}(t)}\,dt$",https://www.youtube.com/watch?v=XRkgBWbWvg4
163,/data1/eunju/datasets/mathspeech/dataset/163.mp3,theta minus theta cubed over six,$\theta-\frac{\theta^{3}}{6}$,https://www.youtube.com/watch?v=57jzPlxf4fk
537,/data1/eunju/datasets/mathspeech/dataset/537.mp3,one over the cosine times the tangent of x,${1\over\cos(x)}\tan(x)$,https://www.youtube.com/watch?v=CXKoCMVqM9s
223,/data1/eunju/datasets/mathspeech/dataset/223.mp3,x to the m minus one,$\mathcal{x}^{m-1}$,https://www.youtube.com/watch?v=5q_3FDOkVRQ
623,/data1/eunju/datasets/mathspeech/dataset/623.mp3,the square root of a squared ,$(\sqrt{a^{2}})$,https://www.youtube.com/watch?v=XRkgBWbWvg4
66,/data1/eunju/datasets/mathspeech/dataset/66.mp3,natural log of e is equal to 1,$\ln(e)=1$,https://www.youtube.com/watch?v=wezQdmwolMU
897,/data1/eunju/datasets/mathspeech/dataset/897.mp3,M dx plus N dy,"$M\,dx+N\,dy$",https://www.youtube.com/watch?v=xrypSZU8cBE
758,/data1/eunju/datasets/mathspeech/dataset/758.mp3,z equals f of x y,"${z}=f(x,y)$",https://www.youtube.com/watch?v=dK3NEf13nPc
625,/data1/eunju/datasets/mathspeech/dataset/625.mp3,d over dt squared,$(\frac{d}{dt})^{2}$,https://www.youtube.com/watch?v=XRkgBWbWvg4
409,/data1/eunju/datasets/mathspeech/dataset/409.mp3,sine x cosine x dx,$\sin x\cos xdx$,https://www.youtube.com/watch?v=-MI0b4h3rS0
542,/data1/eunju/datasets/mathspeech/dataset/542.mp3,secant squared is one plus tangent squared,$\displaystyle \sec^2 = 1 + \tan^{2}$,https://www.youtube.com/watch?v=CXKoCMVqM9s
262,/data1/eunju/datasets/mathspeech/dataset/262.mp3,u times r divided by x,$u\times\mathbb{r}/x$,https://www.youtube.com/watch?v=eHJuAByQf5A
691,/data1/eunju/datasets/mathspeech/dataset/691.mp3, y equals one over x to the one-half,$\operatorname{y}=\frac{1}{x^{1/2}}$,https://www.youtube.com/watch?v=MK_0QHbUnIA
528,/data1/eunju/datasets/mathspeech/dataset/528.mp3,the arcsine of y over a divided by two,$\frac{\arcsin(\frac{y}{a})}{2}$.,https://www.youtube.com/watch?v=Bv9kVDcj7yo
341,/data1/eunju/datasets/mathspeech/dataset/341.mp3,8 minus 8y equals 0,$8-8y=0.$,https://www.youtube.com/watch?v=YN7k_bXXggY
426,/data1/eunju/datasets/mathspeech/dataset/426.mp3,b over n times i b over n squared,$\frac{b}{n}\times(\frac{ib}{n})^{2}$,https://www.youtube.com/watch?v=hjZhPczMkL4
534,/data1/eunju/datasets/mathspeech/dataset/534.mp3,the tangent of x is sine x divided by cosine x,$\tan(x)=\sin(x)/\cos(x)$,https://www.youtube.com/watch?v=CXKoCMVqM9s
71,/data1/eunju/datasets/mathspeech/dataset/71.mp3,natural log of e to the x is x,$\ln(e^{x}) = x$,https://www.youtube.com/watch?v=9YgOmJdom6o 
257,/data1/eunju/datasets/mathspeech/dataset/257.mp3,one plus one over n to the power n,$(1+\frac{1}{n})^{n}$,https://www.youtube.com/watch?v=9v25gg2qJYE
470,/data1/eunju/datasets/mathspeech/dataset/470.mp3,y squared minus y minus 2 is equal to 0,$y^{2}-y-2~{}=~{}0$,https://www.youtube.com/watch?v=_JXPe2J069c
714,/data1/eunju/datasets/mathspeech/dataset/714.mp3,1 over 2 factorial times x squared plus 1 over 3 factorial times x cubed ,$\displaystyle{1\over2!}x^{2}+{1\over3!}x^{3}$,https://www.youtube.com/watch?v=--lPz7VFnKI
780,/data1/eunju/datasets/mathspeech/dataset/780.mp3,b squared over 4a y squared,$\frac{b^2}{4a}y^{2}$,https://www.youtube.com/watch?v=3_goGnJm5sA
562,/data1/eunju/datasets/mathspeech/dataset/562.mp3,a times x minus 1 times x plus 2,$a(x-1)(x+2)$,https://www.youtube.com/watch?v=HgEqXhsIq_g
738,/data1/eunju/datasets/mathspeech/dataset/738.mp3,t squared over two ,$\frac{t^{2}}{2}$,https://www.youtube.com/watch?v=57jzPlxf4fk
435,/data1/eunju/datasets/mathspeech/dataset/435.mp3,minus cosine pi,$-\cos\pi$,https://www.youtube.com/watch?v=1RLctDS2hUQ
356,/data1/eunju/datasets/mathspeech/dataset/356.mp3,b minus y,$\mathcal{b}{-}y$,https://www.youtube.com/watch?v=sRIDVAcoG5A
230,/data1/eunju/datasets/mathspeech/dataset/230.mp3,y to the fourth plus xy squared minus two is equal to zero,$y^{4}+xy^{2}-2=0$,https://www.youtube.com/watch?v=5q_3FDOkVRQ
1079,/data1/eunju/datasets/mathspeech/dataset/1079.mp3,e to the negative x cosine x,$e^{-x}\cos x$,https://www.youtube.com/watch?v=EQJBp6Ym-6A
377,/data1/eunju/datasets/mathspeech/dataset/377.mp3,the interval a less than x less than b,$[a<x<b]$,https://www.youtube.com/watch?v=4Q37iOyBq44
603,/data1/eunju/datasets/mathspeech/dataset/603.mp3, the integral from 0 to 10 of the square root of 1 plus m squared dx,$\int_{0}^{10}\sqrt{1+m^{2}}dx$,https://www.youtube.com/watch?v=TpWQlKHPyJ4
927,/data1/eunju/datasets/mathspeech/dataset/927.mp3,y equals f2 of x,$y =\mathcal{f}_{2}(x)$,https://www.youtube.com/watch?v=tYdoS0tkAHA
120,/data1/eunju/datasets/mathspeech/dataset/120.mp3,10 times sine of t raised to the 9th power,$10 \sin^{9}(t)$,https://www.youtube.com/watch?v=4sTKcvYMNxk
990,/data1/eunju/datasets/mathspeech/dataset/990.mp3,the integral of yz dx plus xz dy plus xy dz,"$\int yz\,dx+xz\,dy+xy\,dz$",https://www.youtube.com/watch?v=seO7-TwXH_I
239,/data1/eunju/datasets/mathspeech/dataset/239.mp3,one over 1 plus x squared,$\frac{1}{1+x^{2}}$,https://www.youtube.com/watch?v=5q_3FDOkVRQ
921,/data1/eunju/datasets/mathspeech/dataset/921.mp3,4 x squared plus 8xy,$4x^{2}+8xy$,https://www.youtube.com/watch?v=z5TPjZrsp2k
91,/data1/eunju/datasets/mathspeech/dataset/91.mp3,minus 1 over x0 plus delta x times x0,$\displaystyle-\frac{1}{x_{0} + \Delta x x_{0}}$,https://www.youtube.com/watch?v=7K1sB05pE0A
161,/data1/eunju/datasets/mathspeech/dataset/161.mp3,x of theta is theta minus sine theta,$x(\theta) = \theta-\sin \theta$,https://www.youtube.com/watch?v=57jzPlxf4fk
894,/data1/eunju/datasets/mathspeech/dataset/894.mp3,negative t squared plus 2t squared,$-t^{2}+2t^{2}$,https://www.youtube.com/watch?v=xrypSZU8cBE
546,/data1/eunju/datasets/mathspeech/dataset/546.mp3,minus one over u plus a constant,$-\frac{1}{u}+\text{const.}$,https://www.youtube.com/watch?v=CXKoCMVqM9s
165,/data1/eunju/datasets/mathspeech/dataset/165.mp3,square root of one minus cosine t squared plus sine squared t,$\sqrt{1-\cos^{2}t+\sin^{2}t}$,https://www.youtube.com/watch?v=0D4BbCa4gHo
222,/data1/eunju/datasets/mathspeech/dataset/222.mp3,n y to the n minus 1 ,$(ny^{n-1})$,https://www.youtube.com/watch?v=5q_3FDOkVRQ
39,/data1/eunju/datasets/mathspeech/dataset/39.mp3,negative sine x times x squared times the sine x,$- \sin x \cdot x^{2} \cdot \sin x$,https://www.youtube.com/watch?v=55ncRlBZstA
608,/data1/eunju/datasets/mathspeech/dataset/608.mp3,sine inverse of a,$\sin^{-1}(a)$,https://www.youtube.com/watch?v=TpWQlKHPyJ4
251,/data1/eunju/datasets/mathspeech/dataset/251.mp3, The derivative with respect to x of 2 to the x is log 2 times 2 to the x,$\frac{d}{dx}(2^{x})=\log{2}(2^{x})$,https://www.youtube.com/watch?v=9v25gg2qJYE
371,/data1/eunju/datasets/mathspeech/dataset/371.mp3,9 4ths plus 5 halves times 4 9ths,$(9/4+5/2)\times(4/9)$,https://www.youtube.com/watch?v=sRIDVAcoG5A
576,/data1/eunju/datasets/mathspeech/dataset/576.mp3,x cubed plus x squared minus 2x,$x^{3}+x^{2}-2x$,https://www.youtube.com/watch?v=HgEqXhsIq_g
551,/data1/eunju/datasets/mathspeech/dataset/551.mp3,x squared plus 4x is u squared minus 4,$x^{2}+4x=u^{2}-4$,https://www.youtube.com/watch?v=CXKoCMVqM9s
170,/data1/eunju/datasets/mathspeech/dataset/170.mp3,uv prime equals u prime v plus u v prime,$(uv)^{\prime}=u^{\prime}v+uv^{\prime}$,https://www.youtube.com/watch?v=0D4BbCa4gHo
231,/data1/eunju/datasets/mathspeech/dataset/231.mp3,four y cubed y prime,$4y^{3}y^{\prime}$,https://www.youtube.com/watch?v=5q_3FDOkVRQ
17,/data1/eunju/datasets/mathspeech/dataset/17.mp3,pi minus pi e to the minus r squared,$\pi - \pi e^{-r^2}$,https://www.youtube.com/watch?v=zUEuKrxgHws 
658,/data1/eunju/datasets/mathspeech/dataset/658.mp3,Ax plus b divided by x squared plus 2,$(Ax+b)/(x^{2}+2)$,https://www.youtube.com/watch?v=BGE3wb7H2PA
436,/data1/eunju/datasets/mathspeech/dataset/436.mp3,x of b minus x of a,$x(b)-x(a)$,https://www.youtube.com/watch?v=1RLctDS2hUQ
95,/data1/eunju/datasets/mathspeech/dataset/95.mp3,x to the n plus n x to the n minus 1 delta x,$x^{n}+nx^{n-1}\Delta x$,https://www.youtube.com/watch?v=7K1sB05pE0A
695,/data1/eunju/datasets/mathspeech/dataset/695.mp3,1 over 1 minus a,$\frac{1}{1-a}$,https://www.youtube.com/watch?v=MK_0QHbUnIA
391,/data1/eunju/datasets/mathspeech/dataset/391.mp3,dy is 1 3rd times 64 to the minus 2 3rds dx,$dy=\frac{1}{3}64^{-\frac{2}{3}}dx$,https://www.youtube.com/watch?v=-MI0b4h3rS0
540,/data1/eunju/datasets/mathspeech/dataset/540.mp3,sine x dx is minus du divided by u,$\sin xdx=-\frac{du}{u}$,https://www.youtube.com/watch?v=CXKoCMVqM9s
194,/data1/eunju/datasets/mathspeech/dataset/194.mp3,the integral from 1 to infinity dx over x, $\int_{1}^{\infty} \frac{dx}{x}$,https://www.youtube.com/watch?v=MK_0QHbUnIA
309,/data1/eunju/datasets/mathspeech/dataset/309.mp3,log x minus one divided by log x squared,$(\log (x)-1)/\log x^{2}$,https://www.youtube.com/watch?v=twzGBqPeW0M
278,/data1/eunju/datasets/mathspeech/dataset/278.mp3,r one plus x to the r minus 1,$(r\cdot{1+x}^{r-1})$,https://www.youtube.com/watch?v=BSAA0akmPEU
1001,/data1/eunju/datasets/mathspeech/dataset/1001.mp3,R sub y minus Q sub z times i plus P sub z minus R sub x times j ,$(R_{y}-Q_{z})i+(P_{z}-R_{x})j$,https://www.youtube.com/watch?v=seO7-TwXH_I
801,/data1/eunju/datasets/mathspeech/dataset/801.mp3,df equals f sub x dx plus f sub y dy plus f sub z dz,$df=f_{x}dx+f_{y}dy+f_{z}dz$,https://www.youtube.com/watch?v=7eZVshlT33Q
162,/data1/eunju/datasets/mathspeech/dataset/162.mp3,one minus theta squared over two,$1-\theta^{2}\over2$,https://www.youtube.com/watch?v=57jzPlxf4fk
529,/data1/eunju/datasets/mathspeech/dataset/529.mp3,a squared sine of theta cosine of theta,$a^{2}\sin(\theta)\cos(\theta)$,https://www.youtube.com/watch?v=Bv9kVDcj7yo
387,/data1/eunju/datasets/mathspeech/dataset/387.mp3,x to the fourth over four times three times two,$x^{4}\over{4\times3\times2}$,https://www.youtube.com/watch?v=4Q37iOyBq44
586,/data1/eunju/datasets/mathspeech/dataset/586.mp3,u prime is 2 log x times 1 over x,$u^{\prime}=2\log x\times 1/x$,https://www.youtube.com/watch?v=aeXp1zC6Hls
52,/data1/eunju/datasets/mathspeech/dataset/52.mp3,6 minus 16 over 4 minus 12,$\frac{6 - 16}{4 - 12}$,https://www.youtube.com/watch?v=fK6cu99OSEU
628,/data1/eunju/datasets/mathspeech/dataset/628.mp3,2 sine pi over 2,$2\sin\frac{\pi}{2}$,https://www.youtube.com/watch?v=XRkgBWbWvg4
138,/data1/eunju/datasets/mathspeech/dataset/138.mp3,one minus x squared minus y squared,$1-x^{2}-y^{2}$,https://www.youtube.com/watch?v=60e4hdCi1D4
830,/data1/eunju/datasets/mathspeech/dataset/830.mp3,f sub y equals lambda g sub y,$f_{y}=\lambda g_{y}$,https://www.youtube.com/watch?v=15HVevXRsBA
67,/data1/eunju/datasets/mathspeech/dataset/67.mp3,natural log of m times n is equal to the natural log of m plus natural log of n,$\ln(mn) = \ln(m) + \ln(n)$,https://www.youtube.com/watch?v=9YgOmJdom6o 
556,/data1/eunju/datasets/mathspeech/dataset/556.mp3,e of x divided by q of x,$\frac{e^x}{q(x)}$,https://www.youtube.com/watch?v=HgEqXhsIq_g
472,/data1/eunju/datasets/mathspeech/dataset/472.mp3,y equals x minus 2,$\displaystyle y=x-2$,https://www.youtube.com/watch?v=_JXPe2J069c
568,/data1/eunju/datasets/mathspeech/dataset/568.mp3,b over x minus 1 squared,$\frac{b}{(x-1)^{2}}$,https://www.youtube.com/watch?v=HgEqXhsIq_g
35,/data1/eunju/datasets/mathspeech/dataset/35.mp3,two times sine of x plus pi over three,$2\sin(x) + \frac{\pi}{3}$,https://www.youtube.com/watch?v=Bb-bgJdOqig
973,/data1/eunju/datasets/mathspeech/dataset/973.mp3, f of x plus delta x and y,"$f(x+\Delta x,y)$",https://www.youtube.com/watch?v=WfEQabCGAqI
813,/data1/eunju/datasets/mathspeech/dataset/813.mp3,one over v times du dt ,$\displaystyle \frac{1}{v}\frac{du}{dt}$ ,https://www.youtube.com/watch?v=7eZVshlT33Q
685,/data1/eunju/datasets/mathspeech/dataset/685.mp3, 1 over the square root of x cubed plus 3 ,$1/\sqrt{x^{3}+3}$,https://www.youtube.com/watch?v=KhwQKE_tld0
62,/data1/eunju/datasets/mathspeech/dataset/62.mp3,1 over cosine x,$\frac{1}{\cos x}$,https://www.youtube.com/watch?v=wezQdmwolMU
533,/data1/eunju/datasets/mathspeech/dataset/533.mp3,1 plus sine squared over cosine squared,$1 + \sin^{2}\over \cos^2$,https://www.youtube.com/watch?v=CXKoCMVqM9s
971,/data1/eunju/datasets/mathspeech/dataset/971.mp3,cosine squared phi sine phi d phi,$\cos^{2}\phi \sin\phi d\phi $,https://www.youtube.com/watch?v=phk05iSMezA
1037,/data1/eunju/datasets/mathspeech/dataset/1037.mp3,k sine omega t,$k\sin\omega t$,https://www.youtube.com/watch?v=fkGAF5jHjdY
339,/data1/eunju/datasets/mathspeech/dataset/339.mp3,4x times minus 2y over x,$4x\cdot-\frac{2y}{x}$,https://www.youtube.com/watch?v=YN7k_bXXggY
684,/data1/eunju/datasets/mathspeech/dataset/684.mp3,integral from 0 to 1 dx over square root of x squared plus 10,$\int_{0}^{1}\frac{dx}{\sqrt{x^{2}+10}}$,https://www.youtube.com/watch?v=KhwQKE_tld0
694,/data1/eunju/datasets/mathspeech/dataset/694.mp3,1 plus a plus a squared,$\mathrm{{1}+a+a^{2}}$,https://www.youtube.com/watch?v=MK_0QHbUnIA
572,/data1/eunju/datasets/mathspeech/dataset/572.mp3,x cubed plus one,$\mathcal{x}^3+{1}$,https://www.youtube.com/watch?v=HgEqXhsIq_g
607,/data1/eunju/datasets/mathspeech/dataset/607.mp3, x squared over 1 minus x squared,$\frac{x^{2}}{1-x^{2}}$,https://www.youtube.com/watch?v=TpWQlKHPyJ4
29,/data1/eunju/datasets/mathspeech/dataset/29.mp3,pi over 6 plus pi,$\frac{\pi}{6} + \pi$,https://www.youtube.com/watch?v=Bb-bgJdOqig
722,/data1/eunju/datasets/mathspeech/dataset/722.mp3,x equals minus t squared,$x=-t^{2}$,https://www.youtube.com/watch?v=--lPz7VFnKI
402,/data1/eunju/datasets/mathspeech/dataset/402.mp3,u is equal to x to the fourth plus two,$u=x^{4}+2$.,https://www.youtube.com/watch?v=-MI0b4h3rS0
113,/data1/eunju/datasets/mathspeech/dataset/113.mp3,u times v of x plus delta x,$uv(x + \Delta x)$,https://www.youtube.com/watch?v=4sTKcvYMNxk
72,/data1/eunju/datasets/mathspeech/dataset/72.mp3,1 half natural log x plus 1 half,$\frac{1}{2}\ln x + \frac{1}{2}$,https://www.youtube.com/watch?v=9YgOmJdom6o 
347,/data1/eunju/datasets/mathspeech/dataset/347.mp3,two fifths h,$\frac{2}{5}h$,https://www.youtube.com/watch?v=sRIDVAcoG5A
360,/data1/eunju/datasets/mathspeech/dataset/360.mp3,x divided by square root of x squared plus y squared ,$x/\sqrt{x^{2}+y^{2}}$,https://www.youtube.com/watch?v=sRIDVAcoG5A
421,/data1/eunju/datasets/mathspeech/dataset/421.mp3, n plus 1 cubed divided by n cubed,$(n+1)^{3}/n^{3}$,https://www.youtube.com/watch?v=hjZhPczMkL4
590,/data1/eunju/datasets/mathspeech/dataset/590.mp3,x to the n e to the x dx,$x^{n}e^{x}dx$,https://www.youtube.com/watch?v=aeXp1zC6Hls
23,/data1/eunju/datasets/mathspeech/dataset/23.mp3,pi x2 squared minus x1 squared,$\pi ({x_2}^{2} - {x_1}^{2})$,https://www.youtube.com/watch?v=zUEuKrxgHws 
240,/data1/eunju/datasets/mathspeech/dataset/240.mp3,d by dx of tan inverse x is equal to one over 1 plus x squared,$\frac{d}{dx}(tan^{-1}x)=\frac{1}{1 + x^{2}}$,https://www.youtube.com/watch?v=5q_3FDOkVRQ
519,/data1/eunju/datasets/mathspeech/dataset/519.mp3,a minus b times a plus b is a squared minus b squared,$(a-b)(a+b)= a^{2}-b^{2}$,https://www.youtube.com/watch?v=Bv9kVDcj7yo
633,/data1/eunju/datasets/mathspeech/dataset/633.mp3,2pi times 2sine t,$2\pi\cdot 2\sin t$,https://www.youtube.com/watch?v=XRkgBWbWvg4
281,/data1/eunju/datasets/mathspeech/dataset/281.mp3,one minus three x minus a half of x plus three halves x squared.,$1-3x-\frac{1}{2}x+\frac{3}{2}x^{2}$,https://www.youtube.com/watch?v=BSAA0akmPEU
584,/data1/eunju/datasets/mathspeech/dataset/584.mp3,x log x minus x plus c,$x\log x-x+C$,https://www.youtube.com/watch?v=aeXp1zC6Hls
709,/data1/eunju/datasets/mathspeech/dataset/709.mp3, a n is equal to f nth derivative divided by n factorial,$a_n\mathrel{\mathop{}}=\frac{f^{n}}{n!}$,https://www.youtube.com/watch?v=wOHrNt9ScYs
880,/data1/eunju/datasets/mathspeech/dataset/880.mp3, three halves of pi a to the fourth,$\frac{3}{2}(\pi a^{4})$,https://www.youtube.com/watch?v=60e4hdCi1D4
966,/data1/eunju/datasets/mathspeech/dataset/966.mp3,xi yj zk ,$\displaystyle xi+yj+zk$,https://www.youtube.com/watch?v=phk05iSMezA
605,/data1/eunju/datasets/mathspeech/dataset/605.mp3,square root of 1 plus y prime squared dx,$\sqrt{1+(y^{\prime})^2}dx$,https://www.youtube.com/watch?v=TpWQlKHPyJ4
627,/data1/eunju/datasets/mathspeech/dataset/627.mp3, 1 quarter of x squared plus y squared,$1/4(x^{2}+y^{2})$,https://www.youtube.com/watch?v=XRkgBWbWvg4
234,/data1/eunju/datasets/mathspeech/dataset/234.mp3, minus 1 squared divided by 4 times 1 cubed plus 2 times 1 times 1,$\frac{(-1)^2}{4\times1^{3}+2\times1\times1}$,https://www.youtube.com/watch?v=5q_3FDOkVRQ
896,/data1/eunju/datasets/mathspeech/dataset/896.mp3,dr dt times dt,$\frac{dr}{dt}\times dt$,https://www.youtube.com/watch?v=xrypSZU8cBE
515,/data1/eunju/datasets/mathspeech/dataset/515.mp3,u minus u cubed over 3,$u-\frac{u^{3}}{3}$,https://www.youtube.com/watch?v=Bv9kVDcj7yo
221,/data1/eunju/datasets/mathspeech/dataset/221.mp3,m x to the n minus one,$(mx^{m-1})$,https://www.youtube.com/watch?v=5q_3FDOkVRQ
323,/data1/eunju/datasets/mathspeech/dataset/323.mp3,the derivative of 1 minus x squared is 2 times 1 minus x times of minus 1,$\displaystyle \frac{d}{dx}\left(1-x\right)^{2}=2\left(1-x\right)(-1)$,https://www.youtube.com/watch?v=YN7k_bXXggY
656,/data1/eunju/datasets/mathspeech/dataset/656.mp3,dA dt is equal to a half r squared d theta dt,$\frac{dA}{dt}=\frac{1}{2}r^{2}\frac{d\theta}{dt}$,https://www.youtube.com/watch?v=BGE3wb7H2PA
913,/data1/eunju/datasets/mathspeech/dataset/913.mp3,dy becomes y prime of t dt,$dy=y^{\prime}(t)dt$,https://www.youtube.com/watch?v=o7UCBjGsRTE
96,/data1/eunju/datasets/mathspeech/dataset/96.mp3,n x to the n minus one,$nx^{n-1}$,https://www.youtube.com/watch?v=7K1sB05pE0A
143,/data1/eunju/datasets/mathspeech/dataset/143.mp3,r to the four over four, $\frac{r^4}{4}$,https://www.youtube.com/watch?v=60e4hdCi1D4
909,/data1/eunju/datasets/mathspeech/dataset/909.mp3, integral from 0 to 2pi of a squared times sine squared theta plus cosine squared theta d theta,$\displaystyle \int_{0}^{2\pi}a^{2}(\sin^{2}\theta+\cos^{2}\theta)d\theta$,https://www.youtube.com/watch?v=xrypSZU8cBE
1009,/data1/eunju/datasets/mathspeech/dataset/1009.mp3,1 over C squared plus 1,$\frac{1}{C^{2}+1}$,https://www.youtube.com/watch?v=q4mwO2qS2z4
134,/data1/eunju/datasets/mathspeech/dataset/134.mp3,OP dot A equals zero,$\mathsf{OP}\cdot \mathsf{A}=0$,https://www.youtube.com/watch?v=PxCxlsl_YwY
144,/data1/eunju/datasets/mathspeech/dataset/144.mp3,one-half m v squared,$\frac{1}{2}mv^{2}$,https://www.youtube.com/watch?v=60e4hdCi1D4
931,/data1/eunju/datasets/mathspeech/dataset/931.mp3,the double integral of P sub x plus Q sub y dA,$\iint(P_{x}+Q_{y})dA$ ,https://www.youtube.com/watch?v=_CdoRiNSrqI
122,/data1/eunju/datasets/mathspeech/dataset/122.mp3,D cubed x to the n,$D^{3}x^{n}$,https://www.youtube.com/watch?v=4sTKcvYMNxk
570,/data1/eunju/datasets/mathspeech/dataset/570.mp3,"1 squared divided by 1 squared plus 1,",$1^{2}/(1^{2}+1)$,https://www.youtube.com/watch?v=HgEqXhsIq_g
119,/data1/eunju/datasets/mathspeech/dataset/119.mp3,v to the minus 2 v prime minus v prime divided by v squared,$v^{-2}v^{\prime} - \frac{v^{\prime}}{v^2}$,https://www.youtube.com/watch?v=4sTKcvYMNxk
411,/data1/eunju/datasets/mathspeech/dataset/411.mp3,the integral of sine x cosine x dx is equal to negative a half cosine squared x plus c,$\int\sin x\cos xdx=-\frac{1}{2}\cos^{2}x+C$,https://www.youtube.com/watch?v=-MI0b4h3rS0
843,/data1/eunju/datasets/mathspeech/dataset/843.mp3,2x dx ,"$2x, \mathrm{d}x$",https://www.youtube.com/watch?v=23xbkrpQuAo
972,/data1/eunju/datasets/mathspeech/dataset/972.mp3,four thirds pi a cubed,$\frac{4}{3}\pi a^{3}$,https://www.youtube.com/watch?v=phk05iSMezA
983,/data1/eunju/datasets/mathspeech/dataset/983.mp3,z minus f of x y,"$z-f(x,y)$",https://www.youtube.com/watch?v=WfEQabCGAqI
624,/data1/eunju/datasets/mathspeech/dataset/624.mp3,delta x delta t squared plus delta y delta t the quantity squared,$\displaystyle (\frac{\Delta x}{\Delta t})^{2}+(\frac{\Delta y}{\Delta t})^{2}$,https://www.youtube.com/watch?v=XRkgBWbWvg4
826,/data1/eunju/datasets/mathspeech/dataset/826.mp3,gradient w dot u,$\nabla w \cdot \mathbf{u}$,https://www.youtube.com/watch?v=2XraaWefBd8
124,/data1/eunju/datasets/mathspeech/dataset/124.mp3,D to the n plus 1 applied to x to the n,$\mathcal{D}^{n+1}(x^{n})$,https://www.youtube.com/watch?v=4sTKcvYMNxk
22,/data1/eunju/datasets/mathspeech/dataset/22.mp3,integral from minus infinity to infinity e to the minus y squared dy,$\displaystyle \int_{-\infty}^{\infty} e^{-y^2} dy$,https://www.youtube.com/watch?v=zUEuKrxgHws 
505,/data1/eunju/datasets/mathspeech/dataset/505.mp3,2y n minus 2 4 yn 1 yn,$2y_{n - 2}+4y_{n - 1}+y_n$,https://www.youtube.com/watch?v=jBkXbAgMj6s
54,/data1/eunju/datasets/mathspeech/dataset/54.mp3,pi over two,$\frac{\pi}{2}$,https://www.youtube.com/watch?v=aYMt2ZVGd7g
53,/data1/eunju/datasets/mathspeech/dataset/53.mp3,d over dx of tan x is equal to secant squared of x,$\frac{\mathrm{d}}{\mathrm{dx}}(\tan x) = \mathrm{\sec^2(x)}$,https://www.youtube.com/watch?v=aYMt2ZVGd7g
404,/data1/eunju/datasets/mathspeech/dataset/404.mp3,the integral of u to the minus a half du,$\int u^{-\frac{1}{2}}\mathrm{d}u$,https://www.youtube.com/watch?v=-MI0b4h3rS0
225,/data1/eunju/datasets/mathspeech/dataset/225.mp3,minus one plus m over n,$-1+\frac{m}{n}$,https://www.youtube.com/watch?v=5q_3FDOkVRQ
905,/data1/eunju/datasets/mathspeech/dataset/905.mp3,xi plus yj,$x\mathbf{i}+y\mathbf{j}$,https://www.youtube.com/watch?v=xrypSZU8cBE
618,/data1/eunju/datasets/mathspeech/dataset/618.mp3, sine of pi over 2 is 1,$\sin\frac{\pi}{2}=1$,https://www.youtube.com/watch?v=TpWQlKHPyJ4
778,/data1/eunju/datasets/mathspeech/dataset/778.mp3,x squared plus 2xy,$x^{2}+2xy$,https://www.youtube.com/watch?v=3_goGnJm5sA
571,/data1/eunju/datasets/mathspeech/dataset/571.mp3, a times x squared plus 1,$ax^{2}+1$,https://www.youtube.com/watch?v=HgEqXhsIq_g
236,/data1/eunju/datasets/mathspeech/dataset/236.mp3,d by dy tan y times dy dx,$\displaystyle \frac{d}{dy}\tan(y)\frac{dy}{dx}$,https://www.youtube.com/watch?v=5q_3FDOkVRQ
664,/data1/eunju/datasets/mathspeech/dataset/664.mp3,x log x,$x\log{x}$,https://www.youtube.com/watch?v=PNTnmH6jsRI
674,/data1/eunju/datasets/mathspeech/dataset/674.mp3,a 3rd x to the minus 2 3rds,$\frac{1}{3}x^{-2/3}$,https://www.youtube.com/watch?v=PNTnmH6jsRI
235,/data1/eunju/datasets/mathspeech/dataset/235.mp3,tan inverse x is equal to pi over two,$\operatorname{\tan}^{-1}x=\frac{\pi}{2}$,https://www.youtube.com/watch?v=5q_3FDOkVRQ
987,/data1/eunju/datasets/mathspeech/dataset/987.mp3," partial u partial t is minus div F, which is therefore positive k times divergence of grad u",$\displaystyle \frac{\partial\mathbf{u}}{\partial t}=\operatorname{-\nabla}\mathbf{F}=k\operatorname{\nabla}(\operatorname{\nabla}\mathbf{u})$,https://www.youtube.com/watch?v=seO7-TwXH_I
920,/data1/eunju/datasets/mathspeech/dataset/920.mp3,f of x one and y one is four thirds x one cubed plus y one cubed plus four x one squared y one,"$\displaystyle f(x_{1},y_{1})=\frac{4}{3}x_{1}^{3}+y_{1}^{3}+4x_{1}^{2}y_{1}$",https://www.youtube.com/watch?v=z5TPjZrsp2k
785,/data1/eunju/datasets/mathspeech/dataset/785.mp3,u equals x plus b over two ay,$u =x+\frac{b}{2a}y$ ,https://www.youtube.com/watch?v=3_goGnJm5sA
332,/data1/eunju/datasets/mathspeech/dataset/332.mp3,x squared plus 4v over x,$x^{2}+4v/x$,https://www.youtube.com/watch?v=YN7k_bXXggY
511,/data1/eunju/datasets/mathspeech/dataset/511.mp3,sine to the nth power of x times the cosine of x ,$\sin ^{n}(x)\cos (x)$,https://www.youtube.com/watch?v=Bv9kVDcj7yo
410,/data1/eunju/datasets/mathspeech/dataset/410.mp3,2 cosine x times minus sine x,$2\cos x\cdot(-\sin x)$,https://www.youtube.com/watch?v=-MI0b4h3rS0
632,/data1/eunju/datasets/mathspeech/dataset/632.mp3,ds squared equals dx squared plus dy squared,$dx^{2}=dx^{2}+dy^{2}$,https://www.youtube.com/watch?v=XRkgBWbWvg4
26,/data1/eunju/datasets/mathspeech/dataset/26.mp3,square root of 3 times tan x,$\sqrt{3} \tan(x)$,https://www.youtube.com/watch?v=Bb-bgJdOqig
14,/data1/eunju/datasets/mathspeech/dataset/14.mp3,y0 plus 4y1 plus y2,$\displaystyle y_0 + 4y_1 + y_2$,https://www.youtube.com/watch?v=zUEuKrxgHws 
485,/data1/eunju/datasets/mathspeech/dataset/485.mp3,a hundred minus thirty y,$100-30{y}$,https://www.youtube.com/watch?v=ShGBRUx2ub8
331,/data1/eunju/datasets/mathspeech/dataset/331.mp3,2x minus 4v over x squared,$\displaystyle 2x-\frac{4v}{x^{2}}$,https://www.youtube.com/watch?v=YN7k_bXXggY
525,/data1/eunju/datasets/mathspeech/dataset/525.mp3,sine of theta cosine of theta over 2,$\frac{\sin(\theta)\cos(\theta)}{2}$,https://www.youtube.com/watch?v=Bv9kVDcj7yo
1067,/data1/eunju/datasets/mathspeech/dataset/1067.mp3,one minus exponential of minus two t,$1-\exp(-2t)$,https://www.youtube.com/watch?v=LjqUV6vqwkg
498,/data1/eunju/datasets/mathspeech/dataset/498.mp3,two pi r e to the minus r squared,$2\pi re^{-r^{2}}$,https://www.youtube.com/watch?v=jBkXbAgMj6s
280,/data1/eunju/datasets/mathspeech/dataset/280.mp3,e to the minus three x one plus x to the minus a half,$e^{-3x}(1+x^{-1/2})$,https://www.youtube.com/watch?v=BSAA0akmPEU
760,/data1/eunju/datasets/mathspeech/dataset/760.mp3,z equals one minus x squared minus y squared,$z=1-x^{2}-y^{2}$,https://www.youtube.com/watch?v=dK3NEf13nPc
999,/data1/eunju/datasets/mathspeech/dataset/999.mp3,yz cubed plus h of z,$yz^{3}+h(z)$,https://www.youtube.com/watch?v=seO7-TwXH_I
494,/data1/eunju/datasets/mathspeech/dataset/494.mp3,y less than x less than 1 minus x squared,$y<x<1-x^{2}$,https://www.youtube.com/watch?v=R9a_NHXrBcg
399,/data1/eunju/datasets/mathspeech/dataset/399.mp3,sine inverse x,$\sin^{-1}x$,https://www.youtube.com/watch?v=-MI0b4h3rS0
611,/data1/eunju/datasets/mathspeech/dataset/611.mp3,the integral from 0 to a of square root of 1 plus 4x squared dx,$\int_{0}^{a}\sqrt{1+4x^{2}}dx$,https://www.youtube.com/watch?v=TpWQlKHPyJ4
20,/data1/eunju/datasets/mathspeech/dataset/20.mp3,e to the minus b squared times e to the minus x squared,$e^{-b^2} e^{-x^2}$,https://www.youtube.com/watch?v=zUEuKrxgHws 
324,/data1/eunju/datasets/mathspeech/dataset/324.mp3,2x over 8,$\frac{2x}{8}$,https://www.youtube.com/watch?v=YN7k_bXXggY
33,/data1/eunju/datasets/mathspeech/dataset/33.mp3,h of x equals two times one-half sine x plus square root of three over two,$h(x) = 2 \frac{1}{2} \sin(x) + \frac{\sqrt{3}}{2}$,https://www.youtube.com/watch?v=Bb-bgJdOqig
431,/data1/eunju/datasets/mathspeech/dataset/431.mp3,e to the r times 1 minus t,$e^{r}(1 - t)$,https://www.youtube.com/watch?v=hjZhPczMkL4
279,/data1/eunju/datasets/mathspeech/dataset/279.mp3,e to the minus 3x divided by square root 1 plus x,$e^{-3x}/\sqrt{1+x}$,https://www.youtube.com/watch?v=BSAA0akmPEU
682,/data1/eunju/datasets/mathspeech/dataset/682.mp3, 1 over minus p plus 1,$\frac{1}{p-1}$,https://www.youtube.com/watch?v=KhwQKE_tld0
892,/data1/eunju/datasets/mathspeech/dataset/892.mp3,y equals t squared,$y=t^{2}.$,https://www.youtube.com/watch?v=xrypSZU8cBE
1064,/data1/eunju/datasets/mathspeech/dataset/1064.mp3,minus 3C1 minus 1 half C2 equals to 0,$-3C_{1}-\frac{1}{2}C_{2}=0$,https://www.youtube.com/watch?v=LjqUV6vqwkg
1045,/data1/eunju/datasets/mathspeech/dataset/1045.mp3,x dot of 0 equals to 0,$\dot{x}(0)={0}$,https://www.youtube.com/watch?v=2-5oq-igwtU
415,/data1/eunju/datasets/mathspeech/dataset/415.mp3,log x plus c,$\log x+c$,https://www.youtube.com/watch?v=-MI0b4h3rS0
844,/data1/eunju/datasets/mathspeech/dataset/844.mp3,x equals two,$\mathcal{x}=2$,https://www.youtube.com/watch?v=23xbkrpQuAo
601,/data1/eunju/datasets/mathspeech/dataset/601.mp3,square root of 1 plus f prime of x squared dx,$\displaystyle \sqrt{1+f^{\prime}(x)^{2}}dx$,https://www.youtube.com/watch?v=TpWQlKHPyJ4
261,/data1/eunju/datasets/mathspeech/dataset/261.mp3,e to the r log x prime,$\mathrm{e}^{r}\log x^{\prime}$,https://www.youtube.com/watch?v=eHJuAByQf5A
312,/data1/eunju/datasets/mathspeech/dataset/312.mp3, log x minus 1 divided by log x squared,$\log(x-1)/(\log x)^{2}$,https://www.youtube.com/watch?v=twzGBqPeW0M
123,/data1/eunju/datasets/mathspeech/dataset/123.mp3,n times n minus 1,$n\times (n-1)$,https://www.youtube.com/watch?v=4sTKcvYMNxk
816,/data1/eunju/datasets/mathspeech/dataset/816.mp3, dy is y sub u du plus y sub v dv,"$\displaystyle \mathrm{d}y\,\ =y_u \mathrm{d}u + y_{v}\,\mathrm{d}v$",https://www.youtube.com/watch?v=7eZVshlT33Q
514,/data1/eunju/datasets/mathspeech/dataset/514.mp3,minus cosine cubed of x over three,$-\cos^{3}(x)\over 3 $,https://www.youtube.com/watch?v=Bv9kVDcj7yo
640,/data1/eunju/datasets/mathspeech/dataset/640.mp3,minus pi over two is less than theta is less than pi over two,$-\frac{\pi}{2}<\theta<\frac{\pi}{2}$,https://www.youtube.com/watch?v=XRkgBWbWvg4
359,/data1/eunju/datasets/mathspeech/dataset/359.mp3,b minus y times y prime,$(b - y)y^{\prime}$,https://www.youtube.com/watch?v=sRIDVAcoG5A
242,/data1/eunju/datasets/mathspeech/dataset/242.mp3,a to the x1 plus x2 is a to the x1 times a to the x2,$\displaystyle a^{x_1 + x_2} = a^{x_{1}}\cdot a^{x_{2}}$,https://www.youtube.com/watch?v=9v25gg2qJYE
820,/data1/eunju/datasets/mathspeech/dataset/820.mp3,x squared plus y squared minus z squared equals four ,$x^{2}+y^{2}-z^{2}=4$,https://www.youtube.com/watch?v=2XraaWefBd8
553,/data1/eunju/datasets/mathspeech/dataset/553.mp3,square root of u squared minus 4,$\sqrt{u^{2}-4}$,https://www.youtube.com/watch?v=CXKoCMVqM9s
202,/data1/eunju/datasets/mathspeech/dataset/202.mp3,one plus one over two plus all the way up to one over n minus one plus 1 over n,$1+\frac{1}{2}+\mathrm{\ldots}+\frac{1}{n-1}+\frac{1}{n}$,https://www.youtube.com/watch?v=MK_0QHbUnIA
97,/data1/eunju/datasets/mathspeech/dataset/97.mp3,minus 1 over x squared,$-\frac{1}{x^{2}}$,https://www.youtube.com/watch?v=ryLdyDrBfvI
852,/data1/eunju/datasets/mathspeech/dataset/852.mp3,zero equals dA equals cosine theta dB minus B sine theta d theta,$0=dA=\cos\theta dB-B\sin\theta d\theta$,https://www.youtube.com/watch?v=23xbkrpQuAo
631,/data1/eunju/datasets/mathspeech/dataset/631.mp3, y squared equals 1,$\displaystyle y^{2}=1$,https://www.youtube.com/watch?v=XRkgBWbWvg4
352,/data1/eunju/datasets/mathspeech/dataset/352.mp3,2 is equal to pi over 3 times 2 5ths,$2=\frac{\pi}{3}\times\frac{2}{5}$,https://www.youtube.com/watch?v=sRIDVAcoG5A
90,/data1/eunju/datasets/mathspeech/dataset/90.mp3,1 over x0 plus delta x,$ \frac{1}{x_{0} +\Delta x}$,https://www.youtube.com/watch?v=7K1sB05pE0A
817,/data1/eunju/datasets/mathspeech/dataset/817.mp3, f sub x times x sub u plus f sub y times y sub u ,$\displaystyle f_{x}x_{u}+f_{y}y_{u}$,https://www.youtube.com/watch?v=7eZVshlT33Q
246,/data1/eunju/datasets/mathspeech/dataset/246.mp3,e to the log x is equal to x,$\mathrm{e}^{\log x}=x$,https://www.youtube.com/watch?v=9v25gg2qJYE
346,/data1/eunju/datasets/mathspeech/dataset/346.mp3,dv dt is two,$\frac{dv}{dt} = 2$,https://www.youtube.com/watch?v=sRIDVAcoG5A
828,/data1/eunju/datasets/mathspeech/dataset/828.mp3,square root of x squared plus y squared,$\sqrt{x^{2}+y^{2}}$,https://www.youtube.com/watch?v=15HVevXRsBA
636,/data1/eunju/datasets/mathspeech/dataset/636.mp3, r equals square root of 2,$r=\sqrt{2}$,https://www.youtube.com/watch?v=XRkgBWbWvg4
311,/data1/eunju/datasets/mathspeech/dataset/311.mp3, log e is 1, $\log(e) = {1}$,https://www.youtube.com/watch?v=twzGBqPeW0M
118,/data1/eunju/datasets/mathspeech/dataset/118.mp3,v plus delta v,$v+\Delta v$,https://www.youtube.com/watch?v=4sTKcvYMNxk
916,/data1/eunju/datasets/mathspeech/dataset/916.mp3,three y squared plus four x squared,$3y^{2}+4x^{2}$,https://www.youtube.com/watch?v=z5TPjZrsp2k
147,/data1/eunju/datasets/mathspeech/dataset/147.mp3,pi a to the four over two,$\pi a^{4} \over 2$,https://www.youtube.com/watch?v=60e4hdCi1D4
155,/data1/eunju/datasets/mathspeech/dataset/155.mp3,Q of t is Q0 plus t times the vector Q0 Q1,"$Q(t)=Q_{0}+t\vec{Q_{0},Q_{1}}$",https://www.youtube.com/watch?v=57jzPlxf4fk
832,/data1/eunju/datasets/mathspeech/dataset/832.mp3,g sub y is x,$g_{y}=x$,https://www.youtube.com/watch?v=15HVevXRsBA
364,/data1/eunju/datasets/mathspeech/dataset/364.mp3,y minus y0 is equal to m x minus x0,$y-y_{0}=m(x-x_{0})$,https://www.youtube.com/watch?v=sRIDVAcoG5A
313,/data1/eunju/datasets/mathspeech/dataset/313.mp3,1 over log x minus 1 over log x squared,$1/\log x - 1/(\log x^{2})$,https://www.youtube.com/watch?v=twzGBqPeW0M
11,/data1/eunju/datasets/mathspeech/dataset/11.mp3,log two minus log one,$\log2-\log1$,https://www.youtube.com/watch?v=zUEuKrxgHws 
1071,/data1/eunju/datasets/mathspeech/dataset/1071.mp3,one squared plus three squared,$1^{2}+3^{2}$,https://www.youtube.com/watch?v=EQJBp6Ym-6A
648,/data1/eunju/datasets/mathspeech/dataset/648.mp3,a squared times pi over 2 minus minus pi over 2,$a^{2}(\pi/2)-(-\pi/2)$,https://www.youtube.com/watch?v=BGE3wb7H2PA
902,/data1/eunju/datasets/mathspeech/dataset/902.mp3,dy equals 2x dx,$dy=2xdx$,https://www.youtube.com/watch?v=xrypSZU8cBE
484,/data1/eunju/datasets/mathspeech/dataset/484.mp3,pi over 2a squared ,$\frac{\pi}{2a}^{2}$,https://www.youtube.com/watch?v=ShGBRUx2ub8
612,/data1/eunju/datasets/mathspeech/dataset/612.mp3,dx is equal to a half secant squared u du,$dx\mathrel{\mathop{}}=\frac{1}{2}\sec^{2}udu$,https://www.youtube.com/watch?v=TpWQlKHPyJ4
156,/data1/eunju/datasets/mathspeech/dataset/156.mp3,x plus 2y plus 4z equals seven,$x+2y+4z=7$,https://www.youtube.com/watch?v=57jzPlxf4fk
353,/data1/eunju/datasets/mathspeech/dataset/353.mp3,dh dt is equal to 1 over 2pi,$\frac{dh}{dt}=\frac{1}{2\pi}$,https://www.youtube.com/watch?v=sRIDVAcoG5A
792,/data1/eunju/datasets/mathspeech/dataset/792.mp3,w sub y is bx plus 2cy,$w_y=bx+{2}cy$,https://www.youtube.com/watch?v=3_goGnJm5sA
146,/data1/eunju/datasets/mathspeech/dataset/146.mp3,x squared plus y squared,$x^{2}+y^{2}$,https://www.youtube.com/watch?v=60e4hdCi1D4
303,/data1/eunju/datasets/mathspeech/dataset/303.mp3,one over x plus two the quantity squared.,$\frac{1}{({x+2})^2}$,https://www.youtube.com/watch?v=twzGBqPeW0M
1072,/data1/eunju/datasets/mathspeech/dataset/1072.mp3, r cosine theta plus i times r sine theta,$r\cos\theta+i\times r\sin\theta$,https://www.youtube.com/watch?v=EQJBp6Ym-6A
901,/data1/eunju/datasets/mathspeech/dataset/901.mp3,y equals x squared,$\displaystyle y=x^{2}$,https://www.youtube.com/watch?v=xrypSZU8cBE
1039,/data1/eunju/datasets/mathspeech/dataset/1039.mp3, plus minus three omega cosine omega t,$\pm3\omega\cos\omega t$,https://www.youtube.com/watch?v=fkGAF5jHjdY
595,/data1/eunju/datasets/mathspeech/dataset/595.mp3,e times two pi times x,$e^{(2\pi x)}$,https://www.youtube.com/watch?v=aeXp1zC6Hls
349,/data1/eunju/datasets/mathspeech/dataset/349.mp3,h squared times h,$\mathbb{h}^{2}\times\mathbb{h}$,https://www.youtube.com/watch?v=sRIDVAcoG5A
393,/data1/eunju/datasets/mathspeech/dataset/393.mp3,f prime of a times x minus a,$f^{\prime}(a)(x-a)$,https://www.youtube.com/watch?v=-MI0b4h3rS0
687,/data1/eunju/datasets/mathspeech/dataset/687.mp3,one over x to the three halves,$\frac{1}{x^{3/2}}$,https://www.youtube.com/watch?v=KhwQKE_tld0
193,/data1/eunju/datasets/mathspeech/dataset/193.mp3,1 over 1 minus p,$\frac{1}{1-p}$,https://www.youtube.com/watch?v=MK_0QHbUnIA
715,/data1/eunju/datasets/mathspeech/dataset/715.mp3,1 over 1 plus x,$\frac{1}{1+x}$,https://www.youtube.com/watch?v=--lPz7VFnKI
712,/data1/eunju/datasets/mathspeech/dataset/712.mp3,x to the seventh over seven factorial,$x^{7}/7!$,https://www.youtube.com/watch?v=wOHrNt9ScYs
935,/data1/eunju/datasets/mathspeech/dataset/935.mp3,xy minus x squared,$xy-x^{2}$,https://www.youtube.com/watch?v=PnPIqh7Frlw
723,/data1/eunju/datasets/mathspeech/dataset/723.mp3,t to the fourth over two factorial,$\frac{t^{4}}{2!}$,https://www.youtube.com/watch?v=--lPz7VFnKI
444,/data1/eunju/datasets/mathspeech/dataset/444.mp3,u equals x cubed plus 2,$u=x^{3}+2$,https://www.youtube.com/watch?v=1RLctDS2hUQ
343,/data1/eunju/datasets/mathspeech/dataset/343.mp3,x squared plus 30 squared is equal to d squared,$x^{2}+30^{2}=d^{2}$,https://www.youtube.com/watch?v=sRIDVAcoG5A
704,/data1/eunju/datasets/mathspeech/dataset/704.mp3,s times one minus x,$s\cdot(1-x)$,https://www.youtube.com/watch?v=wOHrNt9ScYs
382,/data1/eunju/datasets/mathspeech/dataset/382.mp3, e to the 0 minus 1 plus 0,$(e^{0}-1)+0$,https://www.youtube.com/watch?v=4Q37iOyBq44
512,/data1/eunju/datasets/mathspeech/dataset/512.mp3,u to the n plus one,$\mathcal{u}^{n+1}$,https://www.youtube.com/watch?v=Bv9kVDcj7yo
385,/data1/eunju/datasets/mathspeech/dataset/385.mp3,x squared over 2,$\frac{x^{2}}{2}$,https://www.youtube.com/watch?v=4Q37iOyBq44
429,/data1/eunju/datasets/mathspeech/dataset/429.mp3,f of x is x cubed,$\displaystyle f(x)=x^{3}$,https://www.youtube.com/watch?v=hjZhPczMkL4
57,/data1/eunju/datasets/mathspeech/dataset/57.mp3,square root of 1 minus x squared,$\sqrt{1 - x^{2}}$,https://www.youtube.com/watch?v=cdRMY39EYbs
424,/data1/eunju/datasets/mathspeech/dataset/424.mp3,the sum of a i i equals 1 to n is a 1 plus a 2 plus dot dot dot plus a n,$\sum^{n}_{i=1}a_{i}=a_{1}+a_{2}+\cdots+a_{n}$,https://www.youtube.com/watch?v=hjZhPczMkL4
460,/data1/eunju/datasets/mathspeech/dataset/460.mp3,the integral from x to 1 with a minus sign dt over 2,$\displaystyle \int_{x}^{1}{-}\frac{dt}{2}$,https://www.youtube.com/watch?v=_JXPe2J069c
657,/data1/eunju/datasets/mathspeech/dataset/657.mp3,e x plus 2 cubed,$e(x+2)^{3}$,https://www.youtube.com/watch?v=BGE3wb7H2PA
336,/data1/eunju/datasets/mathspeech/dataset/336.mp3,2xy,$(2xy)$,https://www.youtube.com/watch?v=YN7k_bXXggY
253,/data1/eunju/datasets/mathspeech/dataset/253.mp3,log u prime is equal to u primie over u,$\log u^{\prime}=u^{\prime}/u$,https://www.youtube.com/watch?v=9v25gg2qJYE
1086,/data1/eunju/datasets/mathspeech/dataset/1086.mp3,y i minus y hat i,$\mathcal{y}_{i}-\hat{\mathcal{y}}_{i}$,https://www.youtube.com/watch?v=l1kLCrxL9Hk
845,/data1/eunju/datasets/mathspeech/dataset/845.mp3,y plus 3z squared,$y+3z^{2}$,https://www.youtube.com/watch?v=23xbkrpQuAo
137,/data1/eunju/datasets/mathspeech/dataset/137.mp3,y equals r sine theta,$y=r\sin \theta$,https://www.youtube.com/watch?v=60e4hdCi1D4
70,/data1/eunju/datasets/mathspeech/dataset/70.mp3,natural log of e to the a plus b,$\ln(e^{a+b})$,https://www.youtube.com/watch?v=9YgOmJdom6o 
739,/data1/eunju/datasets/mathspeech/dataset/739.mp3,theta minus theta cubed over six,$\theta-\frac{\theta-\theta^{3}}{6}$,https://www.youtube.com/watch?v=57jzPlxf4fk
338,/data1/eunju/datasets/mathspeech/dataset/338.mp3,2x plus 4y plus 4x y prime,$2x+4y+4xy^{\prime}$,https://www.youtube.com/watch?v=YN7k_bXXggY
1010,/data1/eunju/datasets/mathspeech/dataset/1010.mp3, 1 over 2c squared,$\frac{1}{2c^{2}}$,https://www.youtube.com/watch?v=q4mwO2qS2z4
130,/data1/eunju/datasets/mathspeech/dataset/130.mp3,a dot a is length a squared,$a\cdot a = |a|^2$,https://www.youtube.com/watch?v=PxCxlsl_YwY
532,/data1/eunju/datasets/mathspeech/dataset/532.mp3,a squared theta over 2,$a^{2}\theta/2$,https://www.youtube.com/watch?v=Bv9kVDcj7yo
688,/data1/eunju/datasets/mathspeech/dataset/688.mp3, x to the one half times two,$x^{\frac{1}{2}}(2)$,https://www.youtube.com/watch?v=MK_0QHbUnIA
925,/data1/eunju/datasets/mathspeech/dataset/925.mp3,dx equals minus sine theta d theta,$dx=-\sin\theta d\theta$,https://www.youtube.com/watch?v=tYdoS0tkAHA
799,/data1/eunju/datasets/mathspeech/dataset/799.mp3,dy over dx is going to be one over cosine y,$\mathrm{\frac{\mathrm{d}y}{dx}}\rightarrow\frac{1}{\cos y}$,https://www.youtube.com/watch?v=7eZVshlT33Q
227,/data1/eunju/datasets/mathspeech/dataset/227.mp3,a x to the a minus one,$(ax^{a-1})$,https://www.youtube.com/watch?v=5q_3FDOkVRQ
237,/data1/eunju/datasets/mathspeech/dataset/237.mp3,d by dx of tan inverse of x,$\frac{d}{dx}(tan^{-1}(x))$,https://www.youtube.com/watch?v=5q_3FDOkVRQ
379,/data1/eunju/datasets/mathspeech/dataset/379.mp3,f of b minus f of a over b minus a is equal to f prime of c,$ \frac{f(b)-f(a)}{b-a}=f^{\prime}(c) $,https://www.youtube.com/watch?v=4Q37iOyBq44
589,/data1/eunju/datasets/mathspeech/dataset/589.mp3,x log x squared minus twice f one of x,$x(\log x)^{2}-2f_{1}(x)$,https://www.youtube.com/watch?v=aeXp1zC6Hls
68,/data1/eunju/datasets/mathspeech/dataset/68.mp3,e to the a equals m,$e^\mathrm{a} = m$,https://www.youtube.com/watch?v=9YgOmJdom6o 
1014,/data1/eunju/datasets/mathspeech/dataset/1014.mp3, negative c minus one,$\displaystyle -(c-1)$,https://www.youtube.com/watch?v=q4mwO2qS2z4
198,/data1/eunju/datasets/mathspeech/dataset/198.mp3,one over one minus a,$\frac{1}{1-a}$,https://www.youtube.com/watch?v=MK_0QHbUnIA
154,/data1/eunju/datasets/mathspeech/dataset/154.mp3,z of t equals two minus 3t,$z(t)=2-3t$,https://www.youtube.com/watch?v=57jzPlxf4fk
804,/data1/eunju/datasets/mathspeech/dataset/804.mp3,df dt equals f sub x dx dt plus f sub y dy dt plus f sub z dz dt,$\frac{df}{dt}=f_{x}\frac{dx}{dt}+f_{y}\frac{dy}{dt}+f_{z}\frac{dz}{dt}$ ,https://www.youtube.com/watch?v=7eZVshlT33Q
899,/data1/eunju/datasets/mathspeech/dataset/899.mp3,dy equals 2x dx.,$dy=2xdx$,https://www.youtube.com/watch?v=xrypSZU8cBE
243,/data1/eunju/datasets/mathspeech/dataset/243.mp3, a to the x plus delta x ,$a^{x+\Delta x}$,https://www.youtube.com/watch?v=9v25gg2qJYE
676,/data1/eunju/datasets/mathspeech/dataset/676.mp3, sine x over x squared,$\sin(x)/x^{2}$,https://www.youtube.com/watch?v=PNTnmH6jsRI
61,/data1/eunju/datasets/mathspeech/dataset/61.mp3,x times pi to the x minus 1,$x \cdot \pi^{x-1}$,https://www.youtube.com/watch?v=wezQdmwolMU
416,/data1/eunju/datasets/mathspeech/dataset/416.mp3,2b over n,$\frac{2b}{n}$,https://www.youtube.com/watch?v=hjZhPczMkL4
535,/data1/eunju/datasets/mathspeech/dataset/535.mp3,cosine squared plus sine squared is one,$\cos^{2}+\sin^{2}=1$,https://www.youtube.com/watch?v=CXKoCMVqM9s
1069,/data1/eunju/datasets/mathspeech/dataset/1069.mp3,a squared plus b squared ,$a^{2}+b^{2}$ ,https://www.youtube.com/watch?v=EQJBp6Ym-6A
617,/data1/eunju/datasets/mathspeech/dataset/617.mp3,"x, y is equal to a cosine pi over 2, a sine pi over 2","$\displaystyle (x,y)=(a\cos\frac{\pi}{2},a\sin\frac{\pi}{2}).$",https://www.youtube.com/watch?v=TpWQlKHPyJ4
396,/data1/eunju/datasets/mathspeech/dataset/396.mp3,one over a plus one,$\frac{1}{a+1}$,https://www.youtube.com/watch?v=-MI0b4h3rS0
428,/data1/eunju/datasets/mathspeech/dataset/428.mp3,f of x is equal to x,$f(\mathbf{x})=\mathbf{x}$,https://www.youtube.com/watch?v=hjZhPczMkL4
978,/data1/eunju/datasets/mathspeech/dataset/978.mp3,z equals a cosine phi,"$z=a\,\cos\phi$",https://www.youtube.com/watch?v=WfEQabCGAqI
191,/data1/eunju/datasets/mathspeech/dataset/191.mp3, x to the 1 half times 2,$x^{\frac{1}{2}} \times (2)$,https://www.youtube.com/watch?v=MK_0QHbUnIA
559,/data1/eunju/datasets/mathspeech/dataset/559.mp3,four x plus two minus three,$(4x+2-3)$,https://www.youtube.com/watch?v=HgEqXhsIq_g
445,/data1/eunju/datasets/mathspeech/dataset/445.mp3,du is equal to 2x dx,$du\mathrel{\mathop{=}}2xdx$,https://www.youtube.com/watch?v=1RLctDS2hUQ
851,/data1/eunju/datasets/mathspeech/dataset/851.mp3,one half of a squared tangent theta,$\frac{1}{2}a^{2}\tan\theta$,https://www.youtube.com/watch?v=23xbkrpQuAo
171,/data1/eunju/datasets/mathspeech/dataset/171.mp3,dr dt cross v plus r cross dv dt,$\displaystyle\frac{d\mathbf{r}}{dt}\times \mathbf{v}+\mathbf{r}\times \frac{d\mathbf{v}}{dt}$,https://www.youtube.com/watch?v=0D4BbCa4gHo
488,/data1/eunju/datasets/mathspeech/dataset/488.mp3,the integral from negative 1 to 1 square root of 1 minus x squared dx,$\int_{-1}^{1}\sqrt{1-x^{2}}dx$,https://www.youtube.com/watch?v=R9a_NHXrBcg
643,/data1/eunju/datasets/mathspeech/dataset/643.mp3,r is equal to 2a cosine theta,"$r\mathrel{\mathop{}}=2a\,\cos\theta$",https://www.youtube.com/watch?v=BGE3wb7H2PA
395,/data1/eunju/datasets/mathspeech/dataset/395.mp3,4 plus 1 over 48 times x minus a,$(4+\frac{1}{48}(x-a))$,https://www.youtube.com/watch?v=-MI0b4h3rS0
30,/data1/eunju/datasets/mathspeech/dataset/30.mp3,minus five pi over six,$-\frac{5\pi}{6}$,https://www.youtube.com/watch?v=Bb-bgJdOqig
825,/data1/eunju/datasets/mathspeech/dataset/825.mp3, y of s equals y0 plus b times s,$y(s)=y_{0}+bs$,https://www.youtube.com/watch?v=2XraaWefBd8
822,/data1/eunju/datasets/mathspeech/dataset/822.mp3,two delta y minus two delta z equals zero,$2\Delta y-2\Delta z= $,https://www.youtube.com/watch?v=2XraaWefBd8
496,/data1/eunju/datasets/mathspeech/dataset/496.mp3,two pi r,$\displaystyle 2\pi r$,https://www.youtube.com/watch?v=jBkXbAgMj6s
638,/data1/eunju/datasets/mathspeech/dataset/638.mp3, x minus a squared plus y squared is equal to a squared,$x-a^{2}+y^{2}~{}=~{}a^{2}$,https://www.youtube.com/watch?v=XRkgBWbWvg4
49,/data1/eunju/datasets/mathspeech/dataset/49.mp3,y cubed plus x cubed equals three xy,$y^{3} + x^{3} = 3xy$,https://www.youtube.com/watch?v=fK6cu99OSEU
233,/data1/eunju/datasets/mathspeech/dataset/233.mp3,y to the fourth plus xy squared minus 2 is equal to zero,$y^{4}+xy^{2}-2=0$,https://www.youtube.com/watch?v=5q_3FDOkVRQ
320,/data1/eunju/datasets/mathspeech/dataset/320.mp3,one minus x,$\displaystyle 1-x$,https://www.youtube.com/watch?v=YN7k_bXXggY
841,/data1/eunju/datasets/mathspeech/dataset/841.mp3,one half of a1u1 ,$\frac{1}{2}a_1u_1$,https://www.youtube.com/watch?v=15HVevXRsBA
683,/data1/eunju/datasets/mathspeech/dataset/683.mp3,integral from 0 to infinity dx over the square root of x squared plus 10,$\displaystyle \int_{0}^{\infty}\frac{dx}{\sqrt{x^{2}+10}}$,https://www.youtube.com/watch?v=KhwQKE_tld0
764,/data1/eunju/datasets/mathspeech/dataset/764.mp3,x0 plus h,$\mathcal{x}_{0}+h$,https://www.youtube.com/watch?v=dK3NEf13nPc
879,/data1/eunju/datasets/mathspeech/dataset/879.mp3,4a to the four cosine to the four theta,$4a^{4}\cos^{4}\theta$,https://www.youtube.com/watch?v=60e4hdCi1D4
203,/data1/eunju/datasets/mathspeech/dataset/203.mp3,a half plus a third,$\frac{1}{2}+\frac{1}{3}$,https://www.youtube.com/watch?v=MK_0QHbUnIA
362,/data1/eunju/datasets/mathspeech/dataset/362.mp3,f of x equal to x squared minus 5,$f(x)=x^{2}-5$,https://www.youtube.com/watch?v=sRIDVAcoG5A
621,/data1/eunju/datasets/mathspeech/dataset/621.mp3,ds squared is dx squared plus dy squared,$ds^{2}=dx^{2}+dy^{2}$,https://www.youtube.com/watch?v=XRkgBWbWvg4
28,/data1/eunju/datasets/mathspeech/dataset/28.mp3,pi over 6,$\frac{\pi}{6}$,https://www.youtube.com/watch?v=Bb-bgJdOqig
157,/data1/eunju/datasets/mathspeech/dataset/157.mp3,minus one plus 2t plus twice two plus t plus four times two minus 3t,$(-1+2t)+2(2+t)+4(2-3t)$,https://www.youtube.com/watch?v=57jzPlxf4fk
397,/data1/eunju/datasets/mathspeech/dataset/397.mp3,1 over negative x times the derivative with respect to x of negative x,$\displaystyle \frac{1}{-x}\frac{d}{dx}(-x)$,https://www.youtube.com/watch?v=-MI0b4h3rS0
330,/data1/eunju/datasets/mathspeech/dataset/330.mp3,x squared plus 4v over x,$x^{2}+\frac{4v}{x}$,https://www.youtube.com/watch?v=YN7k_bXXggY
673,/data1/eunju/datasets/mathspeech/dataset/673.mp3,1 minus x squared over 2,$1-x^{2}/2$,https://www.youtube.com/watch?v=PNTnmH6jsRI
1012,/data1/eunju/datasets/mathspeech/dataset/1012.mp3,c minus 1 times the sum j equals 1 to n expected value of tj,$(c-1)\cdot\sum_{j=1}^{n}\mathbb{E}[t_j]$ ,https://www.youtube.com/watch?v=q4mwO2qS2z4
248,/data1/eunju/datasets/mathspeech/dataset/248.mp3, e to the power log a to the power x,$(e^{\ln a})^{x}$,https://www.youtube.com/watch?v=9v25gg2qJYE
145,/data1/eunju/datasets/mathspeech/dataset/145.mp3,one-half m r squared omega squared,$\frac{1}{2}mr^{2}\omega^{2}$,https://www.youtube.com/watch?v=60e4hdCi1D4
634,/data1/eunju/datasets/mathspeech/dataset/634.mp3,theta equals negative pi over 4,$\theta=-\frac{\pi}{4}$,https://www.youtube.com/watch?v=XRkgBWbWvg4
238,/data1/eunju/datasets/mathspeech/dataset/238.mp3, cosine squared of tan inverse x,$\cos^{2}(tan^{-1}x)$ ,https://www.youtube.com/watch?v=5q_3FDOkVRQ
376,/data1/eunju/datasets/mathspeech/dataset/376.mp3,y equals x squared minus 5,$y=x^{2}-5$,https://www.youtube.com/watch?v=4Q37iOyBq44
818,/data1/eunju/datasets/mathspeech/dataset/818.mp3, f sub x times cosine theta plus f sub y times sine theta,$f_{x}\cdot\cos \theta+f_{y}\cdot\sin \theta$,https://www.youtube.com/watch?v=7eZVshlT33Q
719,/data1/eunju/datasets/mathspeech/dataset/719.mp3,the integral from zero to x of dt over one plus x,$\int_{0}^{x}\frac{dt}{1+x}$,https://www.youtube.com/watch?v=--lPz7VFnKI
747,/data1/eunju/datasets/mathspeech/dataset/747.mp3,dr dt cross v plus r cross dv dt,$\displaystyle\frac{d\mathbf{r}}{dt}\times\mathbf{v}+\mathbf{r}\times\frac{d\mathbf{v}}{dt}$,https://www.youtube.com/watch?v=0D4BbCa4gHo
725,/data1/eunju/datasets/mathspeech/dataset/725.mp3, integral of e to the minus t squared dt from 0 to x,$\int_{0}^{x}(e^{-t^{2}})dt$,https://www.youtube.com/watch?v=--lPz7VFnKI
677,/data1/eunju/datasets/mathspeech/dataset/677.mp3,1 plus 2 over x plus 1 over x to the 5th power,$1+2/x+1/x^{5}$,https://www.youtube.com/watch?v=PNTnmH6jsRI
606,/data1/eunju/datasets/mathspeech/dataset/606.mp3,"1 plus the quantity minus x over square root of 1 minus x squared, squared",$1+(-\frac{x}{\sqrt{1-x^{2}}})^{2}$,https://www.youtube.com/watch?v=TpWQlKHPyJ4
1065,/data1/eunju/datasets/mathspeech/dataset/1065.mp3,C2 exponential minus one half t minus exponential minus three t,$\displaystyle {C_2}(\exp(-\frac{1}{2}t)-\exp(-3t))$,https://www.youtube.com/watch?v=LjqUV6vqwkg
56,/data1/eunju/datasets/mathspeech/dataset/56.mp3,dy dx is equal to minus 1 divided by sine y,$\frac{dy}{dx} = -\frac{1}{\sin y}$,https://www.youtube.com/watch?v=cdRMY39EYbs
933,/data1/eunju/datasets/mathspeech/dataset/933.mp3,u equals one plus t squared,$u=1+t^{2}$,https://www.youtube.com/watch?v=PnPIqh7Frlw
215,/data1/eunju/datasets/mathspeech/dataset/215.mp3,f of x y equals one over x plus y,"$f(x,y)=\frac{1}{x+y}$",https://www.youtube.com/watch?v=dK3NEf13nPc
746,/data1/eunju/datasets/mathspeech/dataset/746.mp3, uv prime equals u prime v plus u v prime ,$(uv)^{\prime}=u^{\prime}v+uv^{\prime}$,https://www.youtube.com/watch?v=0D4BbCa4gHo
229,/data1/eunju/datasets/mathspeech/dataset/229.mp3,2 x plus 2 y y prime,$2x+2yy^{\prime}$,https://www.youtube.com/watch?v=5q_3FDOkVRQ
27,/data1/eunju/datasets/mathspeech/dataset/27.mp3,tan of x is equal to one divided by square root of three,$\tan(x) = \frac{1}{\sqrt{3}}$,https://www.youtube.com/watch?v=Bb-bgJdOqig
600,/data1/eunju/datasets/mathspeech/dataset/600.mp3,the integral from a to b of the square root of 1 plus dy dx squared dx,$\int_{a}^{b}\sqrt{1 +(\frac{dy}{dx})^{2}}dx$,https://www.youtube.com/watch?v=TpWQlKHPyJ4
59,/data1/eunju/datasets/mathspeech/dataset/59.mp3,g of x is equal to natural log of cosine of x,$g(x) = \ln(\cos(x))$,https://www.youtube.com/watch?v=wezQdmwolMU
1035,/data1/eunju/datasets/mathspeech/dataset/1035.mp3,i dot i minus one,$i(i-1)$,https://www.youtube.com/watch?v=fkGAF5jHjdY
850,/data1/eunju/datasets/mathspeech/dataset/850.mp3,b is a over cosine theta,$\displaystyle \mathcal{b} = \frac{a}{\cos\theta}$,https://www.youtube.com/watch?v=23xbkrpQuAo
604,/data1/eunju/datasets/mathspeech/dataset/604.mp3,y equals square root of 1 minus x squared,$y=\sqrt{1-x^{2}}$,https://www.youtube.com/watch?v=TpWQlKHPyJ4
729,/data1/eunju/datasets/mathspeech/dataset/729.mp3,z of t minus two equals minus three t,$z(t-2)=-3t$,https://www.youtube.com/watch?v=57jzPlxf4fk
569,/data1/eunju/datasets/mathspeech/dataset/569.mp3,"negative a, plus 1, plus 1 3rd.",$-a+1+\frac{1}{3}$,https://www.youtube.com/watch?v=HgEqXhsIq_g
358,/data1/eunju/datasets/mathspeech/dataset/358.mp3,a minus x,$\mathcal{a}-x$,https://www.youtube.com/watch?v=sRIDVAcoG5A
670,/data1/eunju/datasets/mathspeech/dataset/670.mp3,five cosine five x divided by two cosine two x,$5\cos(5x)/2\cos(2x)$,https://www.youtube.com/watch?v=PNTnmH6jsRI
283,/data1/eunju/datasets/mathspeech/dataset/283.mp3,v squared over c squared,$\frac{v^{2}}{c^{2}}$,https://www.youtube.com/watch?v=BSAA0akmPEU
37,/data1/eunju/datasets/mathspeech/dataset/37.mp3,x equals 7 pi over 6,$x = 7\pi/6$,https://www.youtube.com/watch?v=Bb-bgJdOqig
922,/data1/eunju/datasets/mathspeech/dataset/922.mp3,f sub y is three y squared plus four x squared,$f_{y}=3y^{2}+4x^{2}$,https://www.youtube.com/watch?v=z5TPjZrsp2k
526,/data1/eunju/datasets/mathspeech/dataset/526.mp3,square root of a squared minus y squared,$\sqrt{a^{2}-y^{2}}$,https://www.youtube.com/watch?v=Bv9kVDcj7yo
1000,/data1/eunju/datasets/mathspeech/dataset/1000.mp3,zero plus three yz squared,$0+3yz^{2}$,https://www.youtube.com/watch?v=seO7-TwXH_I
439,/data1/eunju/datasets/mathspeech/dataset/439.mp3,minus the integral from b to a of f of x dx,$\displaystyle -\int_{b}^{a}f(x)dx$,https://www.youtube.com/watch?v=1RLctDS2hUQ
304,/data1/eunju/datasets/mathspeech/dataset/304.mp3,negative two plus one,$\-2 + 1\$,https://www.youtube.com/watch?v=twzGBqPeW0M
48,/data1/eunju/datasets/mathspeech/dataset/48.mp3,theta is equal to pi over 2 to the 1 4th,$\theta = (\frac{\pi}{2}) ^ \frac{1}{4}$,https://www.youtube.com/watch?v=aeQA5d3gZTI 
1013,/data1/eunju/datasets/mathspeech/dataset/1013.mp3,e to the minus c log of c plus c minus 1,$e^{-(c\log(c)+c-1)}$,https://www.youtube.com/watch?v=q4mwO2qS2z4
463,/data1/eunju/datasets/mathspeech/dataset/463.mp3,f of minus x is equal to minus f of x,$f(-x)=-f(x)$,https://www.youtube.com/watch?v=_JXPe2J069c
558,/data1/eunju/datasets/mathspeech/dataset/558.mp3,3 times x minus 1,$3\times(x-1)$,https://www.youtube.com/watch?v=HgEqXhsIq_g
1015,/data1/eunju/datasets/mathspeech/dataset/1015.mp3,dy dx equal y squared,$\frac{dy}{dx}=y^{2}$,https://www.youtube.com/watch?v=76WdBlGpxVw
859,/data1/eunju/datasets/mathspeech/dataset/859.mp3, partial h partial y is less than zero,$\partial h/\partial y<0$,https://www.youtube.com/watch?v=ChiM2-MV-qM
732,/data1/eunju/datasets/mathspeech/dataset/732.mp3,x of t plus twice y of t plus four z of t,$x(t)+2y(t)+4z(t)$,https://www.youtube.com/watch?v=57jzPlxf4fk
252,/data1/eunju/datasets/mathspeech/dataset/252.mp3,log 10 times 10 to the x,$\log 10\times 10^{x}$,https://www.youtube.com/watch?v=9v25gg2qJYE
875,/data1/eunju/datasets/mathspeech/dataset/875.mp3, one-half mr squared omega squared,$\frac{1}{2}mr^{2}\omega^{2}$,https://www.youtube.com/watch?v=60e4hdCi1D4
895,/data1/eunju/datasets/mathspeech/dataset/895.mp3,integral from zero to one of t squared dt,$\int_{0}^{1}t^{2}dt$,https://www.youtube.com/watch?v=xrypSZU8cBE
592,/data1/eunju/datasets/mathspeech/dataset/592.mp3,x e to the x minus e to the x,$\displaystyle \operatorname{xe^{x} - e^{x}}$,https://www.youtube.com/watch?v=aeXp1zC6Hls
1017,/data1/eunju/datasets/mathspeech/dataset/1017.mp3, y of x equals 1 over 1 minus x,$y(x)=\frac{1}{1-x}$,https://www.youtube.com/watch?v=76WdBlGpxVw
842,/data1/eunju/datasets/mathspeech/dataset/842.mp3,partial f over partial u one,$\partial f \over \partial u_{1}$,https://www.youtube.com/watch?v=15HVevXRsBA
668,/data1/eunju/datasets/mathspeech/dataset/668.mp3, f of x divided by x minus a,$\frac{f(x)}{x-a}$,https://www.youtube.com/watch?v=PNTnmH6jsRI
1016,/data1/eunju/datasets/mathspeech/dataset/1016.mp3, y of x equals minus 1 over x plus c,$y(x)=-\frac{1}{x+c}$,https://www.youtube.com/watch?v=76WdBlGpxVw
220,/data1/eunju/datasets/mathspeech/dataset/220.mp3,d dy of y to the n times dy dx,$\displaystyle (\frac{d}{dy}y^{n})\frac{dy}{dx}$,https://www.youtube.com/watch?v=5q_3FDOkVRQ
711,/data1/eunju/datasets/mathspeech/dataset/711.mp3, x minus x cubed over 3 factorial plus x to the 5th over 5 factorial,$x-\frac{x^{3}}{3!}+\frac{x^{5}}{5!}$,https://www.youtube.com/watch?v=wOHrNt9ScYs
201,/data1/eunju/datasets/mathspeech/dataset/201.mp3,one over n cubed,$\frac{1}{n^{3}}$,https://www.youtube.com/watch?v=MK_0QHbUnIA
693,/data1/eunju/datasets/mathspeech/dataset/693.mp3,the integral from zero to infinity dx over x minus three squared,$\displaystyle \int_{0}^{\infty}\frac{dx}{(x-3)^{2}}$,https://www.youtube.com/watch?v=MK_0QHbUnIA
710,/data1/eunju/datasets/mathspeech/dataset/710.mp3,the sum n equals 0 to infinity of 1 divided by n factorial x to the n,$\sum_{n=0}^{\infty}\frac{1}{n!}x^{n}$,https://www.youtube.com/watch?v=wOHrNt9ScYs
777,/data1/eunju/datasets/mathspeech/dataset/777.mp3,a x squared plus b xy plus c y squared,$ay^{2}+bxy+cy^{2}$,https://www.youtube.com/watch?v=3_goGnJm5sA
141,/data1/eunju/datasets/mathspeech/dataset/141.mp3,the integral from zero to pi over two integral from zero to one of one minus r squared r dr d theta,$\displaystyle\int_{0}^{\frac{\pi}{2}}\int_{0}^{1}(1-r^{2})r dr d\theta$,https://www.youtube.com/watch?v=60e4hdCi1D4
284,/data1/eunju/datasets/mathspeech/dataset/284.mp3,t times 1 plus a half v squared over c squared,$t(1+\frac{1}{2}\frac{v^{2}}{c^{2}})$,https://www.youtube.com/watch?v=BSAA0akmPEU
706,/data1/eunju/datasets/mathspeech/dataset/706.mp3, sum a n x to the n,$\sum {a_n}x^{n}$,https://www.youtube.com/watch?v=wOHrNt9ScYs
133,/data1/eunju/datasets/mathspeech/dataset/133.mp3,x plus two y plus three z equals zero,$x+2y+3z=0$,https://www.youtube.com/watch?v=PxCxlsl_YwY
510,/data1/eunju/datasets/mathspeech/dataset/510.mp3,integrals of the form sine to the nth power of x cosine to the nth power of x dx,$\displaystyle \int \sin^{n}(x) \cos^{m}(x)dx $,https://www.youtube.com/watch?v=Bv9kVDcj7yo
508,/data1/eunju/datasets/mathspeech/dataset/508.mp3,cosine squared of theta minus the quantity 1 minus cosine squared of theta,$\cos^{2}(\theta)-(1-\cos^{2}(\theta)) $,https://www.youtube.com/watch?v=Bv9kVDcj7yo
675,/data1/eunju/datasets/mathspeech/dataset/675.mp3,x to the x is equal to e to the x log x,$x^{x}=e^{x\log x}$,https://www.youtube.com/watch?v=PNTnmH6jsRI
149,/data1/eunju/datasets/mathspeech/dataset/149.mp3,three halves of pi a to the fourth,$\frac{3}{2}(\pi a^{4})$,https://www.youtube.com/watch?v=60e4hdCi1D4
64,/data1/eunju/datasets/mathspeech/dataset/64.mp3,natural log of e to the x squared,$\ln(e^{x^{2}})$,https://www.youtube.com/watch?v=wezQdmwolMU
200,/data1/eunju/datasets/mathspeech/dataset/200.mp3,pi squared over 6,$\frac{\pi^{2}}{6}$,https://www.youtube.com/watch?v=MK_0QHbUnIA
492,/data1/eunju/datasets/mathspeech/dataset/492.mp3,pi x squared,$\pi x^{2}$,https://www.youtube.com/watch?v=R9a_NHXrBcg
995,/data1/eunju/datasets/mathspeech/dataset/995.mp3,x squared plus z cubed,$x^{2}+z^{3}$,https://www.youtube.com/watch?v=seO7-TwXH_I
265,/data1/eunju/datasets/mathspeech/dataset/265.mp3,fifty t plus ten a plus b,$50t+10a+b$,https://www.youtube.com/watch?v=eHJuAByQf5A
853,/data1/eunju/datasets/mathspeech/dataset/853.mp3, a equals one half ab sine theta,$A=\frac{1}{2}ab\sin\theta$,https://www.youtube.com/watch?v=23xbkrpQuAo
783,/data1/eunju/datasets/mathspeech/dataset/783.mp3,one over four a,$\frac{1}{4a}$,https://www.youtube.com/watch?v=3_goGnJm5sA
19,/data1/eunju/datasets/mathspeech/dataset/19.mp3,e to the minus b squared plus x squared,$e^{-(b^2 + x^2)}$,https://www.youtube.com/watch?v=zUEuKrxgHws 
823,/data1/eunju/datasets/mathspeech/dataset/823.mp3,x minus two,$\displaystyle x-2$,https://www.youtube.com/watch?v=2XraaWefBd8
47,/data1/eunju/datasets/mathspeech/dataset/47.mp3,theta to the fourth equals pi over two,$ \theta^{4} = \frac{\pi}{2} $,https://www.youtube.com/watch?v=aeQA5d3gZTI 
541,/data1/eunju/datasets/mathspeech/dataset/541.mp3,the secant of x plus the tangent of x ,$\operatorname{\sec}(x)+\tan(x)$,https://www.youtube.com/watch?v=CXKoCMVqM9s
328,/data1/eunju/datasets/mathspeech/dataset/328.mp3,x cubed is equal to 2v,$x^{3}=2v$,https://www.youtube.com/watch?v=YN7k_bXXggY
378,/data1/eunju/datasets/mathspeech/dataset/378.mp3,f of b minus f of a divided by b minus a,$(f(b)-f(a))/(b-a)$,https://www.youtube.com/watch?v=4Q37iOyBq44
757,/data1/eunju/datasets/mathspeech/dataset/757.mp3, f of x y equals one over x plus y,"$f(x,y)=\frac{1}{x+y}$",https://www.youtube.com/watch?v=dK3NEf13nPc
660,/data1/eunju/datasets/mathspeech/dataset/660.mp3,u prime is equal to 1 over 1 plus x squared,$u^{\prime}=\frac{1}{1+x^{2}}$,https://www.youtube.com/watch?v=BGE3wb7H2PA
717,/data1/eunju/datasets/mathspeech/dataset/717.mp3,x times the sine of x,$x\mathinner{\sin\left(x\right)}$,https://www.youtube.com/watch?v=--lPz7VFnKI
741,/data1/eunju/datasets/mathspeech/dataset/741.mp3,square root of one minus cosine t squared plus sine squared t,$\sqrt{1-\cos^{2}t+\sin^{2}t}$,https://www.youtube.com/watch?v=0D4BbCa4gHo
337,/data1/eunju/datasets/mathspeech/dataset/337.mp3,y prime is equal to minus 2xy divided by x squared,$y^{\prime}=-\frac{2xy}{x^{2}}$,https://www.youtube.com/watch?v=YN7k_bXXggY
699,/data1/eunju/datasets/mathspeech/dataset/699.mp3,1 plus 1 over 2 plus all the way up to 1 over n minus 1 plus 1 over n,$1+\frac{1}{2}+\mathrm{\ldots}+\frac{1}{n-1}+\frac{1}{n}$,https://www.youtube.com/watch?v=MK_0QHbUnIA
372,/data1/eunju/datasets/mathspeech/dataset/372.mp3,square root of 5 minus xn,$\sqrt{5}-x_n$,https://www.youtube.com/watch?v=sRIDVAcoG5A
503,/data1/eunju/datasets/mathspeech/dataset/503.mp3,y zero plus four y one plus y two divided by six,$(y_{0}+4y_{1}+y_{2})/6$,https://www.youtube.com/watch?v=jBkXbAgMj6s
199,/data1/eunju/datasets/mathspeech/dataset/199.mp3,sum 1 over n squared n equals 1 to infinity,$\sum_{n=1}^{\infty} 1/n^{2}$,https://www.youtube.com/watch?v=MK_0QHbUnIA
806,/data1/eunju/datasets/mathspeech/dataset/806.mp3, f sub x times x prime of t dt,$f_{x}x^{\prime}(t)dt$,https://www.youtube.com/watch?v=7eZVshlT33Q
915,/data1/eunju/datasets/mathspeech/dataset/915.mp3, integral from t0 to t1 of dF dt dt,$\displaystyle \int_{t_{0}}^{t_{1}}\frac{dF}{dt}dt$,https://www.youtube.com/watch?v=o7UCBjGsRTE
639,/data1/eunju/datasets/mathspeech/dataset/639.mp3,r squared minus two a r cosine theta equals zero,"$r^{2}-2a\,r\cos\theta=0$",https://www.youtube.com/watch?v=XRkgBWbWvg4
577,/data1/eunju/datasets/mathspeech/dataset/577.mp3,b3 x plus c3 x squared plus 4 cubed,$b_3 x+c_3 x^{2}+4^{3}$,https://www.youtube.com/watch?v=aeXp1zC6Hls
196,/data1/eunju/datasets/mathspeech/dataset/196.mp3,y equals 1 over x minus 3 squared,$y=\frac{1}{(x-3)^{2}}$,https://www.youtube.com/watch?v=MK_0QHbUnIA
195,/data1/eunju/datasets/mathspeech/dataset/195.mp3,y equals 1 over the square root of x,$y=1/\sqrt{x}$,https://www.youtube.com/watch?v=MK_0QHbUnIA
727,/data1/eunju/datasets/mathspeech/dataset/727.mp3,5 times 2 factorial,$5\cdot2!$,https://www.youtube.com/watch?v=--lPz7VFnKI
981,/data1/eunju/datasets/mathspeech/dataset/981.mp3,three times little n will be negative big N,$3\mathrm{n}=\mathrm{-}\mathrm{N}$,https://www.youtube.com/watch?v=WfEQabCGAqI
742,/data1/eunju/datasets/mathspeech/dataset/742.mp3, square root of one minus two cosine t plus cosine squared t plus sine squared t,$\displaystyle \sqrt{1-2\cos t+\cos^{2}t+\sin^{2}t}$,https://www.youtube.com/watch?v=0D4BbCa4gHo
423,/data1/eunju/datasets/mathspeech/dataset/423.mp3,1 3rd n cubed,$\frac{1}{3}n^{3}$,https://www.youtube.com/watch?v=hjZhPczMkL4
552,/data1/eunju/datasets/mathspeech/dataset/552.mp3,4 times the tangent squared of theta,$4\tan^{2}(\theta)$,https://www.youtube.com/watch?v=CXKoCMVqM9s
400,/data1/eunju/datasets/mathspeech/dataset/400.mp3,the integral of dx over 1 plus x squared,$\int\frac{dx}{1+x^{2}}$,https://www.youtube.com/watch?v=-MI0b4h3rS0
244,/data1/eunju/datasets/mathspeech/dataset/244.mp3,M of a is equal to the limit as delta x goes to 0 of a to the delta x minus 1 divided by delta x,$M(a)=\lim_{\Delta x\to 0}\frac{a^{\Delta x}-1}{\Delta x}$,https://www.youtube.com/watch?v=9v25gg2qJYE
153,/data1/eunju/datasets/mathspeech/dataset/153.mp3,y of t equals two plus t,$y(t)=2+t$,https://www.youtube.com/watch?v=57jzPlxf4fk
874,/data1/eunju/datasets/mathspeech/dataset/874.mp3,r minus r cubed,$(r-r^{3})$,https://www.youtube.com/watch?v=60e4hdCi1D4
697,/data1/eunju/datasets/mathspeech/dataset/697.mp3,pi squared over 6,$\frac{\pi^{2}}{6}$,https://www.youtube.com/watch?v=MK_0QHbUnIA
192,/data1/eunju/datasets/mathspeech/dataset/192.mp3,dx over x to the p,$\frac{dx}{x^{p}}$,https://www.youtube.com/watch?v=MK_0QHbUnIA
1007,/data1/eunju/datasets/mathspeech/dataset/1007.mp3,x is c times the expected value of r,$x =c\cdot\operatorname*{\mathbb{E}}[r]$,https://www.youtube.com/watch?v=q4mwO2qS2z4
255,/data1/eunju/datasets/mathspeech/dataset/255.mp3,v prime is equal to v times 1 plus log x,$v^{\prime}=v(1+\log x)$,https://www.youtube.com/watch?v=9v25gg2qJYE
698,/data1/eunju/datasets/mathspeech/dataset/698.mp3, 1 over n cubed,$\frac{1}{n^{3}}$,https://www.youtube.com/watch?v=MK_0QHbUnIA
354,/data1/eunju/datasets/mathspeech/dataset/354.mp3,dv dt is equal to dv dh times dh dt,$dv/dt = \frac{dv}{dh}\times\frac{dh}{dt}$,https://www.youtube.com/watch?v=sRIDVAcoG5A
368,/data1/eunju/datasets/mathspeech/dataset/368.mp3,minus a half x zero,$-\frac{1}{2}x_{0}$,https://www.youtube.com/watch?v=sRIDVAcoG5A
489,/data1/eunju/datasets/mathspeech/dataset/489.mp3,pi over 4,$\frac{\pi}{4}$,https://www.youtube.com/watch?v=R9a_NHXrBcg
152,/data1/eunju/datasets/mathspeech/dataset/152.mp3,minus one plus two t,$\displaystyle -1+2t$,https://www.youtube.com/watch?v=57jzPlxf4fk
241,/data1/eunju/datasets/mathspeech/dataset/241.mp3,1 over square root of 1 minus x squared,$\frac{1}{\sqrt{1-x^{2}}}$,https://www.youtube.com/watch?v=5q_3FDOkVRQ
260,/data1/eunju/datasets/mathspeech/dataset/260.mp3,ln of one plus one over k,$\ln(1+\frac{1}{k})$,https://www.youtube.com/watch?v=eHJuAByQf5A
527,/data1/eunju/datasets/mathspeech/dataset/527.mp3,a squared theta over 2 ,$a^{2}\theta \over2$,https://www.youtube.com/watch?v=Bv9kVDcj7yo
321,/data1/eunju/datasets/mathspeech/dataset/321.mp3,x over 4,$\frac{x}{4}$,https://www.youtube.com/watch?v=YN7k_bXXggY
504,/data1/eunju/datasets/mathspeech/dataset/504.mp3,y2 plus 4y3 plus y4 divided by 6,$(y_2 + 4y_3 + y_4)\over 6$,https://www.youtube.com/watch?v=jBkXbAgMj6s
914,/data1/eunju/datasets/mathspeech/dataset/914.mp3, the integral of f sub x times dx  dt plus f sub y times dy dt,$\int f_{x}\frac{dx}{dt}+f_{y}\frac{dy}{dt}$ ,https://www.youtube.com/watch?v=o7UCBjGsRTE
159,/data1/eunju/datasets/mathspeech/dataset/159.mp3,one times two plus two times one plus four times minus three,$1\times2+2\times1+4\times(-3)$.,https://www.youtube.com/watch?v=57jzPlxf4fk
726,/data1/eunju/datasets/mathspeech/dataset/726.mp3,x minus x cubed over 3 ,$x-\frac{x^{3}}{3}$,https://www.youtube.com/watch?v=--lPz7VFnKI
491,/data1/eunju/datasets/mathspeech/dataset/491.mp3,y equals x squared,$\displaystyle y=x^{2}$,https://www.youtube.com/watch?v=R9a_NHXrBcg
802,/data1/eunju/datasets/mathspeech/dataset/802.mp3,partial f partial x dx plus partial f partial y dy plus partial f over partial z dz,$\displaystyle \frac{\partial f}{\partial x}dx+\frac{\partial f}{\partial y}dy+\frac{\partial f}{\partial z}dz$,https://www.youtube.com/watch?v=7eZVshlT33Q
790,/data1/eunju/datasets/mathspeech/dataset/790.mp3,a t squared plus b t plus c,$at^{2}+bt+c$,https://www.youtube.com/watch?v=3_goGnJm5sA
965,/data1/eunju/datasets/mathspeech/dataset/965.mp3,minus c times x y z over rho cubed,"$-\frac{c(x,y,z)}{\rho^{3}}$",https://www.youtube.com/watch?v=phk05iSMezA
277,/data1/eunju/datasets/mathspeech/dataset/277.mp3,f prime is one over one plus x,$f^{\prime}=\frac{1}{1+x}$,https://www.youtube.com/watch?v=BSAA0akmPEU
730,/data1/eunju/datasets/mathspeech/dataset/730.mp3,minus one plus two t,$\displaystyle -1+2t$,https://www.youtube.com/watch?v=57jzPlxf4fk
967,/data1/eunju/datasets/mathspeech/dataset/967.mp3,square root of x squared plus y squared plus z squared is equal to a ,$\sqrt{x^{2}+y^{2}+z^{2}}=a$,https://www.youtube.com/watch?v=phk05iSMezA
762,/data1/eunju/datasets/mathspeech/dataset/762.mp3,x squared plus y squared equals zero,$x^{2}+y^{2}=0$,https://www.youtube.com/watch?v=dK3NEf13nPc
970,/data1/eunju/datasets/mathspeech/dataset/970.mp3,dS equals a squared sine phi d phi d theta,$dS=a^{2}\sin\phi d\phi d\theta$,https://www.youtube.com/watch?v=phk05iSMezA
713,/data1/eunju/datasets/mathspeech/dataset/713.mp3,x to the fourth over four factorial,$x^{4}/4!$,https://www.youtube.com/watch?v=wOHrNt9ScYs
849,/data1/eunju/datasets/mathspeech/dataset/849.mp3,partial z over partial x is minus gx over gz,$\frac{\partial z}{\partial x} = -\frac{{g}_{x}}{{g}_{z}}$,https://www.youtube.com/watch?v=23xbkrpQuAo
782,/data1/eunju/datasets/mathspeech/dataset/782.mp3,b squared over 4 a squared y squared plus cy squared minus b squared over 4 a y squared,$\displaystyle \frac{b^{2}}{4a^{2}}y^{2}+cy^{2}-\frac{b^{2}}{4a}y^{2}$,https://www.youtube.com/watch?v=3_goGnJm5sA
475,/data1/eunju/datasets/mathspeech/dataset/475.mp3,y squared over 2 plus 2y,$\frac{y^{2}}{2}+2y$,https://www.youtube.com/watch?v=_JXPe2J069c
1036,/data1/eunju/datasets/mathspeech/dataset/1036.mp3,1 over k squared plus omega squared,$\frac{1}{k^{2}+\omega^{2}}$,https://www.youtube.com/watch?v=fkGAF5jHjdY
598,/data1/eunju/datasets/mathspeech/dataset/598.mp3,delta x squared plus delta y squared,$\Delta x^{2}+\Delta y^{2}$,https://www.youtube.com/watch?v=TpWQlKHPyJ4
342,/data1/eunju/datasets/mathspeech/dataset/342.mp3,x over y is equal to 2,$\frac{x}{y}=2$,https://www.youtube.com/watch?v=YN7k_bXXggY
833,/data1/eunju/datasets/mathspeech/dataset/833.mp3,g equals c,$g = c$,https://www.youtube.com/watch?v=15HVevXRsBA
530,/data1/eunju/datasets/mathspeech/dataset/530.mp3,a sine of theta a cosine of theta over two,$a\sin(\theta)a\cos(\theta)\over 2$,https://www.youtube.com/watch?v=Bv9kVDcj7yo
585,/data1/eunju/datasets/mathspeech/dataset/585.mp3,log x squared,$(\log x)^{2}$,https://www.youtube.com/watch?v=aeXp1zC6Hls
142,/data1/eunju/datasets/mathspeech/dataset/142.mp3,r minus r cubed,$(r-r^{3})$,https://www.youtube.com/watch?v=60e4hdCi1D4
307,/data1/eunju/datasets/mathspeech/dataset/307.mp3,one minus one over x plus 2,$1-\frac{1}{x+2}$,https://www.youtube.com/watch?v=twzGBqPeW0M
900,/data1/eunju/datasets/mathspeech/dataset/900.mp3,y equals sine squared theta,$y=\sin^{2}\theta$,https://www.youtube.com/watch?v=xrypSZU8cBE
696,/data1/eunju/datasets/mathspeech/dataset/696.mp3, sum 1 over n squared n equals 1 to infinity,$\sum_{n=1}^{\infty}{1/n^{2}}$,https://www.youtube.com/watch?v=MK_0QHbUnIA
781,/data1/eunju/datasets/mathspeech/dataset/781.mp3,a times x squared plus a times 2xb over 2ay,$ax^{2}+a\frac{2xb}{2ay}$,https://www.youtube.com/watch?v=3_goGnJm5sA
462,/data1/eunju/datasets/mathspeech/dataset/462.mp3,f prime of 0 is e to the minus 0 squared which is 1,$\displaystyle f^{\prime}(0)=e^{-0^{2}}=1$,https://www.youtube.com/watch?v=_JXPe2J069c
1063,/data1/eunju/datasets/mathspeech/dataset/1063.mp3, seven x dots plus three x equals f of t,$7x\dot{+}3x=f(t)$,https://www.youtube.com/watch?v=LjqUV6vqwkg
308,/data1/eunju/datasets/mathspeech/dataset/308.mp3,one times log x minus x times the derivative of log x,$1\cdot\log x-x\cdot\frac{\mathrm{d}}{\mathrm{dx}}\log (x)$,https://www.youtube.com/watch?v=twzGBqPeW0M
803,/data1/eunju/datasets/mathspeech/dataset/803.mp3,delta y plus fz delta z ,$\displaystyle \Delta y+f(z)\Delta z$,https://www.youtube.com/watch?v=7eZVshlT33Q
786,/data1/eunju/datasets/mathspeech/dataset/786.mp3,four a c minus b squared equals zero,$4ac-b^{2}=0$,https://www.youtube.com/watch?v=3_goGnJm5sA
392,/data1/eunju/datasets/mathspeech/dataset/392.mp3,dy is equal to 1 48th dx,$dy=\frac{1}{48}dx$,https://www.youtube.com/watch?v=-MI0b4h3rS0
737,/data1/eunju/datasets/mathspeech/dataset/737.mp3,x of theta is theta minus sine theta,$x(\theta)=\theta-\sin\theta$,https://www.youtube.com/watch?v=57jzPlxf4fk
499,/data1/eunju/datasets/mathspeech/dataset/499.mp3,c pi times e to the minus r one squared minus e to the minus r two squared,$\displaystyle c\pi(e^{-r_{1}^{2}}-e^{-r_{2}^{2}})$,https://www.youtube.com/watch?v=jBkXbAgMj6s
924,/data1/eunju/datasets/mathspeech/dataset/924.mp3,x equals two plus cosine theta,$x=2+\cos\theta$,https://www.youtube.com/watch?v=tYdoS0tkAHA
433,/data1/eunju/datasets/mathspeech/dataset/433.mp3,f of b minus f of a,$\displaystyle f(b)-f(a)$,https://www.youtube.com/watch?v=1RLctDS2hUQ
333,/data1/eunju/datasets/mathspeech/dataset/333.mp3,two to the one third v to the one third squared plus four v ,$({2^{(1/3)}v^{(1/3)}})^{2}+4v$,https://www.youtube.com/watch?v=YN7k_bXXggY
716,/data1/eunju/datasets/mathspeech/dataset/716.mp3,x over 2n plus 1,$\frac{x}{2n+1}$,https://www.youtube.com/watch?v=--lPz7VFnKI
721,/data1/eunju/datasets/mathspeech/dataset/721.mp3,x minus x squared over two plus x cubed over three minus x to the fourth over four,$x-x^{2}/2+x^{3}/3-x^{4}/4$,https://www.youtube.com/watch?v=--lPz7VFnKI
357,/data1/eunju/datasets/mathspeech/dataset/357.mp3,the square root of a minus x squared plus b minus y squared,$\sqrt{(a-x)^{2}+(b-y)^{2}}$,https://www.youtube.com/watch?v=sRIDVAcoG5A
465,/data1/eunju/datasets/mathspeech/dataset/465.mp3,2 over the square root of pi times the integral from 0 to x e to the minus t squared dt,$\displaystyle \frac{2}{\sqrt{\pi}}\int_{0}^{x}e^{-t^{2}}dt$,https://www.youtube.com/watch?v=_JXPe2J069c
473,/data1/eunju/datasets/mathspeech/dataset/473.mp3,x equals y squared,$\displaystyle x=y^{2}$,https://www.youtube.com/watch?v=_JXPe2J069c
282,/data1/eunju/datasets/mathspeech/dataset/282.mp3,t prime is equal to t divided by the square root of 1 minus v squared over c squared,$t^{\prime}= t/\sqrt{1-v^{2}/c^{2}}$,https://www.youtube.com/watch?v=BSAA0akmPEU
1002,/data1/eunju/datasets/mathspeech/dataset/1002.mp3,partial over partial y of r minus partial partial z of q,$\displaystyle \frac{\partial}{\partial y}(R)-\frac{\partial}{\partial z}(Q)$,https://www.youtube.com/watch?v=seO7-TwXH_I
1003,/data1/eunju/datasets/mathspeech/dataset/1003.mp3,two to the n ,$2^{\mathcal{n}}$,https://www.youtube.com/watch?v=oI9fMUqgfxY
561,/data1/eunju/datasets/mathspeech/dataset/561.mp3,1 over x minus 1 plus 3 over x plus 2,$\frac{1}{x-1}+\frac{3}{x+2}$,https://www.youtube.com/watch?v=HgEqXhsIq_g
422,/data1/eunju/datasets/mathspeech/dataset/422.mp3,the integral from 0 to b x squared dx,$\int_{0}^{b}x^{2}dx$,https://www.youtube.com/watch?v=hjZhPczMkL4
594,/data1/eunju/datasets/mathspeech/dataset/594.mp3,2 pi e x dx,$2\pi exdx$,https://www.youtube.com/watch?v=aeXp1zC6Hls
728,/data1/eunju/datasets/mathspeech/dataset/728.mp3,minus x to the seventh over seven times three factorial,$-\frac{x^{7}}{7\cdot3!}$,https://www.youtube.com/watch?v=--lPz7VFnKI
1068,/data1/eunju/datasets/mathspeech/dataset/1068.mp3, i squared equals negative one,$i^{2}=-1$,https://www.youtube.com/watch?v=EQJBp6Ym-6A
979,/data1/eunju/datasets/mathspeech/dataset/979.mp3,delta A equals delta S times the cosine of alpha,$\Delta A=\Delta S(\cos\alpha)$,https://www.youtube.com/watch?v=WfEQabCGAqI
929,/data1/eunju/datasets/mathspeech/dataset/929.mp3,M of x f two of x minus M of x f one of x,$\displaystyle (M(x)f_{2}(x))-(M(x)f_{1}(x))$,https://www.youtube.com/watch?v=tYdoS0tkAHA
708,/data1/eunju/datasets/mathspeech/dataset/708.mp3,a zero plus a one x plus a two x squared plus a three x cubed plus dot dot dot,$\displaystyle \mathcal{a}_{0}+\mathcal{a}_{1}x+\mathcal{a}_{2}x^{2}+\mathcal{a}_{3}x^{3}+\cdots$,https://www.youtube.com/watch?v=wOHrNt9ScYs
876,/data1/eunju/datasets/mathspeech/dataset/876.mp3,x squared plus y squared,$x^{2}+y^{2}$,https://www.youtube.com/watch?v=60e4hdCi1D4
734,/data1/eunju/datasets/mathspeech/dataset/734.mp3, minus 8t plus 11 equals 7,$-8t+11=7$,https://www.youtube.com/watch?v=57jzPlxf4fk
855,/data1/eunju/datasets/mathspeech/dataset/855.mp3,dg is g sub x dx plus g sub y dy plus g sub z dz,$dg =g_{x}dx+g_{y}dy+g_{z}dz$,https://www.youtube.com/watch?v=ChiM2-MV-qM
645,/data1/eunju/datasets/mathspeech/dataset/645.mp3,4a squared divided by 2,$4a^{2}/2$,https://www.youtube.com/watch?v=BGE3wb7H2PA
1006,/data1/eunju/datasets/mathspeech/dataset/1006.mp3,two plus a half divided by two is one and a quarter.,$(2+\frac{1}{2})\div2=1+\frac{1}{4}$,https://www.youtube.com/watch?v=oI9fMUqgfxY
666,/data1/eunju/datasets/mathspeech/dataset/666.mp3,x squared minus 1,$\displaystyle x^{2}-1$,https://www.youtube.com/watch?v=PNTnmH6jsRI
115,/data1/eunju/datasets/mathspeech/dataset/115.mp3,delta u divided by delta x times v of x plus delta x,$\frac{\Delta u}{\Delta x}\cdot v(x+\Delta x)$,https://www.youtube.com/watch?v=4sTKcvYMNxk
317,/data1/eunju/datasets/mathspeech/dataset/317.mp3, x log x cubed ,$x(\log x)^3$,https://www.youtube.com/watch?v=twzGBqPeW0M
808,/data1/eunju/datasets/mathspeech/dataset/808.mp3, x squared y plus z,$\mathsf{x}^{2}y+z$,https://www.youtube.com/watch?v=7eZVshlT33Q
217,/data1/eunju/datasets/mathspeech/dataset/217.mp3,z equals one minus x squared minus y squared,$z=1-x^{2}-y^{2}$,https://www.youtube.com/watch?v=dK3NEf13nPc
613,/data1/eunju/datasets/mathspeech/dataset/613.mp3,x equals a half tan u,$x=\frac{1}{2}\tan u$,https://www.youtube.com/watch?v=TpWQlKHPyJ4
46,/data1/eunju/datasets/mathspeech/dataset/46.mp3,cosine of pi over two is equal to zero,$\cos(\pi/2) = 0$,https://www.youtube.com/watch?v=aeQA5d3gZTI 
629,/data1/eunju/datasets/mathspeech/dataset/629.mp3,2 cosine t squared plus sine t,$2(\cos t)^{2}+\sin t$,https://www.youtube.com/watch?v=XRkgBWbWvg4
228,/data1/eunju/datasets/mathspeech/dataset/228.mp3,y is equal to plus or minus square root of 1 minus x squared,$y =\pm\sqrt{1-x^{2}}$,https://www.youtube.com/watch?v=5q_3FDOkVRQ
743,/data1/eunju/datasets/mathspeech/dataset/743.mp3,square root of two minus two cosine t,$\sqrt{2-2\cos t}$,https://www.youtube.com/watch?v=0D4BbCa4gHo
878,/data1/eunju/datasets/mathspeech/dataset/878.mp3,r equals 2a cosine theta,$r=2a\cos\theta$,https://www.youtube.com/watch?v=60e4hdCi1D4
856,/data1/eunju/datasets/mathspeech/dataset/856.mp3, minus fx gz over gx plus fz,$-f_x\frac{gz}{gx}+fz$,https://www.youtube.com/watch?v=ChiM2-MV-qM
994,/data1/eunju/datasets/mathspeech/dataset/994.mp3,b y z squared minus 4z cubed ,$byz^{2}-4z^{3}$,https://www.youtube.com/watch?v=seO7-TwXH_I
125,/data1/eunju/datasets/mathspeech/dataset/125.mp3,length A squared equals length B squared plus one,${a}^{2}={b}^{2} + 1$,https://www.youtube.com/watch?v=PxCxlsl_YwY
652,/data1/eunju/datasets/mathspeech/dataset/652.mp3,one minus two r cosine theta,$1-2r\cos\theta$,https://www.youtube.com/watch?v=BGE3wb7H2PA
315,/data1/eunju/datasets/mathspeech/dataset/315.mp3,one over minus infinity minus 1 over infinity,$\frac{1}{-\infty}-\frac{1}{\infty}$,https://www.youtube.com/watch?v=twzGBqPeW0M
663,/data1/eunju/datasets/mathspeech/dataset/663.mp3,a half x minus a half tan inverse x,$\frac{1}{2}x-\frac{1}{2}\tan^{-1}x$,https://www.youtube.com/watch?v=BGE3wb7H2PA
800,/data1/eunju/datasets/mathspeech/dataset/800.mp3,one over square root of one minus x squared,$\frac{1}{\sqrt{(1-x^{2})}}$,https://www.youtube.com/watch?v=7eZVshlT33Q
549,/data1/eunju/datasets/mathspeech/dataset/549.mp3, x is a times the sine of theta,$x=a\sin(\theta)$,https://www.youtube.com/watch?v=CXKoCMVqM9s
642,/data1/eunju/datasets/mathspeech/dataset/642.mp3, delta theta divided by 2pi,$\Delta\theta/2\pi$,https://www.youtube.com/watch?v=BGE3wb7H2PA
934,/data1/eunju/datasets/mathspeech/dataset/934.mp3,the curl of f which is Nx minus My,$\displaystyle \operatorname{\nabla}\times F=Nx-My$,https://www.youtube.com/watch?v=PnPIqh7Frlw
264,/data1/eunju/datasets/mathspeech/dataset/264.mp3,y is ten x plus b,$y=10x+b$,https://www.youtube.com/watch?v=eHJuAByQf5A
481,/data1/eunju/datasets/mathspeech/dataset/481.mp3,pi A x squared minus x cubed over 3,$\pi(ax^{2}-\frac{x^{3}}{3})$,https://www.youtube.com/watch?v=ShGBRUx2ub8
486,/data1/eunju/datasets/mathspeech/dataset/486.mp3,delta x divided by b minus a is 1 over n,$\frac{\Delta x}{b-a}=\frac{1}{n}$,https://www.youtube.com/watch?v=R9a_NHXrBcg
1011,/data1/eunju/datasets/mathspeech/dataset/1011.mp3,z is c natural log of c plus 1,$z=c\ln(c)+1$,https://www.youtube.com/watch?v=q4mwO2qS2z4
275,/data1/eunju/datasets/mathspeech/dataset/275.mp3,y equals e to the x,$y=\mathrm{e}^{x}$,https://www.youtube.com/watch?v=BSAA0akmPEU
15,/data1/eunju/datasets/mathspeech/dataset/15.mp3,a half plus n minus 1 plus a half ,$\frac{1}{2}+n-1+\frac{1}{2}$,https://www.youtube.com/watch?v=zUEuKrxgHws 
731,/data1/eunju/datasets/mathspeech/dataset/731.mp3,x plus two y plus four z equals seven,$x+2y+4z=7$,https://www.youtube.com/watch?v=57jzPlxf4fk
923,/data1/eunju/datasets/mathspeech/dataset/923.mp3,line integral along C of y e to the minus x dx plus one-half of x squared minus e to the minus x dy,$\displaystyle \oint_{C}({y}e^{-x})dx+(\frac{1}{2}x^{2}-e^{-x})dy$,https://www.youtube.com/watch?v=tYdoS0tkAHA
701,/data1/eunju/datasets/mathspeech/dataset/701.mp3,1 over n to the 5th square root,$(1/\sqrt{n^{5}})$,https://www.youtube.com/watch?v=MK_0QHbUnIA
848,/data1/eunju/datasets/mathspeech/dataset/848.mp3,dz equals minus four sixth dx,$dz=-4x^{6}dx$,https://www.youtube.com/watch?v=23xbkrpQuAo
635,/data1/eunju/datasets/mathspeech/dataset/635.mp3,theta equals seven pi over four,$\theta=7\pi/4$,https://www.youtube.com/watch?v=XRkgBWbWvg4
835,/data1/eunju/datasets/mathspeech/dataset/835.mp3,2x minus lambda y equals zero,$2x-\lambda y=0$,https://www.youtube.com/watch?v=15HVevXRsBA
793,/data1/eunju/datasets/mathspeech/dataset/793.mp3, x minus x zero squared,$(x-x_{0})^{2}$,https://www.youtube.com/watch?v=3_goGnJm5sA
128,/data1/eunju/datasets/mathspeech/dataset/128.mp3,the length of a is the square root of a one squared plus a two squared plus a three squared,$|a|=\sqrt{a_{1}^{2}+a_{2}^{2}+a_{3}^{2}}$,https://www.youtube.com/watch?v=PxCxlsl_YwY
837,/data1/eunju/datasets/mathspeech/dataset/837.mp3,negative four plus lambda squared,$-4+\lambda^{2}$,https://www.youtube.com/watch?v=15HVevXRsBA
662,/data1/eunju/datasets/mathspeech/dataset/662.mp3,x squared over 2 tan inverse x,$\frac{x^{2}}{2}\tan^{-1}x$,https://www.youtube.com/watch?v=BGE3wb7H2PA
495,/data1/eunju/datasets/mathspeech/dataset/495.mp3,y is equal to 1 minus x squared,$y=1-x^{2}$,https://www.youtube.com/watch?v=R9a_NHXrBcg
591,/data1/eunju/datasets/mathspeech/dataset/591.mp3,n times g n minus 1 of x,$n\cdot g_{n-1}(x)$,https://www.youtube.com/watch?v=aeXp1zC6Hls
58,/data1/eunju/datasets/mathspeech/dataset/58.mp3,f of x is equal to x to the pi plus pi to the x,$f(x) = x^{\pi} + \pi^{x}$,https://www.youtube.com/watch?v=wezQdmwolMU
43,/data1/eunju/datasets/mathspeech/dataset/43.mp3,dw d theta is four theta to the third,$\frac{dw}{d\theta} = 4\theta^{3}$,https://www.youtube.com/watch?v=aeQA5d3gZTI 
258,/data1/eunju/datasets/mathspeech/dataset/258.mp3,n log one plus one over n,$n\log(1+1/n)$,https://www.youtube.com/watch?v=9v25gg2qJYE
164,/data1/eunju/datasets/mathspeech/dataset/164.mp3,theta squared over two,$\frac{\theta^2}{2}$,https://www.youtube.com/watch?v=57jzPlxf4fk
38,/data1/eunju/datasets/mathspeech/dataset/38.mp3,pi over 2 minus pi over 3 is pi over 6,$\pi/2 - \pi/3 = \pi/6$,https://www.youtube.com/watch?v=Bb-bgJdOqig
908,/data1/eunju/datasets/mathspeech/dataset/908.mp3,dx is negative a sine theta d theta,$dx=-a\sin\theta d\theta$,https://www.youtube.com/watch?v=xrypSZU8cBE
305,/data1/eunju/datasets/mathspeech/dataset/305.mp3,1 plus 1 over x,$1+\frac{1}{x}$,https://www.youtube.com/watch?v=twzGBqPeW0M
578,/data1/eunju/datasets/mathspeech/dataset/578.mp3,r of x is equal to a11 x to the 11th plus a10 x to the 10th,$r(x)=a_{11}x^{11}+a_{10}x^{10}$,https://www.youtube.com/watch?v=aeXp1zC6Hls
467,/data1/eunju/datasets/mathspeech/dataset/467.mp3,f of x minus g of x times dx,$(f(x)-g(x))dx$,https://www.youtube.com/watch?v=_JXPe2J069c
363,/data1/eunju/datasets/mathspeech/dataset/363.mp3,f of x equals 0,$f(\mathbf{x})=0$,https://www.youtube.com/watch?v=sRIDVAcoG5A
507,/data1/eunju/datasets/mathspeech/dataset/507.mp3,cosine squared theta minus the sin squared of theta,$\cos^{2}\theta-\sin^{2}\theta$,https://www.youtube.com/watch?v=Bv9kVDcj7yo
784,/data1/eunju/datasets/mathspeech/dataset/784.mp3,four ac minus b squared y squared,$4ac-b^{2}y^{2}$,https://www.youtube.com/watch?v=3_goGnJm5sA
480,/data1/eunju/datasets/mathspeech/dataset/480.mp3,12 3rds minus 8 3rds pi a cubed,$(\frac{12}{3}-\frac{8}{3})\pi a^{3}$,https://www.youtube.com/watch?v=ShGBRUx2ub8
681,/data1/eunju/datasets/mathspeech/dataset/681.mp3,dx over x to the pth power,$\frac{dx}{x^{p}}$,https://www.youtube.com/watch?v=KhwQKE_tld0
587,/data1/eunju/datasets/mathspeech/dataset/587.mp3,u prime is n times log x to the n minus 1 times 1 over x,$u^{\prime}=n(\log x)^{n-1}\cdot\frac{1}{x}$,https://www.youtube.com/watch?v=aeXp1zC6Hls
168,/data1/eunju/datasets/mathspeech/dataset/168.mp3,square root of two minus two cosine t,$\sqrt{2-2\cos t}$,https://www.youtube.com/watch?v=0D4BbCa4gHo
73,/data1/eunju/datasets/mathspeech/dataset/73.mp3,1 over 2x plus 1 over 2 times x plus 4,$\frac{1}{2x} + \frac{1}{2(x + 4)}$,https://www.youtube.com/watch?v=9YgOmJdom6o 
560,/data1/eunju/datasets/mathspeech/dataset/560.mp3,b times x plus two times x minus one,$b(x+2)(x-1)$,https://www.youtube.com/watch?v=HgEqXhsIq_g
736,/data1/eunju/datasets/mathspeech/dataset/736.mp3,a minus a cosine theta,$a-a\cos\theta$,https://www.youtube.com/watch?v=57jzPlxf4fk
158,/data1/eunju/datasets/mathspeech/dataset/158.mp3,minus one plus four plus eight is eleven,$-1+4+8=11$,https://www.youtube.com/watch?v=57jzPlxf4fk
1044,/data1/eunju/datasets/mathspeech/dataset/1044.mp3,C1 exponential lambda 1 plus C2 exponential lambda 2,$\displaystyle C_{1}\exp(\lambda_{1})+C_{2}\exp(\lambda_{2})$,https://www.youtube.com/watch?v=2-5oq-igwtU
609,/data1/eunju/datasets/mathspeech/dataset/609.mp3,y prime is 2x,$y^{\prime}=2x$,https://www.youtube.com/watch?v=TpWQlKHPyJ4
86,/data1/eunju/datasets/mathspeech/dataset/86.mp3,w of x plus 2 times e to the w of x ,$w(x) + 2e^{w(x)}$ ,https://www.youtube.com/watch?v=8gGbViZjoRw
25,/data1/eunju/datasets/mathspeech/dataset/25.mp3,cosine x minus square root of 3 times sine x,$\cos(x) - \sqrt{3} \sin(x)$,https://www.youtube.com/watch?v=Bb-bgJdOqig
205,/data1/eunju/datasets/mathspeech/dataset/205.mp3,sum one over n to the five-halves,$\sum\frac{1}{n^{5/2}}$,https://www.youtube.com/watch?v=MK_0QHbUnIA
51,/data1/eunju/datasets/mathspeech/dataset/51.mp3,y minus x squared over y squared minus x,$ \frac{y - x^{2}} {y^{2} - x}$,https://www.youtube.com/watch?v=fK6cu99OSEU
581,/data1/eunju/datasets/mathspeech/dataset/581.mp3,cosine squared of two u,$\cos^{2}(2u)$,https://www.youtube.com/watch?v=aeXp1zC6Hls
468,/data1/eunju/datasets/mathspeech/dataset/468.mp3,x equals y squared,$\displaystyle x=y^{2}$,https://www.youtube.com/watch?v=_JXPe2J069c
245,/data1/eunju/datasets/mathspeech/dataset/245.mp3, k times f prime of kx,$k\cdot f^{\prime}(kx)$,https://www.youtube.com/watch?v=9v25gg2qJYE
898,/data1/eunju/datasets/mathspeech/dataset/898.mp3,negative y is minus t squared,$ -y=-t^{2}$,https://www.youtube.com/watch?v=xrypSZU8cBE
274,/data1/eunju/datasets/mathspeech/dataset/274.mp3,y equals cosine x,$y=\cos x$,https://www.youtube.com/watch?v=BSAA0akmPEU
63,/data1/eunju/datasets/mathspeech/dataset/63.mp3,e to the x squared,$\mathrm{e}^{x^{2}}$,https://www.youtube.com/watch?v=wezQdmwolMU
412,/data1/eunju/datasets/mathspeech/dataset/412.mp3, sine squared x ,$\sin^{2}x$,https://www.youtube.com/watch?v=-MI0b4h3rS0
858,/data1/eunju/datasets/mathspeech/dataset/858.mp3,gradient F dot product with u,$\nabla F\cdot\mathbf{u}$,https://www.youtube.com/watch?v=ChiM2-MV-qM
829,/data1/eunju/datasets/mathspeech/dataset/829.mp3,f sub z equals lambda g sub z,$f_{z}=\lambda g_{z}$,https://www.youtube.com/watch?v=15HVevXRsBA
834,/data1/eunju/datasets/mathspeech/dataset/834.mp3,x squared plus nine over x squared,$x^{2}+\frac{9}{x^{2}}$,https://www.youtube.com/watch?v=15HVevXRsBA
370,/data1/eunju/datasets/mathspeech/dataset/370.mp3,x one is a half times two,$\displaystyle \mathbb{x}_{1}=\frac{1}{2}\times 2$ ,https://www.youtube.com/watch?v=sRIDVAcoG5A
811,/data1/eunju/datasets/mathspeech/dataset/811.mp3,derivative of t squared is 2t ,$\displaystyle \frac{d}{dt}t^{2}=2 t$,https://www.youtube.com/watch?v=7eZVshlT33Q
326,/data1/eunju/datasets/mathspeech/dataset/326.mp3,A prime is 2x minus 4v over x squared,$A^{\prime}=2x-4v/x^{2}$,https://www.youtube.com/watch?v=YN7k_bXXggY
836,/data1/eunju/datasets/mathspeech/dataset/836.mp3,lambda minus two times xy equals zero,$\lambda-2xy=0$,https://www.youtube.com/watch?v=15HVevXRsBA
550,/data1/eunju/datasets/mathspeech/dataset/550.mp3,dx over x squared plus 4x,$\frac{dx}{x^{2}+4x}$,https://www.youtube.com/watch?v=CXKoCMVqM9s
544,/data1/eunju/datasets/mathspeech/dataset/544.mp3,u plus u cubed over 3 plus a constant,$\displaystyle u+\frac{u^{3}}{3} + \text{const.}$,https://www.youtube.com/watch?v=CXKoCMVqM9s
1077,/data1/eunju/datasets/mathspeech/dataset/1077.mp3,e to the i theta times r2 e to the i theta two,$e^{i\theta}\times r_{2}e^{i\theta_{2}}$,https://www.youtube.com/watch?v=EQJBp6Ym-6A
344,/data1/eunju/datasets/mathspeech/dataset/344.mp3,d D dt is minus 80,$\frac{\mathrm{d}}{\mathrm{d}t}D=-80$,https://www.youtube.com/watch?v=sRIDVAcoG5A
259,/data1/eunju/datasets/mathspeech/dataset/259.mp3,one plus one over k to the kth power,$(1+\frac{1}{k})^{k}$,https://www.youtube.com/watch?v=eHJuAByQf5A
219,/data1/eunju/datasets/mathspeech/dataset/219.mp3,f prime at x0 times delta x,$ f^{\prime}(x_{0})\Delta x$,https://www.youtube.com/watch?v=dK3NEf13nPc
644,/data1/eunju/datasets/mathspeech/dataset/644.mp3,cosine of plus or minus pi over 2 is equal to 0,$\cos(\pm\frac{\pi}{2})=0$,https://www.youtube.com/watch?v=BGE3wb7H2PA
839,/data1/eunju/datasets/mathspeech/dataset/839.mp3,lambda is plus or minus two,$\lambda=\pm2$,https://www.youtube.com/watch?v=15HVevXRsBA
490,/data1/eunju/datasets/mathspeech/dataset/490.mp3,negative one over pi times cosine pi,$-\frac{1}{\pi}\cos\pi$,https://www.youtube.com/watch?v=R9a_NHXrBcg
812,/data1/eunju/datasets/mathspeech/dataset/812.mp3,t squared times the derivative of e to the t ,$\displaystyle t^{2}\cdot \frac{d}{dt}{e}^{t}$,https://www.youtube.com/watch?v=7eZVshlT33Q
565,/data1/eunju/datasets/mathspeech/dataset/565.mp3,four minus one divided by one plus two is equal to a,$\frac{4-1}{1+2}=a$,https://www.youtube.com/watch?v=HgEqXhsIq_g
906,/data1/eunju/datasets/mathspeech/dataset/906.mp3, integral of x dx plus y dy,"$\int x\,dx+y\,dy$",https://www.youtube.com/watch?v=xrypSZU8cBE
135,/data1/eunju/datasets/mathspeech/dataset/135.mp3,x times one plus y times two plus z times three,$x\cdot 1 + y\cdot 2 + z\cdot 3$,https://www.youtube.com/watch?v=PxCxlsl_YwY
654,/data1/eunju/datasets/mathspeech/dataset/654.mp3,minus 3x squared plus y squared,$-3x^{2}+y^{2}$,https://www.youtube.com/watch?v=BGE3wb7H2PA
478,/data1/eunju/datasets/mathspeech/dataset/478.mp3,2ax minus x squared,$2ax-x^{2}$,https://www.youtube.com/watch?v=ShGBRUx2ub8
12,/data1/eunju/datasets/mathspeech/dataset/12.mp3,b minus a over n,$\frac{b - a}{n}$,https://www.youtube.com/watch?v=zUEuKrxgHws 
988,/data1/eunju/datasets/mathspeech/dataset/988.mp3,dx is 3t2 dt,$dx=3t^{2}dt$,https://www.youtube.com/watch?v=seO7-TwXH_I
650,/data1/eunju/datasets/mathspeech/dataset/650.mp3, 2 cosine theta is equal to negative 1,$2\cos\theta~{}=~{}-1$,https://www.youtube.com/watch?v=BGE3wb7H2PA
102,/data1/eunju/datasets/mathspeech/dataset/102.mp3,limit as x goes to x0 of f of x is equal to f of x0,$\lim_{x\to x_{0}}f(x)=f(x_{0})$,https://www.youtube.com/watch?v=ryLdyDrBfvI
263,/data1/eunju/datasets/mathspeech/dataset/263.mp3,r x to the r minus one,$rx^{r-1}$,https://www.youtube.com/watch?v=eHJuAByQf5A
45,/data1/eunju/datasets/mathspeech/dataset/45.mp3,two cosine of theta to the fourth times negative sine,$2\cos(\theta^{4}) (-\sin) $,https://www.youtube.com/watch?v=aeQA5d3gZTI 
910,/data1/eunju/datasets/mathspeech/dataset/910.mp3,one-half of sine two theta,$\frac{1}{2}(\sin2\theta)$,https://www.youtube.com/watch?v=o7UCBjGsRTE
597,/data1/eunju/datasets/mathspeech/dataset/597.mp3,2 pi e integral of x dx from 0 to 1 minus 2 pi integral from 0 to 1 of x e to the x dx,$\displaystyle 2\pi e\int _{0}^{1} xdx - 2\pi \int _{0}^{1}xe^{x}dx$,https://www.youtube.com/watch?v=aeXp1zC6Hls
516,/data1/eunju/datasets/mathspeech/dataset/516.mp3,cosine of x plus cosine cubed of x over three,$\cos(x)+ {\cos^{3}(x)\over 3}$,https://www.youtube.com/watch?v=Bv9kVDcj7yo
543,/data1/eunju/datasets/mathspeech/dataset/543.mp3,the secant squared the x plus x times dx that is du,$\displaystyle\ (\sec^2(x) +\ x )\ dx = \ du\ \$,https://www.youtube.com/watch?v=CXKoCMVqM9s
441,/data1/eunju/datasets/mathspeech/dataset/441.mp3,the integral from 0 to b e to the x dx is greater than or equal to the integral from 0 to b 1 plus x dx,$\int_{0}^{b}e^xdx\geq\int_{0}^{b}(1 + x)dx$,https://www.youtube.com/watch?v=1RLctDS2hUQ
121,/data1/eunju/datasets/mathspeech/dataset/121.mp3,sine to the 9th of t cosine of t,$\sin^{9}(t)\cos(t)$,https://www.youtube.com/watch?v=4sTKcvYMNxk
414,/data1/eunju/datasets/mathspeech/dataset/414.mp3,one over u,$\frac{1}{u}$,https://www.youtube.com/watch?v=-MI0b4h3rS0
653,/data1/eunju/datasets/mathspeech/dataset/653.mp3,r squared equals 1 minus 2x squared,$r^{2}=1-2x^{2}$,https://www.youtube.com/watch?v=BGE3wb7H2PA
420,/data1/eunju/datasets/mathspeech/dataset/420.mp3,n plus 1 squared times n plus 1,$(n+1)^{2}(n+1)$,https://www.youtube.com/watch?v=hjZhPczMkL4
911,/data1/eunju/datasets/mathspeech/dataset/911.mp3, f sub x dx plus f sub y dy,$f_{x}dx+f_{y}dy$,https://www.youtube.com/watch?v=o7UCBjGsRTE
316,/data1/eunju/datasets/mathspeech/dataset/316.mp3,minus log x to the minus 2 times 1 over x plus 2 log x to the minus 3 1 over x,$\displaystyle -(\log x)^{-2} \cdot\frac{1}{x}+2(\log x)^{-3}\frac{1}{x}$,https://www.youtube.com/watch?v=twzGBqPeW0M
24,/data1/eunju/datasets/mathspeech/dataset/24.mp3,h of x equal to sine of x plus square root of 3 times cosine of x,$h(x) = \sin(x) + \sqrt{3} \cos(x)$,https://www.youtube.com/watch?v=Bb-bgJdOqig
390,/data1/eunju/datasets/mathspeech/dataset/390.mp3,y is equal to 64 to the 1 3rd,$y\mathrel{\mathop{=}}64^{1/3}$,https://www.youtube.com/watch?v=-MI0b4h3rS0
689,/data1/eunju/datasets/mathspeech/dataset/689.mp3,1 over x squared,$\frac{1}{x^{2}}$,https://www.youtube.com/watch?v=MK_0QHbUnIA
476,/data1/eunju/datasets/mathspeech/dataset/476.mp3,pi y squared,$\pi y^{2}$,https://www.youtube.com/watch?v=ShGBRUx2ub8
348,/data1/eunju/datasets/mathspeech/dataset/348.mp3,v is equal to a 3rd pi times 2 5ths,$v=\frac{1}{3}\pi\times\frac{2}{5}$,https://www.youtube.com/watch?v=sRIDVAcoG5A
224,/data1/eunju/datasets/mathspeech/dataset/224.mp3,x to the m over n times n minus 1,$x^\frac{m}{n}{(n-1)}$,https://www.youtube.com/watch?v=5q_3FDOkVRQ
1073,/data1/eunju/datasets/mathspeech/dataset/1073.mp3,a to the x times a to the y equals a to the x plus y,$a^{x}\times a^{y}=a^{x+y}$,https://www.youtube.com/watch?v=EQJBp6Ym-6A
735,/data1/eunju/datasets/mathspeech/dataset/735.mp3, minus one plus two t will be zero,$-1+2t=0\operatorname{}$,https://www.youtube.com/watch?v=57jzPlxf4fk
982,/data1/eunju/datasets/mathspeech/dataset/982.mp3,n over n dot i dy dz,$\displaystyle \frac{n}{n\cdot i}{dy}{dz}$,https://www.youtube.com/watch?v=WfEQabCGAqI
573,/data1/eunju/datasets/mathspeech/dataset/573.mp3,x plus 1 times x squared plus x plus 1,$(x+1)(x^{2}+x+1)$,https://www.youtube.com/watch?v=HgEqXhsIq_g
1048,/data1/eunju/datasets/mathspeech/dataset/1048.mp3, minus c2 over c1 is less than 1,$-\frac{c2}{c1}<1$,https://www.youtube.com/watch?v=2-5oq-igwtU
593,/data1/eunju/datasets/mathspeech/dataset/593.mp3,y log y squared minus 2y log y minus y,$\displaystyle y (\log y)^{2}-2y\log y-y$,https://www.youtube.com/watch?v=aeXp1zC6Hls
996,/data1/eunju/datasets/mathspeech/dataset/996.mp3,three yz squared minus four z cubed,$3yz^{2}-4z^{3}$,https://www.youtube.com/watch?v=seO7-TwXH_I
318,/data1/eunju/datasets/mathspeech/dataset/318.mp3,2 minus log x,$2-\log x$,https://www.youtube.com/watch?v=twzGBqPeW0M
655,/data1/eunju/datasets/mathspeech/dataset/655.mp3,1 over a plus b cosine theta,$\frac{1}{a+b\cos\theta}$,https://www.youtube.com/watch?v=BGE3wb7H2PA
651,/data1/eunju/datasets/mathspeech/dataset/651.mp3,r plus 2r cosine theta equals 1,$r+2r\cos\theta=1$,https://www.youtube.com/watch?v=BGE3wb7H2PA
796,/data1/eunju/datasets/mathspeech/dataset/796.mp3,two over x cubed y,$\operatorname{\frac{2}{(x^{3}y)}}$,https://www.youtube.com/watch?v=3_goGnJm5sA
247,/data1/eunju/datasets/mathspeech/dataset/247.mp3,d by dx e to the w,$\frac{d}{dx}\mathbf{e}^{w}$,https://www.youtube.com/watch?v=9v25gg2qJYE
917,/data1/eunju/datasets/mathspeech/dataset/917.mp3,four x squared plus eight xy,$4x^{2}+8xy$,https://www.youtube.com/watch?v=z5TPjZrsp2k
809,/data1/eunju/datasets/mathspeech/dataset/809.mp3,w sub y is x squared times dy dt,$w_{y}={x}^2\frac{dy}{dt}$,https://www.youtube.com/watch?v=7eZVshlT33Q
564,/data1/eunju/datasets/mathspeech/dataset/564.mp3,four x minus one,$(4x\ -\ 1)$,https://www.youtube.com/watch?v=HgEqXhsIq_g
791,/data1/eunju/datasets/mathspeech/dataset/791.mp3,ax over y squared plus bx over y plus c,$a(x/y)^{2}+b(x/y)+c$ ,https://www.youtube.com/watch?v=3_goGnJm5sA
599,/data1/eunju/datasets/mathspeech/dataset/599.mp3,1 plus dy dx the quantity squared,$1+(\frac{dy}{dx})^{2}$,https://www.youtube.com/watch?v=TpWQlKHPyJ4
69,/data1/eunju/datasets/mathspeech/dataset/69.mp3,a is equal to natural log of m,$a=\ln m$,https://www.youtube.com/watch?v=9YgOmJdom6o 
563,/data1/eunju/datasets/mathspeech/dataset/563.mp3,minus eight minus one divided by minus two minus one is equal to b,$\frac{-8-1}{-2-1}=b$,https://www.youtube.com/watch?v=HgEqXhsIq_g
649,/data1/eunju/datasets/mathspeech/dataset/649.mp3,sine pi,$\sin\pi$,https://www.youtube.com/watch?v=BGE3wb7H2PA
857,/data1/eunju/datasets/mathspeech/dataset/857.mp3,"minus g sub z over g sub x, plus partial f over partial z",$-\frac{g_{z}}{g_{x}}+\frac{\partial f}{\partial z}$,https://www.youtube.com/watch?v=ChiM2-MV-qM
327,/data1/eunju/datasets/mathspeech/dataset/327.mp3,2x equals 2v over x squared,$2x=2v/x^{2}$,https://www.youtube.com/watch?v=YN7k_bXXggY
32,/data1/eunju/datasets/mathspeech/dataset/32.mp3,sine of x plus square root of 3 times cosine x,$\sin(x) + \sqrt{3} \cos(x)$,https://www.youtube.com/watch?v=Bb-bgJdOqig
388,/data1/eunju/datasets/mathspeech/dataset/388.mp3,x to the 1 3rd,$x^{\frac{1}{3}}$,https://www.youtube.com/watch?v=-MI0b4h3rS0
548,/data1/eunju/datasets/mathspeech/dataset/548.mp3,square root of a squared minus x squared,$\sqrt{a^{2}-x^{2}}$,https://www.youtube.com/watch?v=CXKoCMVqM9s
218,/data1/eunju/datasets/mathspeech/dataset/218.mp3,x squared plus y squared equals one,$x^{2}+y^{2}=1$,https://www.youtube.com/watch?v=dK3NEf13nPc
351,/data1/eunju/datasets/mathspeech/dataset/351.mp3,3h squared times dh dt,$\displaystyle 3h^{2}\frac{dh}{dt}$,https://www.youtube.com/watch?v=sRIDVAcoG5A
249,/data1/eunju/datasets/mathspeech/dataset/249.mp3,d by dx of a to the x is equal to d by dx of e to the x log a,$\frac{d}{dx}(a^{x})=\frac{d}{dx}(e^{x}\log a)$,https://www.youtube.com/watch?v=9v25gg2qJYE
474,/data1/eunju/datasets/mathspeech/dataset/474.mp3,y plus 2 minus y squared is equal to 0,$y+2-y^{2}~{}=~{}0$,https://www.youtube.com/watch?v=_JXPe2J069c
969,/data1/eunju/datasets/mathspeech/dataset/969.mp3,z squared over a,$\frac{\mathbb{z}^{2}}{a}$,https://www.youtube.com/watch?v=phk05iSMezA
502,/data1/eunju/datasets/mathspeech/dataset/502.mp3,y n minus 2 plus y n minus 1 over 2,$\displaystyle \frac{y_{n-2}+y_{n-1}}{2}$,https://www.youtube.com/watch?v=jBkXbAgMj6s
580,/data1/eunju/datasets/mathspeech/dataset/580.mp3,dx is 2 secant squared u du,$dx= 2\sec^{2}udu$,https://www.youtube.com/watch?v=aeXp1zC6Hls
418,/data1/eunju/datasets/mathspeech/dataset/418.mp3, b over n times n b over n squared,$(b/n)\times(nb/n^{2})$,https://www.youtube.com/watch?v=hjZhPczMkL4
904,/data1/eunju/datasets/mathspeech/dataset/904.mp3, x cubed plus y to the fifth,$x^{3}+y^{5}$,https://www.youtube.com/watch?v=xrypSZU8cBE
383,/data1/eunju/datasets/mathspeech/dataset/383.mp3,f prime of x is e to the x,$f^{\prime}(x)=e^{x}$,https://www.youtube.com/watch?v=4Q37iOyBq44
759,/data1/eunju/datasets/mathspeech/dataset/759.mp3,"f of x, y equals one minus x squared minus y squared","$f(x,y)=1-x^{2}-y^{2}$",https://www.youtube.com/watch?v=dK3NEf13nPc
160,/data1/eunju/datasets/mathspeech/dataset/160.mp3,a theta minus a sine theta,$a\theta-a\sin \theta $,https://www.youtube.com/watch?v=57jzPlxf4fk
761,/data1/eunju/datasets/mathspeech/dataset/761.mp3,f of x y equals minus y,"$f(x,y)=-y$",https://www.youtube.com/watch?v=dK3NEf13nPc
129,/data1/eunju/datasets/mathspeech/dataset/129.mp3, a dot b minus b dot a plus b dot b,$a\cdot b-b\cdot a+b\cdot b$,https://www.youtube.com/watch?v=PxCxlsl_YwY
461,/data1/eunju/datasets/mathspeech/dataset/461.mp3,minus 2x e to the minus x squared,$-2xe^{-x^{2}}$,https://www.youtube.com/watch?v=_JXPe2J069c
117,/data1/eunju/datasets/mathspeech/dataset/117.mp3,u prime v minus uv prime divided by v squared,$u^{\prime}v - uv^{\prime} \over v^{2}$,https://www.youtube.com/watch?v=4sTKcvYMNxk
547,/data1/eunju/datasets/mathspeech/dataset/547.mp3,1 over the square root of x squared minus 1,$1\over \sqrt{x^{2} - 1}$,https://www.youtube.com/watch?v=CXKoCMVqM9s
405,/data1/eunju/datasets/mathspeech/dataset/405.mp3,half one plus x squared to the minus a half times two x,${\frac{1}{2}}(1+x^{2})^{-\frac{1}{2}}2x$,https://www.youtube.com/watch?v=-MI0b4h3rS0
272,/data1/eunju/datasets/mathspeech/dataset/272.mp3,one divided by the square root of one plus x squared,$1/\sqrt{1+x^{2}}$,https://www.youtube.com/watch?v=eHJuAByQf5A
555,/data1/eunju/datasets/mathspeech/dataset/555.mp3,natural logarithm of x plus 2 over 2 ,$\ln({\frac{x+2}{2}})$,https://www.youtube.com/watch?v=CXKoCMVqM9s
151,/data1/eunju/datasets/mathspeech/dataset/151.mp3,z of t minus two equals minus 3t,$z(t)-2=-3t$,https://www.youtube.com/watch?v=57jzPlxf4fk
703,/data1/eunju/datasets/mathspeech/dataset/703.mp3,1 over 1 minus x,$\frac{1}{1-x}$,https://www.youtube.com/watch?v=wOHrNt9ScYs
31,/data1/eunju/datasets/mathspeech/dataset/31.mp3,pi over 6 minus pi,$\frac{\pi}{6} - \pi$,https://www.youtube.com/watch?v=Bb-bgJdOqig
810,/data1/eunju/datasets/mathspeech/dataset/810.mp3,2t e to the t plus t squared e to the t plus cosine t,$2te^{t}+t^{2}e^{t}+\cos t$,https://www.youtube.com/watch?v=7eZVshlT33Q
93,/data1/eunju/datasets/mathspeech/dataset/93.mp3,minus 1 over x0 squared x minus x0,$-\frac{1}{x_{0}^{2}}(x-x_{0})$,https://www.youtube.com/watch?v=7K1sB05pE0A
136,/data1/eunju/datasets/mathspeech/dataset/136.mp3,x equals r cosine theta,$x=r\cos \theta$,https://www.youtube.com/watch?v=60e4hdCi1D4
345,/data1/eunju/datasets/mathspeech/dataset/345.mp3,r divided by h is equal to four divided by ten,$r/h=4/10$,https://www.youtube.com/watch?v=sRIDVAcoG5A
1046,/data1/eunju/datasets/mathspeech/dataset/1046.mp3,lambda1 c1 plus lambda2 c2 equals to 0,$\lambda_{1}C_{1}+\lambda_{2}C_{2}=0$,https://www.youtube.com/watch?v=2-5oq-igwtU
524,/data1/eunju/datasets/mathspeech/dataset/524.mp3,sine of 2 theta is twice the sine of theta times the cosine of theta, $\sin(2\theta)=2\sin(\theta)\cos(\theta)$,https://www.youtube.com/watch?v=Bv9kVDcj7yo
132,/data1/eunju/datasets/mathspeech/dataset/132.mp3,minus one squared plus one squared plus zero squared square root,$\sqrt{(-1)^{2} + 1^{2} + 0^{2}}$,https://www.youtube.com/watch?v=PxCxlsl_YwY
