transcription,LaTeX,Source,whisper_base_predSE,whisper_medium_predSE,MathSpeech_LaTeX_result_medium
ax plus by plus cz equals d,$ax + by + cz = d$,https://www.youtube.com/watch?v=YBajUR3EFSM,A x plus B y plus C z equals D.,A x plus B y plus C z equals d.,$ax+by+cz=D$
x plus 5y plus 10z equals zero,$x + 5y + 10z = 0$,https://www.youtube.com/watch?v=YBajUR3EFSM,x plus 5y plus 10z equals 0.,x plus 5y plus 10z equals zero.,$x+5y+10z=0$
"x minus two y minus one and z plus one dot product with one, five, ten","$[x-2,y-1,z+1]\cdot[1,5,10]$",https://www.youtube.com/watch?v=YBajUR3EFSM,"x minus 2, y minus 1, and z plus 1 dot product with 1, 5, 10.","x minus 2, y minus 1, and z plus 1 dot product with 1,510.","$x-2,y-1,z+1.\hskip1.5ptn$"
x minus two plus five times y minus one plus ten times z plus one equals zero,$ (x - 2) + 5(y - 1) + 10(z + 1) = 0 $,https://www.youtube.com/watch?v=YBajUR3EFSM,x minus 2 plus 5 times y minus 1 plus 10 times z plus 1 equals 0.,x minus two plus five times y minus one plus ten times z plus one equals zero.,$x-2+5y-1+10z+1=0$
Ax plus By plus Cz equals D,$Ax + By + Cz = D$,https://www.youtube.com/watch?v=YBajUR3EFSM,A x plus b y plus c is equals d.,ax plus by plus cz equals d.,$Ax+By+Cz=d$
x plus y plus three z equals five,$x + y + 3z = 5$,https://www.youtube.com/watch?v=YBajUR3EFSM,x plus y plus phz equals 5.,x plus y plus phase z equals five.,$x+y+\text{phase}z=5$
x plus z equals one,$x + z = 1$,https://www.youtube.com/watch?v=YBajUR3EFSM,x plus z equals 1.,x plus z equals one.,$x\oplusz=1$
x plus y equals two,$x + y = 2$,https://www.youtube.com/watch?v=YBajUR3EFSM,x plus y equals 2.,x plus y equals 2.,$x\oplusy=2$
A inverse is one over determinant of A times the adjoint matrix,$A^{-1} = \frac{1}{\text{det}(A)} \cdot \text{adj}(A)$,https://www.youtube.com/watch?v=YBajUR3EFSM,A inverse is one of our determinant of A thanks to the adjoint matrix.,A inverse is one of our determinant of A times the adjoint matrix.,$A^{-1}\preceq_{1}(r\detA)\cdot\begin{tikzpicture}$
X equals A inverse B,$X = A^{-1}B$,https://www.youtube.com/watch?v=YBajUR3EFSM,x equals a inverse b.,x equals A inverse B.,$x=a^{-1}b$
log two minus log one,$\log2-\log1$,https://www.youtube.com/watch?v=zUEuKrxgHws ,Log 2 minus log 1.,log 2 minus log 1.,$\log2-\log1$
b minus a over n,$\frac{b - a}{n}$,https://www.youtube.com/watch?v=zUEuKrxgHws ,B minus A over N.,b minus a over n.,$\frac{b-a}{N}$
a half times one plus two thirds plus a half times a half,$1/2\cdot1+2/3+1/2\cdot1/2$,https://www.youtube.com/watch?v=zUEuKrxgHws ,Half times 1 plus 2 thirds plus 1 half times 1 half.,1 half times 1 plus 2 thirds plus 1 half times 1 half.,$\frac{1}{2}(1+\frac{2}{3})+\frac{1}{2}\frac{1}{2}$
y0 plus 4y1 plus y2,$\displaystyle y_0 + 4y_1 + y_2$,https://www.youtube.com/watch?v=zUEuKrxgHws ,y0 plus 4y1 plus y2.,y 0 plus 4 y 1 plus y 2.,$\displaystyleY_{0}+4Y_{1}+Y_{2}$
a half plus n minus 1 plus a half ,$\frac{1}{2}+n-1+\frac{1}{2}$,https://www.youtube.com/watch?v=zUEuKrxgHws ,plus n minus 1 plus 1 half.,1 half plus n minus 1 plus 1 half.,$\frac{1}{2}+(n-1)+\frac{1}{2}$
two pi r e to the minus r squared dr,$2\pi r e^{-r^2} dr$ ,https://www.youtube.com/watch?v=zUEuKrxgHws ,2 pi r e to the minus r squared dr.,2 pi r e to the minus r squared dr.,$2\pire^{-r^{2}}dr$
pi minus pi e to the minus r squared,$\pi - \pi e^{-r^2}$,https://www.youtube.com/watch?v=zUEuKrxgHws ,pi minus pi e to the minus r squared.,of pi minus pi e to the minus r squared.,$O(\pi-\pie^{-r^{2}})$
square root of pi over 2,$\frac{\sqrt{\pi}}{2}$,https://www.youtube.com/watch?v=zUEuKrxgHws ,square root of pi over 2.,The square root of pi over 2.,$\sqrt{\frac{\pi}{2}}$
e to the minus b squared plus x squared,$e^{-(b^2 + x^2)}$,https://www.youtube.com/watch?v=zUEuKrxgHws ,e to the minus b squared plus x squared.,e to the minus b squared plus x squared.,$e^{-b^{2}+x^{2}}$
e to the minus b squared times e to the minus x squared,$e^{-b^2} e^{-x^2}$,https://www.youtube.com/watch?v=zUEuKrxgHws ,e to the minus b squared times e to the minus x squared.,E to the minus b squared times e to the minus x squared.,$e^{-b^{2}}e^{-x^{2}}$
minus b squared times the integral from minus infinity to infinity of e to the minus x squared dx,"$\displaystyle -b^2 \int_{-\infty}^{\infty} e^{-x^2} \, dx$",https://www.youtube.com/watch?v=zUEuKrxgHws ,minus b squared times the integral from minus infinity to infinity of e to the minus x squared d x.,Minus b squared times the integral from minus infinity to infinity with e to the minus x squared dx.,$\displaystyle-b^{2}\int_{-\infty}^{\infty}(e^{-x})^{2}dx$
integral from minus infinity to infinity e to the minus y squared dy,$\displaystyle \int_{-\infty}^{\infty} e^{-y^2} dy$,https://www.youtube.com/watch?v=zUEuKrxgHws ,"integral from minus infinity to infinity, e to the minus y squared dy.",Integral from minus infinity to infinity. e to the minus y squared dy.,$\displaystyle\int_{-\infty}^{\infty}e^{-y^{2}}dy$
pi x2 squared minus x1 squared,$\pi ({x_2}^{2} - {x_1}^{2})$,https://www.youtube.com/watch?v=zUEuKrxgHws ,pi x2 squared minus x1 squared.,Pi x2 squared minus x1 squared.,$\pi:x_{2}^{2}-x_{1}^{2}$
h of x equal to sine of x plus square root of 3 times cosine of x,$h(x) = \sin(x) + \sqrt{3} \cos(x)$,https://www.youtube.com/watch?v=Bb-bgJdOqig,h of x equal to sine of x plus squared of three times cosine of x.,h of x equal to sine of x plus square root of 3 times cosine of x.,$H(x)=2\sin(x)+\sqrt{3}\cos(x)$
cosine x minus square root of 3 times sine x,$\cos(x) - \sqrt{3} \sin(x)$,https://www.youtube.com/watch?v=Bb-bgJdOqig,cosine x minus squared of 3 times sine x.,cosine x minus square root of 3 times sine x.,$\cosx-\sqrt{3}\sinx$
square root of 3 times tan x,$\sqrt{3} \tan(x)$,https://www.youtube.com/watch?v=Bb-bgJdOqig,squared of 3 times tan x.,Square root of 3 times tan x.,$\sqrt[3]{tanx}$
tan of x is equal to one divided by square root of three,$\tan(x) = \frac{1}{\sqrt{3}}$,https://www.youtube.com/watch?v=Bb-bgJdOqig,tan of x is equal to 1 divided by square root of 3.,Tan of x is equal to 1 divided by square root of 3.,$\operatorname{Tan}(x):=1/\sqrt{3}$
pi over 6,$\frac{\pi}{6}$,https://www.youtube.com/watch?v=Bb-bgJdOqig,Pile over six.,pi over 6.,$\frac{\pi}{6}$
pi over 6 plus pi,$\frac{\pi}{6} + \pi$,https://www.youtube.com/watch?v=Bb-bgJdOqig,Pi over six plus pies.,Pi over 6 plus pi is...,$\frac{\pi}{6}+\piz$
minus five pi over six,$-\frac{5\pi}{6}$,https://www.youtube.com/watch?v=Bb-bgJdOqig,minus 5 pi over 6.,minus 5 pi over 6.,$-\frac{5\pi}{6}$
pi over 6 minus pi,$\frac{\pi}{6} - \pi$,https://www.youtube.com/watch?v=Bb-bgJdOqig,Pile over 6 minus pi.,pi over 6 minus pi.,$\frac{\pi}{6}-\pi$
sine of x plus square root of 3 times cosine x,$\sin(x) + \sqrt{3} \cos(x)$,https://www.youtube.com/watch?v=Bb-bgJdOqig,It's sine of x plus square root of three times cosine x.,The sine of x plus square root of 3 times cosine x.,$\sin(x)+\sqrt{3}\cos(x)$
h of x equals two times one-half sine x plus square root of three over two,$h(x) = 2 \frac{1}{2} \sin(x) + \frac{\sqrt{3}}{2}$,https://www.youtube.com/watch?v=Bb-bgJdOqig,h of x equals 2 times 1 half sin x plus square root of 3 over 2.,h of x equals 2 times 1 half sine x plus square root of 3 over 2.,$h(x)=2\frac{1}{2}\sinx+\frac{\sqrt{3}}{2}$
pi over 3 sine x plus sine pi over 3 cosine x,$\displaystyle \frac{\pi}{3} \sin(x) + \sin\frac{\pi}{3} \cos(x)$,https://www.youtube.com/watch?v=Bb-bgJdOqig,pi over 3 sine x plus sine pi over 3 cosine x.,pi over 3 sine x plus sine pi over 3 cosine x.,$\displaystyle\frac{\pi}{3}\sinx+\sin\frac{\pi}{3}\cosx$
two times sine of x plus pi over three,$2\sin(x) + \frac{\pi}{3}$,https://www.youtube.com/watch?v=Bb-bgJdOqig,2 times sine of x plus pi over 3.,2 times sine of x plus pi over 3.,$2\sin(x+\frac{\pi}{3})$
x equals minus pi over three,$x = -\frac{\pi}{3}$,https://www.youtube.com/watch?v=Bb-bgJdOqig,x equals minus pi over 3.,x equals minus pi over 3.,$x=a-\frac{\pi}{3}$
x equals 7 pi over 6,$x = 7\pi/6$,https://www.youtube.com/watch?v=Bb-bgJdOqig,x equals 7 pi were six problem seven Number on increases,x equals 7 pi over 6 pi.,"$x=7\pi/6,\pi$"
pi over 2 minus pi over 3 is pi over 6,$\pi/2 - \pi/3 = \pi/6$,https://www.youtube.com/watch?v=Bb-bgJdOqig,Pi over 2 minus pi over 3 is pi over 6.,Pi over 2 minus pi over 3 is pi over 6.,$\pi/2-\pi/3\asymp\pi/6$
negative sine x times x squared times the sine x,$- \sin x \cdot x^{2} \cdot \sin x$,https://www.youtube.com/watch?v=55ncRlBZstA,negative sine x times x squared times the sine x here.,Negative sine x times x squared times the sine x here.,"$-\sinx\cdotx^{2}\cdot\sinx\,\mathrm{year}$"
cosine x cosine x is cosine squared x,$\cos x \cos x = \cos^{2}x$,https://www.youtube.com/watch?v=55ncRlBZstA,cosine x cosine x is cosine squared x.,Cosine x cosine x is cosine squared x.,$\cosx\cosx=\cos^{2}x$
minus x squared sine squared x,$ -x^2 \sin^{2}x$,https://www.youtube.com/watch?v=55ncRlBZstA,minus x squared sine squared x.,minus x squared sine squared x.,$-x^{2}\sin^{2}x$
dy dx times dx dw times dw d theta,$ \frac{dy}{dx} \times \frac{dx}{dw} \times \frac{dw}{d\theta} $,https://www.youtube.com/watch?v=aeQA5d3gZTI ,"d y dx times dx, dw times dw d theta.",dy dx times dx dw times dw d theta.,$dydx\timesdxdw\timesdwd\theta$
dw d theta is four theta to the third,$\frac{dw}{d\theta} = 4\theta^{3}$,https://www.youtube.com/watch?v=aeQA5d3gZTI ,"DW, D theta is 4 theta to the third.",dw d theta is 4 theta to the third.,"$dw,d\theta\text{is}4,\theta^{\text{src}}$"
cosine of theta to the fourth,$\cos(\theta^{4})$,https://www.youtube.com/watch?v=aeQA5d3gZTI ,The cosine of theta to the fourth.,The cosine of theta to the fourth.,$\cos(\theta^{4})$
two cosine of theta to the fourth times negative sine,$2\cos(\theta^{4}) (-\sin) $,https://www.youtube.com/watch?v=aeQA5d3gZTI ,2 cosine of theta to the fourth times negative sine.,2 cosine of theta to the fourth times negative sine.,$2\cos(\theta^{4})(-\sin)$
cosine of pi over two is equal to zero,$\cos(\pi/2) = 0$,https://www.youtube.com/watch?v=aeQA5d3gZTI ,Cosine of pi over 2 is equal to 0.,Cosine of pi over 2 is equal to 0.,$\cos(\pi/2)~{}=~{}0$
theta to the fourth equals pi over two,$ \theta^{4} = \frac{\pi}{2} $,https://www.youtube.com/watch?v=aeQA5d3gZTI ,Thaided to the fourth equals pi over two.,Theta to the fourth equals pi over 2.,$\theta^{4}=\frac{\pi}{2}$
theta is equal to pi over 2 to the 1 4th,$\theta = (\frac{\pi}{2}) ^ \frac{1}{4}$,https://www.youtube.com/watch?v=aeQA5d3gZTI ,theta is equal to pi over 2 to the 1-4th.,And theta is equal to pi over 2 to the 1 fourth.,$N\theta:=\frac{\pi}{2^{1/4}}$
y cubed plus x cubed equals three xy,$y^{3} + x^{3} = 3xy$,https://www.youtube.com/watch?v=fK6cu99OSEU,y cubed plus x cubed equals 3xy.,y cubed plus x cubed equals 3xy.,$y^{3}+x^{3}=3xy$
four thirds cubed plus two thirds cubed is equal to three times two thirds times four thirds,$(4/3)^{3}+(2/3)^{3}=3\times(2/3)\times(4/3)$,https://www.youtube.com/watch?v=fK6cu99OSEU,4 thirds cubed plus 2 thirds cubed is equal to 3 times 2 thirds times 4 thirds.,4 thirds cubed plus 2 thirds cubed is equal to 3 times 2 thirds times 4 thirds.,$(4/3)^{3}+(2/3)^{3}~{}=~{}3\times(2/3)\times(4/3)$
y minus x squared over y squared minus x,$ \frac{y - x^{2}} {y^{2} - x}$,https://www.youtube.com/watch?v=fK6cu99OSEU,y minus x squared over y squared minus x.,y minus x squared over y squared minus x.,$y-\frac{x^{2}}{y^{2}-x}$
6 minus 16 over 4 minus 12,$\frac{6 - 16}{4 - 12}$,https://www.youtube.com/watch?v=fK6cu99OSEU,6 minus 16 over 4 minus 12.,6 minus 16 over 4 minus 12.,$6-\frac{16}{4}-12$
d over dx of tan x is equal to secant squared of x,$\frac{\mathrm{d}}{\mathrm{dx}}(\tan x) = \mathrm{\sec^2(x)}$,https://www.youtube.com/watch?v=aYMt2ZVGd7g,The d over dx of tan x is equal to c-cat squared of x.,d over dx of tan x is equal to secant squared of x.,$\mathrm{d}/\mathrm{d}x(\tanx):=\mathrm{sech}^{2}(x)$
pi over two,$\frac{\pi}{2}$,https://www.youtube.com/watch?v=aYMt2ZVGd7g,High over two.,Pi over 2.,$\frac{\pi}{2}$
y equals arctan x,$y = \arctan x$,https://www.youtube.com/watch?v=aYMt2ZVGd7g,y equals arc tan x.,y equals arctan x.,$y=\arctanx$
dy dx is equal to minus 1 divided by sine y,$\frac{dy}{dx} = -\frac{1}{\sin y}$,https://www.youtube.com/watch?v=cdRMY39EYbs,d x is equal to minus 1 divided by sine y.,dy dx is equal to minus 1 divided by sine y.,$dydx\mathrel{\mathop{:}}=-\frac{1}{\siny}$
square root of 1 minus x squared,$\sqrt{1 - x^{2}}$,https://www.youtube.com/watch?v=cdRMY39EYbs,squared of 1 minus x squared.,The square root of 1 minus x squared.,$\sqrt{1-x^{2}}$
f of x is equal to x to the pi plus pi to the x,$f(x) = x^{\pi} + \pi^{x}$,https://www.youtube.com/watch?v=wezQdmwolMU,f of x is equal to x to the pi plus pi to the x.,f of x is equal to x to the pi plus pi to the x.,$f(x):=x^{\pi}+\pi^{x}$
g of x is equal to natural log of cosine of x,$g(x) = \ln(\cos(x))$,https://www.youtube.com/watch?v=wezQdmwolMU,G of X is equal to natural log of cosine of X.,G of x is equal to natural log of cosine of x.,$g(x):=\ln(\cos(x))$
pi times x to the pi minus 1,$\pi x^{\pi - 1}$,https://www.youtube.com/watch?v=wezQdmwolMU,pi times x to the pi minus 1.,Pi times x to the pi minus 1.,$\piX^{\pi}-1$
x times pi to the x minus 1,$x \cdot \pi^{x-1}$,https://www.youtube.com/watch?v=wezQdmwolMU,x times pi to the x minus 1.,x times pi to the x minus 1.,$x\cdot\pi^{x-1}$
1 over cosine x,$\frac{1}{\cos x}$,https://www.youtube.com/watch?v=wezQdmwolMU,1 over cosine x.,1 over cosine x.,$\frac{1}{\cosx}$
e to the x squared,$\mathrm{e}^{x^{2}}$,https://www.youtube.com/watch?v=wezQdmwolMU,e to the x squared.,e to the x squared,$\displaystyle\mathbb{E}\widetilde{X}^{2}$
natural log of e to the x squared,$\ln(e^{x^{2}})$,https://www.youtube.com/watch?v=wezQdmwolMU,natural log of e to the x squared.,natural log of e to the x squared.,$\ln(e^{x^{2}})$
x squared times natural log of e,$x^{2}\cdot\ln e$,https://www.youtube.com/watch?v=wezQdmwolMU,x squared times natural log of e.,x squared times natural log of e.,$x^{2}\cdot\lne$
natural log of e is equal to 1,$\ln(e)=1$,https://www.youtube.com/watch?v=wezQdmwolMU,The natural log of E is equal to 1.,Natural log of E is equal to 1.,$\ln(e):=1$
natural log of m times n is equal to the natural log of m plus natural log of n,$\ln(mn) = \ln(m) + \ln(n)$,https://www.youtube.com/watch?v=9YgOmJdom6o ,The natural log of m times n is equal to the natural log of m plus natural log of n.,So natural log of m times n is equal to natural log of m plus natural log of n.,$\tau\ln(mn):=\lnm+\lnn$
e to the a equals m,$e^\mathrm{a} = m$,https://www.youtube.com/watch?v=9YgOmJdom6o ,e to the a equals m.,E to the A equals M.,$\mathcal{E}^{a=m}$
a is equal to natural log of m,$a=\ln m$,https://www.youtube.com/watch?v=9YgOmJdom6o ,k is equal to natural log of m.,A is equal to natural log of m.,$A:=\ln(m)$
natural log of e to the a plus b,$\ln(e^{a+b})$,https://www.youtube.com/watch?v=9YgOmJdom6o ,This is a natural log of e to the a plus b.,This is the natural log of e to the a plus b.,$\text{MSE}(\ln(e^{A+B}))$
natural log of e to the x is x,$\ln(e^{x}) = x$,https://www.youtube.com/watch?v=9YgOmJdom6o ,Natural log of e to the x is x.,Natural log of e to the x is x.,$\ln(e^{x})$
1 half natural log x plus 1 half,$\frac{1}{2}\ln x + \frac{1}{2}$,https://www.youtube.com/watch?v=9YgOmJdom6o ,1 half natural log x plus 1 half,One-half natural log x plus one-half natural log x.,$\displaystyle\frac{1}{2}\lnx+\frac{1}{2}\lnx$
1 over 2x plus 1 over 2 times x plus 4,$\frac{1}{2x} + \frac{1}{2(x + 4)}$,https://www.youtube.com/watch?v=9YgOmJdom6o ,1 over 2x plus 1 over 2 times x plus 4.,1 over 2x plus 1 over 2 times x plus 4.,$\frac{1}{2x}+\frac{1}{2(x+4)}$
e to the x plus e to the minus x,$e^{x} + e^{-x}$,https://www.youtube.com/watch?v=er_tQOBgo-I,e to the x plus e to the minus x divided.,e to the x plus e to the minus x divided,$(e^{x}+e^{-x})/$
1 plus x squared,$1 + x^2$,https://www.youtube.com/watch?v=er_tQOBgo-I,1 plus x squared.,1 plus x squared.,$(1+x^{2})$
1 plus 1 over 2,$1 + \frac{1}{2}$,https://www.youtube.com/watch?v=er_tQOBgo-I,1 plus 1 over 2 so that,1 plus 1 over 2. So that's.,$(1+\frac{1}{2})_{s}$
e to the x minus e to the minus x over 2,$e^{x} - e^{-x} \over 2$,https://www.youtube.com/watch?v=er_tQOBgo-I,e to the x minus e to the minus x over 2.,e to the x minus e to the minus x over 2.,$e^{x}-e^{-x/2}$
x squared plus y squared equals 1,$x^{2} + y^{2} = 1$,https://www.youtube.com/watch?v=er_tQOBgo-I,x squared plus y squared equals 1.,x squared plus y squared equals 1.,$x^{2}+y^{2}=1$
x squared minus y squared,$x^{2} - y^{2}$,https://www.youtube.com/watch?v=er_tQOBgo-I,x squared minus y squared.,x squared minus y squared.,$x^{2}-y^{2}$
cosh squared u,$\cosh^{2}u$,https://www.youtube.com/watch?v=er_tQOBgo-I,Theופjlkladkin,cosh squared u,$\cosh^{2}u$
e to the u plus e to the minus u over 2 quantity squared,$(\frac{e^{u} + e^{-u}}{2})^2$,https://www.youtube.com/watch?v=er_tQOBgo-I,e to the u plus e to the minus u over 2 quantity squared.,e to the u plus e to the minus u over 2 quantity squared.,$(E^{u}+E^{-u/2})^{2}$
e to the u minus e to the minus u over 2 quantity squared,$( \frac {e^{u} - e^{-u}} {2} )^2$,https://www.youtube.com/watch?v=er_tQOBgo-I,e to the u minus e to the minus u over 2 quantity squared.,e to the u minus e to the minus u over 2 quantity squared. And,"$\displaystylee^{u}-e^{-\frac{u}{2}}\Big{)}^{2},\text{and}$"
2 times e to the u times e to the minus u,$2 e^{u}e^{-u}$,https://www.youtube.com/watch?v=er_tQOBgo-I,"two times e to the u times e to the minus u, but e to the","2 times e to the u times e to the minus u, but e to the-",$2e^{u}e^{-u}\bote^{-}$
2 plus e to the minus 2u minus e to the 2u minus 2,$2 + e^{-2u} - e^{2u} - 2$,https://www.youtube.com/watch?v=er_tQOBgo-I,2 plus e to the minus 2u minus e to the 2u minus 2u minus 2u.,2 plus e to the minus 2u minus e to the 2u minus 2.,$2+e^{-2u}-e^{2u-2}$
w of x plus one,$\displaystyle w(x) + 1$,https://www.youtube.com/watch?v=8gGbViZjoRw,W of x plus 1.,W of x plus 1.,$\displaystylew(x+1)$
w of x plus 2 times e to the w of x ,$w(x) + 2e^{w(x)}$ ,https://www.youtube.com/watch?v=8gGbViZjoRw,W of x plus 2 times e to the w of x.,W of x plus 2 times e to the w of x.,$w(x)+2e^{w(x)}$
1 over w of x plus 2 times e to the w of x,$\frac{1}{w(x)} + 2e^{w(x)}$,https://www.youtube.com/watch?v=8gGbViZjoRw,1 over w of x plus 2 times e to the w of x.,1 over w of x plus 2 times e to the w of x.,$\frac{1}{w(x)+2e^{w(x)}}$
w of one plus two times e to the w of one,$w(1) + 2 e^{w(1)}$,https://www.youtube.com/watch?v=8gGbViZjoRw,W of 1 plus 2 times e to the W of 1.,W of 1 plus 2 times e to the w of 1.,$w(1)+2e^{w(1)}$
1 half times x minus 1,$\frac{1}{2}(x - 1)$,https://www.youtube.com/watch?v=8gGbViZjoRw,1 1 half times x minus 1.,1 half times x minus 1.,$\frac{1}{2}X-1$
1 over x0 plus delta x,$ \frac{1}{x_{0} +\Delta x}$,https://www.youtube.com/watch?v=7K1sB05pE0A,1 over x0 plus delta x.,1 over x0 plus delta x.,$\frac{1}{x_{0}+\Deltax}$
minus 1 over x0 plus delta x times x0,$\displaystyle-\frac{1}{x_{0} + \Delta x x_{0}}$,https://www.youtube.com/watch?v=7K1sB05pE0A,minus 1 over x0 plus delta x times x0.,Minus 1 over x0 plus delta x times x0.,$-\frac{1}{X_{0}+\DeltaX}X_{0}$
minus 1 over 3 plus delta x times 3,$-\frac{1}{3} + \Delta x \times 3$,https://www.youtube.com/watch?v=7K1sB05pE0A,minus 1 over 3 plus delta x times 3.,Minus 1 over 3 plus delta x times 3.,$-\frac{1}{3}+\Deltax(3)$
minus 1 over x0 squared x minus x0,$-\frac{1}{x_{0}^{2}}(x-x_{0})$,https://www.youtube.com/watch?v=7K1sB05pE0A,"minus 1 over x0 squared, x minus x0.",Minus 1 over x0 squared. x minus x0.,$\displaystyle-\frac{1}{x_{0}^{2}}(x-x_{0})$
delta f is x plus delta x to the n minus x to the n divided by delta x,$\displaystyle \Delta f = \frac{(x + \Delta x)^{n} - x^{n}}{\Delta x}$,https://www.youtube.com/watch?v=7K1sB05pE0A,delta f is x plus delta x to the n minus x to the n divided by delta x.,Delta f is x plus delta x to the n minus x to the n divided by delta x.,$\displaystyle\Deltaf(x+\Deltax^{n})-\frac{x^{n}}{\Deltax}$
x to the n plus n x to the n minus 1 delta x,$x^{n}+nx^{n-1}\Delta x$,https://www.youtube.com/watch?v=7K1sB05pE0A,x to the n plus n x to the n minus 1 delta x.,x to the n plus n x to the n minus 1 delta x.,$x^{n}+nx^{n-1}\Deltax$
n x to the n minus one,$nx^{n-1}$,https://www.youtube.com/watch?v=7K1sB05pE0A,and x to the n minus 1.,And x to the n minus 1.,$nx^{n-1}$
minus 1 over x squared,$-\frac{1}{x^{2}}$,https://www.youtube.com/watch?v=ryLdyDrBfvI,minus 1 over x squared.,Minus 1 over x squared.,$-\frac{1}{x^{2}}$
x plus 3 over x squared plus 1,$\frac{x + 3}{x^{2} + 1}$,https://www.youtube.com/watch?v=ryLdyDrBfvI,x plus 3 over x squared plus 1.,x plus 3 over x squared plus 1.,$x+\frac{3}{x^{2}+1}$
4 plus 3 divided by 4 squared plus 1,$\frac{4+3}{4^{2}+1}$,https://www.youtube.com/watch?v=ryLdyDrBfvI,4 plus 3 divided by 4 squared plus 1.,4 plus 3 divided by 4 squared plus 1.,$\frac{4+3}{4^{2}+1}$
1 minus cosine x over x,$\frac{1 - \cos x}{x}$,https://www.youtube.com/watch?v=ryLdyDrBfvI,1 minus cosine x over x.,1 minus cosine x over x.,$1-\cosx/x$
the limit of 1 minus cosine x divided by x x goes to 0 is 0,$\lim_{x \to 0} \frac{1 - \cos x}{x} = 0$,https://www.youtube.com/watch?v=ryLdyDrBfvI,"The limit of 1 minus cosine x divided by x, x goes to 0, is 0.","The limit of 1 minus cosine x divided by x, x goes to 0, is 0.",$\lim\frac{1-\cosx}{x}\to0\quad\text{is}\quad0$
limit as x goes to x0 of f of x is equal to f of x0,$\lim_{x\to x_{0}}f(x)=f(x_{0})$,https://www.youtube.com/watch?v=ryLdyDrBfvI,The limit as x goes to x0 of f of x is equal to f of x0.,The limit as x goes to x0 of f of x is equal to f of x0.,$\lim_{x\tox^{0}}f(x)=f(x^{0})$
sine a cos b plus cos a sin b,$\sin(a)\cos(b)+\cos(a)\sin(b)$,https://www.youtube.com/watch?v=kCPVBl953eY,sine a cos b plus cos a sine b.,Sine a cos b plus cos a sine b.,$\displaystyle\sinA\cosB+\cosA\sinB$
cosine delta x minus 1 divided by delta x,$\cos\Delta x - 1 \over \Delta x$,https://www.youtube.com/watch?v=kCPVBl953eY,cosine delta x minus 1 divided by delta x.,Cosine delta x minus 1 divided by delta x.,$\cos\Deltax-1/\Deltax$
minus cosine x divided by delta x,$-\frac{\cos x}{\Delta x}$,https://www.youtube.com/watch?v=kCPVBl953eY,minus cosine x divided by delta x.,minus cosine x divided by delta x.,$-\cosx/\Deltax$
sine delta x divided by delta x,$\frac{\sin\Delta x}{\Delta x}$,https://www.youtube.com/watch?v=kCPVBl953eY,sine delta x divided by delta x.,Sine delta x divided by delta x.,$\sin\Deltax/\Deltax$
cosine delta x minus 1 divided by delta x,$\frac{\cos\Delta x - 1}{\Delta x}$,https://www.youtube.com/watch?v=kCPVBl953eY,cosine delta x minus 1 divided by delta x.,Cosine delta x minus 1 divided by delta x.,$\cos\Deltax-1/\Deltax$
the limit as delta x goes to 0 of sine delta x over delta x,$\lim_{\Delta x\to 0} \frac{\sin \Delta x}{\Delta x}$,https://www.youtube.com/watch?v=kCPVBl953eY,The limit is delta x goes to 0 of sine delta x over delta x.,The limit as delta x goes to 0 of sine delta x over delta x.,$\lim_{\Deltax\to0}\sin\Deltax/\Deltax$
delta y over delta theta,$\frac{\Delta y}{\Delta \theta}$,https://www.youtube.com/watch?v=kCPVBl953eY,"Delta Y, over delta theta.",delta y over delta theta.,$\deltay/\delta\theta$
u prime v minus u v prime,$u^{\prime}v-uv^{\prime}$,https://www.youtube.com/watch?v=kCPVBl953eY,You prime the minus UV prime.,u' v minus u v'.,$u^{\prime}v-uv^{\prime}$
n x to the n minus 1,$nx^{n-1}$,https://www.youtube.com/watch?v=4sTKcvYMNxk,And next to the N-1.,And x to the n minus 1.,$nx^{n-1}$
x to the n times sine of x,$x^{n}\sin(x)$,https://www.youtube.com/watch?v=4sTKcvYMNxk,x to the n times sine of x.,x to the n times sine of x.,$x^{n}\sin(x)$
u times v of x plus delta x,$uv(x + \Delta x)$,https://www.youtube.com/watch?v=4sTKcvYMNxk,u times the of x plus delta x.,u times v of x plus delta x.,$uV(x+\Deltax)$
delta of uv divided by delta x,$\frac{\Delta (uv)}{\Delta x}$,https://www.youtube.com/watch?v=4sTKcvYMNxk,delta of uv divided by delta x.,Delta of uv divided by delta x.,$\delta(uv)/\deltax$
delta u divided by delta x times v of x plus delta x,$\frac{\Delta u}{\Delta x}\cdot v(x+\Delta x)$,https://www.youtube.com/watch?v=4sTKcvYMNxk,delta u divided by delta x times v of x plus delta x.,V delta u divided by delta x times V of x plus delta x.,$\displaystyle\frac{V(\deltau)}{\deltax}V(x+\deltax)$
u of x plus delta x times v of x plus delta x,$u(x+\Delta x)v(x+\Delta x)$,https://www.youtube.com/watch?v=4sTKcvYMNxk,u of x plus delta x times v of x plus delta x.,u of x plus delta x times v of x plus delta x.,$u(x+\Deltax)v(x+\Deltax)$
u prime v minus uv prime divided by v squared,$u^{\prime}v - uv^{\prime} \over v^{2}$,https://www.youtube.com/watch?v=4sTKcvYMNxk,u prime v minus u v prime divided by v squared.,u'v uv' divided by v squared.,"$u^{\prime}v,uv^{\prime}/v^{2}$"
v plus delta v,$v+\Delta v$,https://www.youtube.com/watch?v=4sTKcvYMNxk,V plus delta V.,V plus delta V.,$V+\DeltaV$
v to the minus 2 v prime minus v prime divided by v squared,$v^{-2}v^{\prime} - \frac{v^{\prime}}{v^2}$,https://www.youtube.com/watch?v=4sTKcvYMNxk,V to the minus 2 V prime. Minus V prime divided by V squared.,"V to the minus 2, V prime. Minus V prime divided by V squared.",$v^{-2}v^{\prime}-v^{\prime}/v^{2}$
10 times sine of t raised to the 9th power,$10 \sin^{9}(t)$,https://www.youtube.com/watch?v=4sTKcvYMNxk,10 times sign a T raised to the 9th power.,10 times sine of t raised to the ninth power.,$10\sin(t)^{9}$
sine to the 9th of t cosine of t,$\sin^{9}(t)\cos(t)$,https://www.youtube.com/watch?v=4sTKcvYMNxk,sine to the ninth of t cosine of t.,to the ninth of t cosine of t.,"$to9(t),cos(t)$"
D cubed x to the n,$D^{3}x^{n}$,https://www.youtube.com/watch?v=4sTKcvYMNxk,d cubed x to the n is,D cubed x to the n is.,$d^{3}x^{ns}$
n times n minus 1,$n\times (n-1)$,https://www.youtube.com/watch?v=4sTKcvYMNxk,n times n minus 1.,n times n minus 1.,$N\times(N-1)$
D to the n plus 1 applied to x to the n,$\mathcal{D}^{n+1}(x^{n})$,https://www.youtube.com/watch?v=4sTKcvYMNxk,D to the n plus 1 apply to x to the n.,"D to the n plus 1, apply to x to the n.",$\mathcal{D}^{n+1}(X^{n})$
length A squared equals length B squared plus one,${a}^{2}={b}^{2} + 1$,https://www.youtube.com/watch?v=PxCxlsl_YwY,length a squared equals length b squared plus 1.,Length a squared equals length b squared plus one.,$length_{a}^{2}=length_{b}^{2}+1$
length of A is square root of length B squared plus one,$\mathrm{|A|} = \sqrt{\mathrm{|B|^{2} + 1}}$,https://www.youtube.com/watch?v=PxCxlsl_YwY,length of a is square root of length b squared plus 1.,Length of A is square root of length b squared plus one.,$\text{length}(A)\sqrt{\text{length}(B)^{2}+1}$
square root of 13 plus one is square root of 14,$\sqrt{{13}+1}=\sqrt{14}$,https://www.youtube.com/watch?v=PxCxlsl_YwY,The square root of 13 plus 1 is square root of 14.,The square root of 13 plus 1 is square root of 14.,$(\sqrt{13}+1)\sqrt{14}$
the length of a is the square root of a one squared plus a two squared plus a three squared,$|a|=\sqrt{a_{1}^{2}+a_{2}^{2}+a_{3}^{2}}$,https://www.youtube.com/watch?v=PxCxlsl_YwY,The length of a is the square root of a1 squared plus a2 squared plus a3 squared.,The length of a is the square root of a1 squared plus a2 squared plus a3 squared.,$\ell(a)=\sqrt{a_{1}^{2}+a_{2}^{2}+a_{3}^{2}}$
 a dot b minus b dot a plus b dot b,$a\cdot b-b\cdot a+b\cdot b$,https://www.youtube.com/watch?v=PxCxlsl_YwY,A dot B minus B dot A plus B dot B.,a dot b minus b dot a plus b dot b.,$A\cdotB-B\cdotA+B\cdotB$
a dot a is length a squared,$a\cdot a = |a|^2$,https://www.youtube.com/watch?v=PxCxlsl_YwY,A dot A is length A squared.,a dot a is length a squared.,$A.A\text{islength}A^{2}$
cosine theta is PQ dot PR over length PQ length PR,$\cos(\theta) = \frac{{\mathsf{PQ} \cdot \mathsf{PR}}}{{|\mathsf{PQ}| \cdot |\mathsf{PR}|}}$,https://www.youtube.com/watch?v=PxCxlsl_YwY,The cosine theta is pq.pr over length pq.,cosine theta is pq.pr over length pq length pr.,$\displaystyle\cos\theta\text{is}pq\text{.}pr\text{/length}pq\text{/length}%pr$
minus one squared plus one squared plus zero squared square root,$\sqrt{(-1)^{2} + 1^{2} + 0^{2}}$,https://www.youtube.com/watch?v=PxCxlsl_YwY,"minus 1 squared, plus 1 squared, plus 0 squared, square root.","minus one squared plus one squared plus zero squared, square root.","$-(1^{2}+1^{2}+0^{2},\surd)$"
x plus two y plus three z equals zero,$x+2y+3z=0$,https://www.youtube.com/watch?v=PxCxlsl_YwY,x plus 2y plus 3z equals 0.,x plus 2y plus 3z equals 0.,$x+2y+3z=0$
OP dot A equals zero,$\mathsf{OP}\cdot \mathsf{A}=0$,https://www.youtube.com/watch?v=PxCxlsl_YwY,O p dot a equals 0.,OP dot A equals zero.,$\mathsf{OPT}.A=0$
x times one plus y times two plus z times three,$x\cdot 1 + y\cdot 2 + z\cdot 3$,https://www.youtube.com/watch?v=PxCxlsl_YwY,x times 1 plus y times 2 plus z times 3.,x times one plus y times two plus z times three.,$x(1)+y(2)+z(3)$
x equals r cosine theta,$x=r\cos \theta$,https://www.youtube.com/watch?v=60e4hdCi1D4,x equals r cosine theta.,x equals r cosine theta.,$x=\mathrm{arccos}\theta$
y equals r sine theta,$y=r\sin \theta$,https://www.youtube.com/watch?v=60e4hdCi1D4,Y equals of Westerners.,y equals r sine theta.,$y=r\sin\theta$
one minus x squared minus y squared,$1-x^{2}-y^{2}$,https://www.youtube.com/watch?v=60e4hdCi1D4,1 minus x square minus y squared.,1 minus x squared minus y squared.,$1-x^{2}-y^{2}$
r squared cosine squared theta,$r^{2}\cos^{2}\theta$,https://www.youtube.com/watch?v=60e4hdCi1D4,UCF Valley vet,r square cosine square theta.,$r^{2}\cos^{2}\theta$
r squared sine squared theta,$r^{2}\sin^{2}\theta$,https://www.youtube.com/watch?v=60e4hdCi1D4,then pass through here deeply,r squared sine squared.,$r^{2}\sin^{2}$
the integral from zero to pi over two integral from zero to one of one minus r squared r dr d theta,$\displaystyle\int_{0}^{\frac{\pi}{2}}\int_{0}^{1}(1-r^{2})r dr d\theta$,https://www.youtube.com/watch?v=60e4hdCi1D4,"integral from 0 to pi over 2, integral from 0 to 1 of 1 minus r squared of 1 minus r squared of d r d theta.","integral from zero to pi over two, integral from zero to one of one minus r squared r dr d theta.",$\displaystyle\int_{0}^{\frac{\pi}{2}}\int_{0}^{1}(1-r^{2})rdrd\theta$
r minus r cubed,$(r-r^{3})$,https://www.youtube.com/watch?v=60e4hdCi1D4,R minus R cubed.,r minus r cubed.,$(r-r^{3})$
r to the four over four, $\frac{r^4}{4}$,https://www.youtube.com/watch?v=60e4hdCi1D4,Arming out to the fore cryofre,out of the four over four.,$\mathrm{Aut}(\frac{4}{4})$
one-half m v squared,$\frac{1}{2}mv^{2}$,https://www.youtube.com/watch?v=60e4hdCi1D4,0.5 of 2.5 of 2.5.,1 half m v squared.,"$\frac{1}{2}M\,V^{2}$"
one-half m r squared omega squared,$\frac{1}{2}mr^{2}\omega^{2}$,https://www.youtube.com/watch?v=60e4hdCi1D4,1.5 m r squared omega squared.,one-half m r squared omega squared.,$\frac{1}{2}MR^{2}\Omega^{2}$
x squared plus y squared,$x^{2}+y^{2}$,https://www.youtube.com/watch?v=60e4hdCi1D4,X-quępus waist Io.,x squared plus y squared.,$x^{2}+y^{2}$
pi a to the four over two,$\pi a^{4} \over 2$,https://www.youtube.com/watch?v=60e4hdCi1D4,by 8 to the 4 of up to.,pi a to the fourth over two.,$\frac{\pie^{4}}{2}$
four a to the four cosine to the four theta,$4a^4\cos^{4}\theta$,https://www.youtube.com/watch?v=60e4hdCi1D4,"4, 8, 4, cos 9 to the 4 theta.",4a to the 4 cosine to the 4 theta.,$4a^{4}\cos^{4}\theta$
three halves of pi a to the fourth,$\frac{3}{2}(\pi a^{4})$,https://www.youtube.com/watch?v=60e4hdCi1D4,three halves of pi a to the four.,3.5 pi a to the 4.,$3.5\pie^{4}$
y of t minus two equals t,$y(t)-2=t$,https://www.youtube.com/watch?v=57jzPlxf4fk,y of t minus 2 equals t.,y of t minus two equals t.,$y(t-2)=t$
z of t minus two equals minus 3t,$z(t)-2=-3t$,https://www.youtube.com/watch?v=57jzPlxf4fk,z of t minus 2 equals minus 3t.,z of t minus two equals minus three t.,$z(t-2)=-3t$
minus one plus two t,$\displaystyle -1+2t$,https://www.youtube.com/watch?v=57jzPlxf4fk,minus 1 plus 2t.,minus 1 plus 2t.,$\displaystyle-1+2t$
y of t equals two plus t,$y(t)=2+t$,https://www.youtube.com/watch?v=57jzPlxf4fk,y of t equals 2 plus t.,y of t equals 2 plus t.,$y(t)=2+t$
z of t equals two minus 3t,$z(t)=2-3t$,https://www.youtube.com/watch?v=57jzPlxf4fk,z of t equals 2 minus 3t.,z of t equals 2 minus 3t.,$z(t)=2-3t$
Q of t is Q0 plus t times the vector Q0 Q1,"$Q(t)=Q_{0}+t\vec{Q_{0},Q_{1}}$",https://www.youtube.com/watch?v=57jzPlxf4fk,Q of t is Q0 plus t times the vector Q0Q1.,Q of t is q0 plus t times the vector q0 q1.,$Q(t)Q_{0}+t\vec{Q}_{0}Q_{1}$
x plus 2y plus 4z equals seven,$x+2y+4z=7$,https://www.youtube.com/watch?v=57jzPlxf4fk,x plus 2y plus 4z equals 7.,x plus 2y plus 4z equals 7.,$x+2y+4z=7$
minus one plus 2t plus twice two plus t plus four times two minus 3t,$(-1+2t)+2(2+t)+4(2-3t)$,https://www.youtube.com/watch?v=57jzPlxf4fk,minus 1 plus 2t plus twice 2 plus t plus 4 times 2 minus 3t.,minus one plus 2t plus twice 2t plus four times 2 minus 3t.,$-1+2t+2\mathrm{i}\mathrm{is}(2t+4)(2-3t)$
minus one plus four plus eight is eleven,$-1+4+8=11$,https://www.youtube.com/watch?v=57jzPlxf4fk,minus 1 plus 4 plus 8 is 11.,minus one plus four plus eight is 11.,$-1+4+8\text{is11}$
one times two plus two times one plus four times minus three,$1\times2+2\times1+4\times(-3)$.,https://www.youtube.com/watch?v=57jzPlxf4fk,1 times 2 plus 2 times 1 plus 4 times minus 3.,1 times 2 plus 2 times 1 plus 4 times minus 3.,$1\times2+2\times1+4\times-3$
a theta minus a sine theta,$a\theta-a\sin \theta $,https://www.youtube.com/watch?v=57jzPlxf4fk,a theta minus a sine theta.,a theta minus a sine theta.,$A\theta-A\sin\theta$
x of theta is theta minus sine theta,$x(\theta) = \theta-\sin \theta$,https://www.youtube.com/watch?v=57jzPlxf4fk,X of theta is theta minus sine theta.,X of theta is theta minus sine theta.,$x(\theta)\sin\theta-\sin\theta$
one minus theta squared over two,$1-\theta^{2}\over2$,https://www.youtube.com/watch?v=57jzPlxf4fk,"2, 1 minus theta square over 2.",1 minus theta squared over 2.,$1-\theta^{2}/2$
theta minus theta cubed over six,$\theta-\frac{\theta^{3}}{6}$,https://www.youtube.com/watch?v=57jzPlxf4fk,theta minus theta cubed over 6.,Theta minus theta cubed over six.,$\theta-\frac{\theta^{3}}{6}$
theta squared over two,$\frac{\theta^2}{2}$,https://www.youtube.com/watch?v=57jzPlxf4fk,square of a tube.,theta squared over two.,$\frac{\theta^{2}}{2}$
square root of one minus cosine t squared plus sine squared t,$\sqrt{1-\cos^{2}t+\sin^{2}t}$,https://www.youtube.com/watch?v=0D4BbCa4gHo,square root of 1 minus cosine t squared plus sine square t.,square root of one minus cosine t squared plus sine square t.,$\sqrt{(1-\cost)^{2}+\sin^{2}t}$
square root of one minus two cosine t plus cosine squared t plus sine squared t,$\displaystyle\sqrt{1-2\cos t+\cos ^{2}t+\sin ^{2}t}$,https://www.youtube.com/watch?v=0D4BbCa4gHo,square root of 1 minus 2 cosine t plus cosine square t plus sine square t.,square root of one minus two cosine t plus cosine square t plus sine square t.,$\displaystyle\sqrt{1-2\cost+\cos^{2}t+\sin^{2}t}$
cosine squared plus sine squared,$\cos ^{2}+\sin ^{2}$,https://www.youtube.com/watch?v=0D4BbCa4gHo,go sine square up to sine square,cosine square plus sine square.,$\cos^{2}+\sin^{2}$
square root of two minus two cosine t,$\sqrt{2-2\cos t}$,https://www.youtube.com/watch?v=0D4BbCa4gHo,square root of 2 minus 2 cosine t.,root of 2 minus 2 cosine t.,$root(2-2\cost)$
d by dt of r cross v is the zero vector,$\displaystyle\frac{d}{dt}(\mathbf{r}\times\mathbf{v})=\mathbf{0}$,https://www.youtube.com/watch?v=0D4BbCa4gHo,d by dt of 1 cross v is 0 vector.,d by dt of r cross v is the zero vector.,$\displaystyle\frac{d}{dt}(\mathbf{R}\times\mathbf{v})\text{isthezerovector}$
uv prime equals u prime v plus u v prime,$(uv)^{\prime}=u^{\prime}v+uv^{\prime}$,https://www.youtube.com/watch?v=0D4BbCa4gHo,uv prime equals u prime v plus uv prime.,uv prime equals u prime v plus uv prime.,$uv^{\prime}=u^{\prime}v+uv^{\prime}$
dr dt cross v plus r cross dv dt,$\displaystyle\frac{d\mathbf{r}}{dt}\times \mathbf{v}+\mathbf{r}\times \frac{d\mathbf{v}}{dt}$,https://www.youtube.com/watch?v=0D4BbCa4gHo,dR dt cos v plus 1 cos dV dt.,dR dt cross v plus R cross dv dt.,$\displaystyle\frac{d\mathbf{r}}{dt}\times\mathbf{v}+\mathbf{r}\times\frac{d%\mathbf{v}}{dt}$
the antiderivative of sine x cosine x,$\int{\sin x \cos x} dx$,https://www.youtube.com/watch?v=60VGKnYBpbg,The anti-derivative of sine x cosine x.,The antiderivative of sine x cosine x.,"$\{\sinx,\cosx\}$"
C1 minus C2 plus a half is equal to zero,$\mathcal{C}_{1}-\mathcal{C}_{2}+\frac{1}{2}=0$,https://www.youtube.com/watch?v=60VGKnYBpbg,C1 minus C2 plus a half is equal to zero.,C1 minus C2 plus 1 by 2 is equal to 0.,$\mathcal{C}_{1}-\mathcal{C}_{2}+\frac{1}{2}:=0$
minus x squared over two,$-\frac{x^{2}}{2}$,https://www.youtube.com/watch?v=60VGKnYBpbg,minus x squared over 2.,minus x squared over 2.,$-\frac{x^{2}}{2}$
A e to the minus x squared over two,$Ae^{-\frac{x^{2}}{2}}$,https://www.youtube.com/watch?v=60VGKnYBpbg,A e to the minus x squared over 2.,a e to the minus x squared over 2.,$ae^{-x^{2}/2}$
a times d by dx of e to the minus x squared over two,$\displaystyle a\frac{d}{dx}(e^{-\frac{x^{2}}{2}})$,https://www.youtube.com/watch?v=60VGKnYBpbg,A times d by dx of e to the minus x squared over 2.,a times d by dx of e to the minus x squared over 2.,$\displaystylea\frac{d}{dx}(E_{\tau}-\frac{x^{2}}{2})$
h inverse of f of x plus c,$h^{-1}(f(x))+c$,https://www.youtube.com/watch?v=60VGKnYBpbg,to h inverse of f of x plus c.,To h inverse of f of x plus c.,$2h^{-1}(f(x)+c)$
natural log of absolute y is equal to minus x squared over 2 plus c,$\ln(|y|)=-\frac{x^{2}}{2}+c$,https://www.youtube.com/watch?v=60VGKnYBpbg,Natural log of absolute y is equal to minus x squared over 2 plus c.,Natural log of absolute y is equal to minus x squared over,$\ln|y|:=-\frac{x^{2}}{xy}$
plus or minus a e to the minus x squared over two,$\pm ae^{-x^{2}/2}$,https://www.youtube.com/watch?v=60VGKnYBpbg,plus or minus a e to the minus x squared over 2.,Plus or minus a e to the minus x squared over 2.,$\pmae^{-x^{2}/2}$
log y plus c one is equal to minus x squared over two plus c two,$\log y+c_{1}=-\frac{x^{2}}{2}+c_2$,https://www.youtube.com/watch?v=60VGKnYBpbg,Log y plus c1 is equal to minus x squared over 2 plus c2.,Log y plus c1 is equal to minus x squared over 2 plus c2.,$\logy+C_{1}:=-\frac{x^{2}}{2}+C_{2}$
log y is equal to minus x squared over 2 plus c2 minus c1,$\log y=-\frac{x^{2}}{2}+c_{2}-c_{1}$,https://www.youtube.com/watch?v=60VGKnYBpbg,The log y is equal to minus x squared over 2 plus c2 minus c1.,So log y is equal to minus x squared over 2 plus c2 minus c1.,$X\oplus\logy:=xn-\frac{x^{2}}{2}+c2-c_{1}$
a times e to the minus 0 squared over 2 is equal to 3,$ae^{-\frac{0^{2}}{2}}=3$,https://www.youtube.com/watch?v=60VGKnYBpbg,A times e to the minus 0 squared over 2 is equal to 3.,a times e to the minus 0 squared over 2 is equal to 3.,$ae^{-\frac{0^{2}}{2}}=3$
y is equal to 3e to the minus x squared over 2,$y = 3e^{-x^{2}/2}$,https://www.youtube.com/watch?v=60VGKnYBpbg,So y is equal to 3 e to the minus x squared over 2.,y is equal to 3 e to the minus x squared over 2.,$y:=3e^{-x^{2}/2}$
twice the logarithm of x plus a constant,$2\log(x)+\text{c}$,https://www.youtube.com/watch?v=60VGKnYBpbg,twice the logarithm of x plus a constant.,"twice the logarithm of x, plus a constant.",$2\log(x)+\text{const.}$
e to the log y is equal to e to the 2 log x plus c,$e^{\log y} = e^{2\log(x)+c}$,https://www.youtube.com/watch?v=60VGKnYBpbg,e to the log y is equal to e to the 2 log x plus c.,e to the log y is equal to e to the 2 log x plus c.,$\mathbb{E}^{\log}y:=e^{2\logx+c}$
e to the log x squared,$(e^{\log x})^2$,https://www.youtube.com/watch?v=60VGKnYBpbg,e to the log x squared.,e to the log x squared.,$e^{(\logx)^{2}}$
minus 1 divided by 2 y divided by x,$-\frac{1}{2(y/x)}$,https://www.youtube.com/watch?v=60VGKnYBpbg,minus 1 divided by 2y divided by x.,Minus 1 divided by 2 y divided by x.,"$-1/2,y/x$"
dy dx is equal to minus x over 2y,$\frac{dy}{dx} = -\frac{x}{2y}$,https://www.youtube.com/watch?v=60VGKnYBpbg,dy dx is equal to minus x over 2y.,dy dx is equal to minus x over 2y.,$dydx:=-\frac{x}{2}y$
x squared over 2 plus y squared,$\frac{x^{2}}{2}+y^{2}$,https://www.youtube.com/watch?v=60VGKnYBpbg,x squared over 2 plus y squared.,"x squared over 2, plus y squared.",$\frac{x^{2}}{2}+y^{2}$
y is equal to minus the square root of a squared minus x squared over two,$y=-\sqrt{a^{2}-\frac{x^{2}}{2}}$,https://www.youtube.com/watch?v=60VGKnYBpbg,y is equal to minus the square root of a squared minus x squared over 2.,y is equal to minus the square root of a squared minus x squared over 2.,$y:=a-\sqrt{a^{2}-\frac{x^{2}}{2}}$
 x to the 1 half times 2,$x^{\frac{1}{2}} \times (2)$,https://www.youtube.com/watch?v=MK_0QHbUnIA,x to the 1 half times 2.,x to the 1 half times 2.,$x^{1/2}Du$
dx over x to the p,$\frac{dx}{x^{p}}$,https://www.youtube.com/watch?v=MK_0QHbUnIA,d x over x to the p.,dx over x to the p.,$\frac{dx}{x^{p}}$
1 over 1 minus p,$\frac{1}{1-p}$,https://www.youtube.com/watch?v=MK_0QHbUnIA,1 over 1 minus p.,1 over 1 minus p.,$\frac{1}{1-p}$
the integral from 1 to infinity dx over x, $\int_{1}^{\infty} \frac{dx}{x}$,https://www.youtube.com/watch?v=MK_0QHbUnIA,The integral from one to infinity dx over x.,The integral from 1 to infinity dx over x.,$b\int_{1}^{\infty}\frac{dx}{x}$
y equals 1 over the square root of x,$y=1/\sqrt{x}$,https://www.youtube.com/watch?v=MK_0QHbUnIA,y equals 1 over the square root of x.,y equals 1 over the square root of x.,$y=1/\sqrt{x}$
y equals 1 over x minus 3 squared,$y=\frac{1}{(x-3)^{2}}$,https://www.youtube.com/watch?v=MK_0QHbUnIA,y equals 1 over x minus 3 squared.,y equals 1 over x minus 3 squared.,$y=\frac{1}{(x-3)^{2}}$
1 plus a plus a squared,$1+a+a^{2}$,https://www.youtube.com/watch?v=MK_0QHbUnIA,1 plus a plus a squared.,It's 1 plus a plus a squared.,$\mathrm{id}_{1}+A+A^{2}$
one over one minus a,$\frac{1}{1-a}$,https://www.youtube.com/watch?v=MK_0QHbUnIA,1 over 1 minus a.,1 over 1 minus a.,$\frac{1}{1-a}$
sum 1 over n squared n equals 1 to infinity,$\sum_{n=1}^{\infty} 1/n^{2}$,https://www.youtube.com/watch?v=MK_0QHbUnIA,"to sum 1 over n squared, n equals 1 to infinity.","to sum 1 over n squared, n equals 1 to infinity.",$\{t_{1/n}^{2}\}_{n=1}^{\infty}$
pi squared over 6,$\frac{\pi^{2}}{6}$,https://www.youtube.com/watch?v=MK_0QHbUnIA,pi squared over 6.,Pi squared over 6.,$\frac{\pi^{2}}{6}$
one over n cubed,$\frac{1}{n^{3}}$,https://www.youtube.com/watch?v=MK_0QHbUnIA,One over and cubed.,1 over n cubed.,$\frac{1}{n^{3}}$
one plus one over two plus all the way up to one over n minus one plus 1 over n,$1+\frac{1}{2}+\mathrm{\ldots}+\frac{1}{n-1}+\frac{1}{n}$,https://www.youtube.com/watch?v=MK_0QHbUnIA,1 plus 1 over 2 plus all the way up to 1 over n minus 1 plus 1 over n.,1 plus 1 over 2 plus all the way up to 1 over n minus 1 plus 1 over n.,$1+\frac{1}{2}+O(\mathrm{Wi}^{\uparrow}\frac{1}{n-1}+\frac{1}{n})$
a half plus a third,$\frac{1}{2}+\frac{1}{3}$,https://www.youtube.com/watch?v=MK_0QHbUnIA,1.5 plus 1.3.,A half plus a third.,$a_{\text{half}}+a_{\text{third}}$
1 over n squared plus 1 square root,$\frac{1}{n^{2} + 1}$,https://www.youtube.com/watch?v=MK_0QHbUnIA,1 over n squared plus 1 squared root.,1 over n squared plus 1 square root.,$\frac{1}{n^{2}+1}\surd$
sum one over n to the five-halves,$\sum\frac{1}{n^{5/2}}$,https://www.youtube.com/watch?v=MK_0QHbUnIA,some 1 over n to the 5 halves.,Sum 1 over n to the 5 halves.,$\sum\frac{1}{n^{5/2}}$
one times one plus two times minus two plus minus three times one,$1\times1+2\times(-2)+(-3)\times1$,https://www.youtube.com/watch?v=U1EcnfTKXJ0,"1 times 1 plus 2 times minus 2, minus 3 times 1.",1 times 1 plus 2 times minus 2 minus 3 times 1.,$1\times1+2\times-2-3\times1$
x plus 3y plus z equals zero,$x+3y+z=0$,https://www.youtube.com/watch?v=U1EcnfTKXJ0,x plus free y plus z equals zero.,x y z equals zero.,$\displaystylexyz=0$
 minus 2x minus z will be x plus 3y plus z,$-2x-z\operatorname{=}x+3y+z$,https://www.youtube.com/watch?v=U1EcnfTKXJ0,minus 2x minus z will be x plus 3y plus z.,2x minus z will be x plus free y plus z.,"$(2x-z,\mubx+3y+z)$"
x equals minus 3t,$x=-3t$,https://www.youtube.com/watch?v=U1EcnfTKXJ0,x equals minus 3t.,x equals minus 3t.,"$x=a-3t,$"
y equals 3t,$y=3\mathfrak{t}$,https://www.youtube.com/watch?v=U1EcnfTKXJ0,y equals 3t,y equals 3t.,$\mathcal{Y}=3T$
z equals negative 6t,$z\!=\!-6t$,https://www.youtube.com/watch?v=U1EcnfTKXJ0,z equals negative 60.,z equals negative 60.,$z\!=\!-60$
dr dt dot r plus r dot dr dt,$\displaystyle \frac{dr}{dt}\cdot{r}+r\cdot\frac{dr}{dt}$,https://www.youtube.com/watch?v=U1EcnfTKXJ0,d r d t dot 1 plus 1 dot d r d t.,dr dt dot r plus r dot dr dt.,"$\displaystyle\mathrm{d}r\,\mathrm{d}t\cdotR+R\cdot\mathrm{d}r\,\mathrm{d}t$"
d by dt of r dot r is zero,$\displaystyle \frac{d}{dt}(\mathbf{r}\cdot\mathbf{r})=0$,https://www.youtube.com/watch?v=U1EcnfTKXJ0,d by dt of r dot r is 0.,d by dt of r dot r is zero.,$\displaystyle\frac{d}{dt}(\mathbf{r}\cdot\mathbf{r})=0$
minus v dot v,$-\mathbf{v}\cdot\mathbf{v}$,https://www.youtube.com/watch?v=U1EcnfTKXJ0,minus V dot V.,minus v dot v.,$-\mathbf{V}\cdot\mathbf{V}$
f of x y equals one over x plus y,"$f(x,y)=\frac{1}{x+y}$",https://www.youtube.com/watch?v=dK3NEf13nPc,f of xy equals one of our x plus y.,"f of x, y equals one over x plus y.","$f(x,y)=\frac{1}{x+y}$"
f of x y equals one minus x squared minus y squared,"$f(x,y)=1-x^{2}-y^{2}$",https://www.youtube.com/watch?v=dK3NEf13nPc,f of xy equals 1 minus x squared minus y squared.,"f of x, y equals 1 minus x squared minus y squared.","$f(x,y)=1-x^{2}-y^{2}$"
z equals one minus x squared minus y squared,$z=1-x^{2}-y^{2}$,https://www.youtube.com/watch?v=dK3NEf13nPc,z equals 1 minus x square minus y square root.,z equals one minus x squared minus y squared.,$z=1-x^{2}-y^{2}$
x squared plus y squared equals one,$x^{2}+y^{2}=1$,https://www.youtube.com/watch?v=dK3NEf13nPc,x squared plus y squared equals 1.,x squared plus y squared equals one.,$x^{2}+y^{2}=1$
f prime at x0 times delta x,$ f^{\prime}(x_{0})\Delta x$,https://www.youtube.com/watch?v=dK3NEf13nPc,f prime at x0 times delta xy.,f prime at x0 times delta x.,$f^{\prime}@X_{0}\times\DeltaX$
d dy of y to the n times dy dx,$\displaystyle (\frac{d}{dy}y^{n})\frac{dy}{dx}$,https://www.youtube.com/watch?v=5q_3FDOkVRQ,d by dy of y to the n times dy dx.,"d by dy of y to the n, times dy dx.","$\displaystyle\frac{d}{dy}(y^{n})\,dydx$"
m x to the n minus one,$(mx^{m-1})$,https://www.youtube.com/watch?v=5q_3FDOkVRQ,m x to the m minus 1.,x m x to the m minus 1.,"$(x,m,x^{m}-1)$"
n y to the n minus 1 ,$(ny^{n-1})$,https://www.youtube.com/watch?v=5q_3FDOkVRQ,n y to the n minus 1.,n y to the n minus 1.,"$(n,Y^{n-1})$"
x to the m minus one,$\mathcal{x}^{m-1}$,https://www.youtube.com/watch?v=5q_3FDOkVRQ,x to the m minus 1.,x to the m minus 1.,$\mathcal{X}^{m-1}$
x to the m over n times n minus 1,$x^\frac{m}{n}{(n-1)}$,https://www.youtube.com/watch?v=5q_3FDOkVRQ,x to the m over n times n minus 1.,x to the m over n times n minus 1.,$x^{\frac{m}{n(n-1)}}$
minus one plus m over n,$-1+\frac{m}{n}$,https://www.youtube.com/watch?v=5q_3FDOkVRQ,minus 1 plus m over n.,Minus 1 plus m over n.,$-1+\frac{m}{n}$
a minus one,$\mathsf{a}-1$,https://www.youtube.com/watch?v=5q_3FDOkVRQ,A minus 1.,A minus 1.,$\mathsf{a}-1$
a x to the a minus one,$(ax^{a-1})$,https://www.youtube.com/watch?v=5q_3FDOkVRQ,A x to the A minus 1.,Ax to the a minus 1.,"$(a,x^{a}-1)$"
y is equal to plus or minus square root of 1 minus x squared,$y =\pm\sqrt{1-x^{2}}$,https://www.youtube.com/watch?v=5q_3FDOkVRQ,y is equal to plus or minus square root of 1 minus x squared.,y is equal to plus or minus square root of 1 minus x squared.,$y:=\pm\sqrt{1-x^{2}}$
2 x plus 2 y y prime,$2x+2yy^{\prime}$,https://www.youtube.com/watch?v=5q_3FDOkVRQ,2x plus 2y y prime.,2x plus 2yy prime.,$2x+2yy^{\prime}$
y to the fourth plus xy squared minus two is equal to zero,$y^{4}+xy^{2}-2=0$,https://www.youtube.com/watch?v=5q_3FDOkVRQ,"So y to the fourth plus x, y squared minus two is equal to zero.",So y to the fourth plus xy squared minus 2 is equal to 0.,$\psiy^{4}+xy^{2}-2~{}=~{}0$
four y cubed y prime,$4y^{3}y^{\prime}$,https://www.youtube.com/watch?v=5q_3FDOkVRQ,4 y cubed y prime.,4 y cubed y prime.,"$(4,y^{3},y^{\prime})$"
minus y squared divided by 4y cubed plus 2xy,$-\frac{y^{2}}{4y^{3}+2xy}$,https://www.youtube.com/watch?v=5q_3FDOkVRQ,minus y squared divided by 4y cubed plus 2xy.,Minus y squared divided by 4y cubed plus 2xy.,$-\frac{y^{2}}{4y^{3}+2xy}$
y to the fourth plus xy squared minus 2 is equal to zero,$y^{4}+xy^{2}-2=0$,https://www.youtube.com/watch?v=5q_3FDOkVRQ,"y to the fourth plus x, y squared minus 2 is equal to 0.",y to the fourth plus x y squared minus 2 is equal to 0.,$y^{4}+xy^{2}-2:=0$
 minus 1 squared divided by 4 times 1 cubed plus 2 times 1 times 1,$\frac{(-1)^2}{4\times1^{3}+2\times1\times1}$,https://www.youtube.com/watch?v=5q_3FDOkVRQ,minus 1 squared divided by 4 times 1 cubed plus 2 times 1 times 1.,Minus 1 squared divided by 4 times 1 cubed plus 2 times 1 times 1.,$-\frac{1^{2}}{4\times1^{3}+2\times1\times1}$
tan inverse x is equal to pi over two,$\operatorname{\tan}^{-1}x=\frac{\pi}{2}$,https://www.youtube.com/watch?v=5q_3FDOkVRQ,10 inverse x is equal to pi over 2.,tan inverse x is equal to pi over 2.,$\operatorname{Tan}^{-1}x:=\frac{\pi}{2}$
d by dy tan y times dy dx,$\displaystyle \frac{d}{dy}\tan(y)\frac{dy}{dx}$,https://www.youtube.com/watch?v=5q_3FDOkVRQ,d by dy tan y times dy dx.,d by dy tan y times dy dx.,$\displaystyle\frac{d}{dy}\tan(y)\frac{dy}{dx}$
d by dx of tan inverse of x,$\frac{d}{dx}(tan^{-1}(x))$,https://www.youtube.com/watch?v=5q_3FDOkVRQ,d by dx of tan inverse of x.,d by dx of tan inverse of x.,$d/dx(tan^{-1}(x))$
 cosine squared of tan inverse x,$\cos^{2}(tan^{-1}x)$ ,https://www.youtube.com/watch?v=5q_3FDOkVRQ,cosine squared of tan inverse x.,Cosine squared of tan inverse x.,$\cos^{2}(tan^{-1}x)$
one over 1 plus x squared,$\frac{1}{1+x^{2}}$,https://www.youtube.com/watch?v=5q_3FDOkVRQ,1 over 1 plus x squared.,1 over 1 plus x squared.,$\frac{1}{1+x^{2}}$
d by dx of tan inverse x is equal to one over 1 plus x squared,$\frac{d}{dx}(tan^{-1}x)=\frac{1}{1 + x^{2}}$,https://www.youtube.com/watch?v=5q_3FDOkVRQ,d by dx of tan inverse x is equal to 1 over 1 plus x squared.,d by dx of tan inverse x is equal to 1 over 1 plus x squared.,$d/dx(tan^{-1}x):=\frac{1}{1+x^{2}}$
1 over square root of 1 minus x squared,$\frac{1}{\sqrt{1-x^{2}}}$,https://www.youtube.com/watch?v=5q_3FDOkVRQ,1 over square root of 1 minus x squared.,1 over square root of 1 minus x squared.,$\frac{1}{\sqrt{1-x^{2}}}$
a to the x1 plus x2 is a to the x1 times a to the x2,$\displaystyle a^{x_1 + x_2} = a^{x_{1}}\cdot a^{x_{2}}$,https://www.youtube.com/watch?v=9v25gg2qJYE,A to the x1 plus x2 is A to the x1 times A to the x2.,a to the x 1 plus x 2 is a to the x 1 times a to the x 2.,$\displaystyle\mathtt{a}^{x_{1}+x_{2}}\mathtt{a}^{x_{1}}\mathtt{a}^{x_{2}}$
 a to the x plus delta x ,$a^{x+\Delta x}$,https://www.youtube.com/watch?v=9v25gg2qJYE,A to the x plus delta x.,A to the x plus delta x.,$h(x+\Deltax)$
M of a is equal to the limit as delta x goes to 0 of a to the delta x minus 1 divided by delta x,$M(a)=\lim_{\Delta x\to 0}\frac{a^{\Delta x}-1}{\Delta x}$,https://www.youtube.com/watch?v=9v25gg2qJYE,m of a is equal to the limit as delta x goes to 0 of a to the delta x minus 1 divided by delta x.,M of a is equal to the limit as delta x goes to 0 of a to the delta x minus 1 divided by delta x.,$\operatorname{Im}(A)=\lim_{\Deltax\to0}\frac{A^{\Deltax-1}}{\Deltax}.$
 k times f prime of kx,$k\cdot f^{\prime}(kx)$,https://www.youtube.com/watch?v=9v25gg2qJYE,K times f prime of Kx.,K times f' of kx.,$k\cdotf^{\prime}(kx)$
e to the log x is equal to x,$\mathrm{e}^{\log x}=x$,https://www.youtube.com/watch?v=9v25gg2qJYE,e to the log x is equal to x.,e to the log x is equal to x.,$\mathrm{e}^{\logx}:=x$
d by dx e to the w,$\frac{d}{dx}\mathbf{e}^{w}$,https://www.youtube.com/watch?v=9v25gg2qJYE,d by dx e to the w.,d by dx e to the w.,$\frac{d}{dx}\mathbf{e}^{w}$
 e to the power log a to the power x,$(e^{\ln a})^{x}$,https://www.youtube.com/watch?v=9v25gg2qJYE,e to the power log a to the power x.,e to the power log a to the power x.,$e^{\loge^{x}}$
d by dx of a to the x is equal to d by dx of e to the x log a,$\frac{d}{dx}(a^{x})=\frac{d}{dx}(e^{x}\log a)$,https://www.youtube.com/watch?v=9v25gg2qJYE,d by dx of a to the x is equal to d by dx of e to the x log a.,d by dx of a to the x is equal to d by dx of e to the x log a.,$\frac{d}{dx}(e^{X}):=\frac{d}{dx}(e^{X}\loga)$
log a times e to the x log a,"$\log a\,\mathrm{e}^{x\log a}$",https://www.youtube.com/watch?v=9v25gg2qJYE,log a times e to the x log a.,log a times e to the x log a.,$\logA\cdote^{x\logA}$
 The derivative with respect to x of 2 to the x is log 2 times 2 to the x,$\frac{d}{dx}(2^{x})=\log{2}(2^{x})$,https://www.youtube.com/watch?v=9v25gg2qJYE,The derivative of ortho-spect x of 2 to the x is log 2 times 2 to the x.,The derivative with respect to x of 2 to the x is log 2 times,$\frac{d}{dx}(2^{x})\log2dx$
log 10 times 10 to the x,$\log 10\times 10^{x}$,https://www.youtube.com/watch?v=9v25gg2qJYE,The log 10 times 10 to the x.,log 10 times 10 to the x.,$\log10\times10^{\mathrm{ex}}$
log u prime is equal to u primie over u,$\log u^{\prime}=u^{\prime}/u$,https://www.youtube.com/watch?v=9v25gg2qJYE,Log U prime is equal to U prime over U.,Log u' is equal to u' over u.,$\logU^{\prime}:=U^{\prime}/U$
u prime is equal to u times log a,$u^{\prime}=u\cdot\log a$,https://www.youtube.com/watch?v=9v25gg2qJYE,The mu prime is equal to u times log a.,And u' is equal to u times log a.,$\displaystyle\text{and}u^{\prime}:=u\cdot\loga$
v prime is equal to v times 1 plus log x,$v^{\prime}=v(1+\log x)$,https://www.youtube.com/watch?v=9v25gg2qJYE,v prime is equal to v times 1 plus log x.,V' is equal to V times 1 plus log x.,$V^{\prime}:=V(1+\logx)$
d by dx x to the x,$(\frac{d}{dx}(x^{x}))$,https://www.youtube.com/watch?v=9v25gg2qJYE,"d by dx, x to the x.","d by dx, x to the x.","$(d/dx,x^{x})$"
one plus one over n to the power n,$(1+\frac{1}{n})^{n}$,https://www.youtube.com/watch?v=9v25gg2qJYE,1 plus 1 over n to the power n.,1 plus 1 over n to the power n.,$1+\frac{1}{n^{n}}$
n log one plus one over n,$n\log(1+1/n)$,https://www.youtube.com/watch?v=9v25gg2qJYE,N log 1 plus 1 over N.,n log 1 plus 1 over n.,$n\log(1+1/n)$
one plus one over k to the kth power,$(1+\frac{1}{k})^{k}$,https://www.youtube.com/watch?v=eHJuAByQf5A,1 plus 1 over k to the kth power.,1 plus 1 over k to the k-th power.,$1+\frac{1}{k^{k}}$
ln of one plus one over k,$\ln(1+\frac{1}{k})$,https://www.youtube.com/watch?v=eHJuAByQf5A,LL01 plus 1 over K.,I have a hand of 1 plus 1 over k.,$I(N(1+\frac{1}{k}))$
e to the r log x prime,$\mathrm{e}^{r}\log x^{\prime}$,https://www.youtube.com/watch?v=eHJuAByQf5A,e to the R log x prime.,e to the r log x prime.,$\mathrm{e}^{r}\logx^{\prime}$
u times r divided by x,$u\times\mathbb{r}/x$,https://www.youtube.com/watch?v=eHJuAByQf5A,u times r divided by x.,u times r divided by x.,$U\times\mathbb{R}/x$
r x to the r minus one,$rx^{r-1}$,https://www.youtube.com/watch?v=eHJuAByQf5A,R x to the R minus 1.,r x to the r minus 1.,"$(r,x^{r}-1)$"
y is ten x plus b,$y=10x+b$,https://www.youtube.com/watch?v=eHJuAByQf5A,Y is 10x plus B.,y is 10x plus b.,$y\sim10x+b$
fifty t plus ten a plus b,$50t+10a+b$,https://www.youtube.com/watch?v=eHJuAByQf5A,50t plus 10a plus b.,50t plus 10a plus b.,$50T+10A+B$
minus v to the minus 2 times v prime,$-v^{-2}v^{\prime}$,https://www.youtube.com/watch?v=eHJuAByQf5A,minus V to the minus 2 times V prime.,Minus v to the minus 2 times v prime.,$-v^{-2}v^{\prime}$
x to the ten plus eight x,$x^{10}+8x$,https://www.youtube.com/watch?v=eHJuAByQf5A,X to the tenth plus 8S.,x to the 10th equals 8s.,$x^{10}=8s$
e to the x tan inverse x,$\mathrm{e}^{x}{\tan^{-1}x}$,https://www.youtube.com/watch?v=eHJuAByQf5A,e to the x tan inverse x.,E to the x tan inverse x.,$\mathrm{e}^{x\tan^{-1}x}$
x divided by 1 plus x squared,$\frac{x}{1+x^{2}}$,https://www.youtube.com/watch?v=eHJuAByQf5A,x divided by 1 plus x squared.,x divided by 1 plus x squared.,$\frac{x}{1+x^{2}}$
the limit as delta x goes to 0 of f of x plus delta x minus f of x divided by delta x,$\displaystyle \lim_{\Delta x\to 0}\frac{f(x+\Delta x)-f(x)}{\Delta x}$,https://www.youtube.com/watch?v=eHJuAByQf5A,The limit is delta x goes to 0 of f of x plus delta x minus f of x divided by delta x.,The limit as delta x goes to 0 of f of x plus delta x minus f of x divided by delta x.,$\displaystyle\lim_{\Deltax\to0}\frac{f(x+\Deltax)-f(x)}{\Deltax}$
one over one plus y squared times y prime,$\frac{1}{1+y^{2}}y^{\prime}$,https://www.youtube.com/watch?v=eHJuAByQf5A,1 over 1 plus y squared times y prime.,1 over 1 plus y squared times y prime.,$\frac{1}{1+y^{2}}y^{\prime}$
one divided by the square root of one plus x squared,$1/\sqrt{1+x^{2}}$,https://www.youtube.com/watch?v=eHJuAByQf5A,1 divided by the square root of 1 plus x squared.,1 divided by the square root of 1 plus x squared.,$1/\sqrt{1+x^{2}}$
 x zero plus f prime of x zero x minus x zero,$\displaystyle x_{0}+f^{\prime}(x_{0})(x - x_{0})$,https://www.youtube.com/watch?v=BSAA0akmPEU,"x0 plus f prime of x0, x minus x0.","x0 plus f prime of x0, x minus x0.","$\displaystyleX_{0}+f^{\prime}(X_{0},X-X_{0})$"
y equals cosine x,$y=\cos x$,https://www.youtube.com/watch?v=BSAA0akmPEU,Y equals cosine x.,y equals cosine x.,$y=\cosx$
y equals e to the x,$y=\mathrm{e}^{x}$,https://www.youtube.com/watch?v=BSAA0akmPEU,like us e to the x,y equals e to the x.,$y=\exp(x)$
y equals one plus x,$\displaystyle y=1+x$,https://www.youtube.com/watch?v=BSAA0akmPEU,Y equals 1 plus X.,y equals 1 plus x.,$\displaystyley=1+x$
f prime is one over one plus x,$f^{\prime}=\frac{1}{1+x}$,https://www.youtube.com/watch?v=BSAA0akmPEU,F prime is 1 over 1 plus x.,f' is 1 over 1 plus x.,$f^{\prime}\sim\frac{1}{1+x}$
r one plus x to the r minus 1,$(r\cdot{1+x}^{r-1})$,https://www.youtube.com/watch?v=BSAA0akmPEU,R 1 plus x to the R minus 1.,r 1 plus x to the r minus 1.,"$(r,1+x^{r}-1)$"
e to the minus 3x divided by square root 1 plus x,$e^{-3x}/\sqrt{1+x}$,https://www.youtube.com/watch?v=BSAA0akmPEU,e to the minus 3x divided by square root 1 plus x.,e to the minus 3x divided by square root 1 plus x.,$e^{-3x}/\sqrt{1+x}$
e to the minus three x one plus x to the minus a half,$e^{-3x}(1+x^{-1/2})$,https://www.youtube.com/watch?v=BSAA0akmPEU,"e to the minus 3x, 1 plus x to the minus 1 half.","e to the minus 3x, 1 plus x to the minus 1.5.","$(e^{-3x},1+x^{-1.5})$"
one minus three x minus a half of x plus three halves x squared.,$1-3x-\frac{1}{2}x+\frac{3}{2}x^{2}$,https://www.youtube.com/watch?v=BSAA0akmPEU,"1 minus 3x minus 1,5x plus 3 halves x squared.",1 minus 3x minus 1 by 2x plus 3 by 2x squared.,$1-3x-\frac{1}{2x}+\frac{3}{2x^{2}}$
t prime is equal to t divided by the square root of 1 minus v squared over c squared,$t^{\prime}= t/\sqrt{1-v^{2}/c^{2}}$,https://www.youtube.com/watch?v=BSAA0akmPEU,t prime is equal to t divided by the square root of 1 minus v squared over c squared.,T' is equal to t divided by the square root of 1 minus v squared over c squared.,$T^{\prime}:=T/\sqrt{1-v^{2}/c^{2}}$
v squared over c squared,$\frac{v^{2}}{c^{2}}$,https://www.youtube.com/watch?v=BSAA0akmPEU,v squared over c squared.,It's v squared over c squared.,$idv^{2}/c^{2}$
t times 1 plus a half v squared over c squared,$t(1+\frac{1}{2}\frac{v^{2}}{c^{2}})$,https://www.youtube.com/watch?v=BSAA0akmPEU,t times 1 plus a half v squared over c squared.,t times 1 plus 1 by 2 v squared over c squared.,$T(1+\frac{1}{2v^{2}/c^{2}})$
y equals one minus a half x squared,$y=1-\frac{1}{2}x^{2}$,https://www.youtube.com/watch?v=BSAA0akmPEU,y equals 1 minus 1 half x squared.,y equals 1 minus 1 half x squared.,$y=1-\frac{1}{2}x^{2}$
one plus a half v squared over c squared,$1+\frac{1}{2}v^{2}/c^{2}$,https://www.youtube.com/watch?v=eRCN3daFCmU,1 plus 1 half d squared over c squared.,1 plus 1 half v squared over c squared.,$1+\frac{1}{2}v^{2}/c^{2}$
f double prime of zero divided by two,$f^{\prime\prime}(0)/2$,https://www.youtube.com/watch?v=eRCN3daFCmU,F double prime of zero divided by two.,F double prime of 0 divided by 2.,$f^{\prime\prime}(0)/2$
sine x is approximately x,$\sin x\approx x$,https://www.youtube.com/watch?v=eRCN3daFCmU,sine x is approximately x.,Sine x is approximately x.,$\sinx\approxx$
cosine x is approximately one minus a half x squared,$\cos x\approx 1-\frac{1}{2}x^{2}$,https://www.youtube.com/watch?v=eRCN3daFCmU,Cosine X is approximately 1 minus 1 half x squared.,Cosine x is approximately 1 minus 1 half x squared.,$\cosx\approx1-\frac{1}{2}x^{2}$
e to the x is approximately one plus x plus a half x squared,$e^{x}\approx 1+x+\frac{1}{2}x^{2}$,https://www.youtube.com/watch?v=eRCN3daFCmU,e to the x is approximately 1 plus x plus 1 half x squared.,e to the x is approximately 1 plus x plus 1 by 2 x squared.,$e^{x}\approx1+x+\frac{1}{2x^{2}}$
 x minus a half x squared,$x-\frac{1}{2}x^{2}$,https://www.youtube.com/watch?v=eRCN3daFCmU,x minus a half x squared.,x minus 1 by 2 x squared.,$(x-1)/2x^{2}$
1 plus x to the power r,$(1+x^{r})$,https://www.youtube.com/watch?v=eRCN3daFCmU,1 plus x to the power r.,1 plus x to the power r.,$(1+x^{r})$
one plus rx plus r times r minus one divided by two x squared,$1+rx+\frac{r(r-1)}{2}x^{2}$,https://www.youtube.com/watch?v=eRCN3daFCmU,1 plus rx plus r times r minus 1 divided by 2 x squared.,1 plus rx plus r times r minus 1 divided by 2 x squared.,$1+rx+\frac{r(r-1)}{2}x^{2}$
 e to the minus three x one plus x to the minus a half,$e^{-3x}(1+x)^{-1/2}$,https://www.youtube.com/watch?v=eRCN3daFCmU,"The unit of the minus 3x, 1 plus x to the minus 1 half.","e to the minus 3x, 1 plus x to the minus 1.5.","$(e^{-3x},1+x^{-1.5})$"
one minus a half x plus a half times minus a half times minus three halves x squared,$1-\frac{1}{2}x+\frac{1}{2}\times(-\frac{1}{2})\times(-\frac{3}{2})x^{2}$,https://www.youtube.com/watch?v=eRCN3daFCmU,1 minus 1 half x plus 1 half times minus 1 half times minus 3 half x squared.,1 minus 1 half x plus 1 half times minus 1 half times minus 3 halves x squared.,$1-\frac{1}{2}x+\frac{1}{2}\times-\frac{1}{2}\times-\frac{3}{2}x^{2}$
f double prime is minus one over one plus x squared,$f^{\prime\prime}=-\frac{1}{1 + x^{2}}$,https://www.youtube.com/watch?v=eRCN3daFCmU,ZF double prime is minus 1 over 1 plus x squared.,x f double prime is minus 1 over 1 plus x squared.,$xf^{\prime\prime}s-\frac{1}{1+x^{2}}$
r one plus x to the r minus one,$(r\cdot 1+x^{r-1})$,https://www.youtube.com/watch?v=eRCN3daFCmU,"R, 1 plus x to the R minus 1.","R, 1 plus x to the r minus 1.","$(r,1+x^{r}-1)$"
r times r minus one x plus one to the r minus two,$r(r-1)(x+1)^{r-2}$,https://www.youtube.com/watch?v=eRCN3daFCmU,"R times R minus 1, x plus 1 to the R minus 2.","R times r minus 1, x plus 1 to the r minus 2.",$r(r-1)x+1^{r-2}$
3 times 1 minus x times 1 plus x,$3(1-x)(1+x)$,https://www.youtube.com/watch?v=eRCN3daFCmU,3 times 1 minus x times 1 plus x.,3 times 1 minus x times 1 plus x.,$3(1-x)(1+x)$
one minus x times 1 plus x is zero,$(1 - x)(1 + x) = 0$,https://www.youtube.com/watch?v=eRCN3daFCmU,1 minus x times 1 plus x is 0.,1 minus x times 1 plus x is 0.,$(1-x)(1+x)=0$
 x is plus or minus 1,$x={}(\pm1)$,https://www.youtube.com/watch?v=eRCN3daFCmU,X is plus or minus one.,x is plus or minus 1.,$x~{}(\pm1)$
f of x is three x minus x cubed,$f(x)=3x-x^{3}$,https://www.youtube.com/watch?v=eRCN3daFCmU,f of x is 3x minus x cubed.,f of x is 3x minus x cubed.,$f(x)\sim3x-x^{3}$
one over x plus two the quantity squared.,$\frac{1}{({x+2})^2}$,https://www.youtube.com/watch?v=twzGBqPeW0M,"1 over x plus 2, the quantity square.",1 over x plus 2 the quantity squared.,$\frac{1}{x+2})^{2}$
negative two plus one,$\-2 + 1\$,https://www.youtube.com/watch?v=twzGBqPeW0M,Negative 2 plus 1.,Negative 2 plus 1.,"$\{-2,+1\}$"
1 plus 1 over x,$1+\frac{1}{x}$,https://www.youtube.com/watch?v=twzGBqPeW0M,1 plus 1 over x.,1 plus 1 over x.,$1+\frac{1}{x}$
1 plus 2 over x,$1+\frac{2}{x}$,https://www.youtube.com/watch?v=twzGBqPeW0M,1 plus 2 over x.,1 plus 2 over x.,$1+\frac{2}{x}$
one minus one over x plus 2,$1-\frac{1}{x+2}$,https://www.youtube.com/watch?v=twzGBqPeW0M,1 minus 1 over x plus 2.,1 minus 1 over x plus 2.,$1-\frac{1}{x+2}$
one times log x minus x times the derivative of log x,$1\cdot\log x-x\cdot\frac{\mathrm{d}}{\mathrm{dx}}\log (x)$,https://www.youtube.com/watch?v=twzGBqPeW0M,"1 times the log x minus x times the derivative of log x,",1 times log x minus x times the derivative of log x.,$1\cdot\logx-x\cdot\frac{d}{d\logx}$
log x minus one divided by log x squared,$(\log (x)-1)/\log x^{2}$,https://www.youtube.com/watch?v=twzGBqPeW0M,log x minus 1 divided by log x squared.,log x minus 1 divided by log x squared.,$(\logx-1)/(\logx)^{2}$
e divided by log e,$e/\log e$,https://www.youtube.com/watch?v=twzGBqPeW0M,e divided by log e.,E divided by log E.,$E/\logE$
 log e is 1, $\log(e) = {1}$,https://www.youtube.com/watch?v=twzGBqPeW0M,Shy and With Isle dagegen,This log is one.,$s\log_{s}1$
 log x minus 1 divided by log x squared,$\log(x-1)/(\log x)^{2}$,https://www.youtube.com/watch?v=twzGBqPeW0M,log x minus 1 divided by log x squared.,log x minus 1 divided by log x squared.,$(\logx-1)/(\logx)^{2}$
1 over log x minus 1 over log x squared,$1/\log x - 1/(\log x^{2})$,https://www.youtube.com/watch?v=twzGBqPeW0M,1 over log x minus 1 over log x squared.,1 over log x minus 1 over log x squared.,$1/\logx-1/(\logx)^{2}$
1 over log 0 plus minus 1 over log 0 plus squared,$\displaystyle \frac{1}{\log(0^{+})}-\frac{1}{(\log(0^{+}))^{2}}$,https://www.youtube.com/watch?v=twzGBqPeW0M,1 over log 0 plus minus 1 over log 0 plus square.,1 over log 0 plus minus 1 over log 0 plus squared.,$\displaystyle\frac{1}{\log(0^{+})}-\frac{1}{(\log(0^{+}))^{2}}$
one over minus infinity minus 1 over infinity,$\frac{1}{-\infty}-\frac{1}{\infty}$,https://www.youtube.com/watch?v=twzGBqPeW0M,1 over minus infinity minus 1 over infinity.,1 over minus infinity minus 1 over infinity.,$1/-\infty-1/\infty$
minus log x to the minus 2 times 1 over x plus 2 log x to the minus 3 1 over x,$\displaystyle -(\log x)^{-2} \cdot\frac{1}{x}+2(\log x)^{-3}\frac{1}{x}$,https://www.youtube.com/watch?v=twzGBqPeW0M,"That's minus log x to the minus 2 times 1 over x plus 2 log x to the minus 3, 1 over x.","That's minus log x to the minus 2 times 1 over x, plus 2 log x to the minus 3, 1 over x.",$\displaystyle\cdots-\logx^{-2}\frac{1}{x}+2\logx^{-3}\frac{1}{x}$
 x log x cubed ,$x(\log x)^3$,https://www.youtube.com/watch?v=twzGBqPeW0M,"x, log x, cubed.",x log x cubed.,$(x\logx)^{3}$
2 minus log x,$2-\log x$,https://www.youtube.com/watch?v=twzGBqPeW0M,The two minus log x.,The 2 minus log x.,$2-\logx$
e squared over two,$\frac{e^{2}}{2}$,https://www.youtube.com/watch?v=twzGBqPeW0M,E squared over two.,e squared over 2.,$\frac{d^{2}}{2}$
one minus x,$\displaystyle 1-x$,https://www.youtube.com/watch?v=YN7k_bXXggY,1 minus x.,1 minus x.,$\displaystyle1-x$
x over 4,$\frac{x}{4}$,https://www.youtube.com/watch?v=YN7k_bXXggY,X over 4.,x over 4.,$\frac{x}{4}$
x squared over 16,$x^{2}/16$,https://www.youtube.com/watch?v=YN7k_bXXggY,X squared over 16.,x squared over 16.,$\frac{x^{2}}{16}$
the derivative of 1 minus x squared is 2 times 1 minus x times of minus 1,$\displaystyle \frac{d}{dx}\left(1-x\right)^{2}=2\left(1-x\right)(-1)$,https://www.youtube.com/watch?v=YN7k_bXXggY,The derivative of 1 minus x squared is two times 1 minus x times a minus 1.,The derivative of 1 minus x squared is 2 times 1 minus x times a minus 1.,$\displaystyle\frac{d}{dx}\left(1-x^{2}\right)+2\left(1-x\right)a-1$
2x over 8,$\frac{2x}{8}$,https://www.youtube.com/watch?v=YN7k_bXXggY,2x over 8,2x over 8.,$\frac{2x}{8}$
y is equal to v divided by x squared,$y=\frac{v}{x^{2}}$,https://www.youtube.com/watch?v=YN7k_bXXggY,y is equal to v divided by x squared.,y is equal to v divided by x squared.,$y:=\frac{v}{x^{2}}$
A prime is 2x minus 4v over x squared,$A^{\prime}=2x-4v/x^{2}$,https://www.youtube.com/watch?v=YN7k_bXXggY,A prime is 2x minus 4v over x squared.,a' is 2x minus 4v over x squared.,$a^{\prime}\sim2x-4v/x^{2}$
2x equals 2v over x squared,$2x=2v/x^{2}$,https://www.youtube.com/watch?v=YN7k_bXXggY,2x equals 2v over x squared.,2x equals 2v over x squared.,$2x=2v/x^{2}$
x cubed is equal to 2v,$x^{3}=2v$,https://www.youtube.com/watch?v=YN7k_bXXggY,x cubed is equal to 2v.,x cubed is equal to 2v.,$x^{3}:=2v$
x is equal to 2 to the 1 3rd v to the 1 3rd,$x=2^{\frac{1}{3}}v^{\frac{1}{3}}$,https://www.youtube.com/watch?v=YN7k_bXXggY,"x is equal to 2 to the 1-third, v to the 1-third.","x is equal to 2 to the 1 third, v to the 1 third.",$x:=2^{\frac{1}{3}}v^{\frac{1}{3}}$
x squared plus 4v over x,$x^{2}+\frac{4v}{x}$,https://www.youtube.com/watch?v=YN7k_bXXggY,x squared plus 4v over x.,x squared plus 4v over x.,$x^{2}+\frac{4v}{x}$
2x minus 4v over x squared,$\displaystyle 2x-\frac{4v}{x^{2}}$,https://www.youtube.com/watch?v=YN7k_bXXggY,plus 2x minus 4v over x squared.,2x minus 4v over x squared.,$2x-4v/x^{2}$
x squared plus 4v over x,$x^{2}+4v/x$,https://www.youtube.com/watch?v=YN7k_bXXggY,x squared plus 4 v over x.,x squared plus 4v over x.,$x^{2}+\frac{4v}{x}$
two to the one third v to the one third squared plus four v ,$({2^{(1/3)}v^{(1/3)}})^{2}+4v$,https://www.youtube.com/watch?v=YN7k_bXXggY,2 to the 1-third v to the 1-third squared plus 4v.,"2 to the 1 third, v to the 1 third squared plus 4v.",$2^{1/3}v^{(1/3)^{2}+4v}$
a divided by v to the 2 3rds,$\frac{a}{v^{2/3}}$,https://www.youtube.com/watch?v=YN7k_bXXggY,A divided by V to the 2 thirds.,A divided by V to the 2 thirds.,$A/V^{2/3}$
2 to the 1 3rd v to the 1 3rd divided by 2 to the minus 2 3rds v to the 1 3rd,$2^{1/3}v^{1/3}\over 2^{-2/3}v^{1/3}$,https://www.youtube.com/watch?v=YN7k_bXXggY,"2 to the 1-third, v to the 1-third divided by 2 to the minus 2-thirds, v to the 1-third.",2 to the 1 third v to the 1 third divided by 2 to the minus 2 thirds v to the 1 third.,$2^{1/3}v^{1/3}/2^{-2/3}v^{1/3}$
2xy,$(2xy)$,https://www.youtube.com/watch?v=YN7k_bXXggY,"2x, y.",2xy,"$(2,(x,y))$"
y prime is equal to minus 2xy divided by x squared,$y^{\prime}=-\frac{2xy}{x^{2}}$,https://www.youtube.com/watch?v=YN7k_bXXggY,y prime is equal to minus 2xy divided by x squared.,y' is equal to minus 2xy divided by x squared.,$y^{\prime}:=-\frac{2xy}{x^{2}}$
2x plus 4y plus 4x y prime,$2x+4y+4xy^{\prime}$,https://www.youtube.com/watch?v=YN7k_bXXggY,2x plus 4y plus 4x y prime.,2x plus 4y plus 4xy',$2x+4y+4xy^{\prime}$
4x times minus 2y over x,$4x\cdot-\frac{2y}{x}$,https://www.youtube.com/watch?v=YN7k_bXXggY,4x times minus 2y over x.,4x times minus 2y over x.,$4x\cdot-\frac{2y}{x}$
2x plus 4y,$\displaystyle 2x+4y$,https://www.youtube.com/watch?v=YN7k_bXXggY,2x plus 4y.,2x plus 4y.,$\displaystyle2x+4y$
8 minus 8y equals 0,$8-8y=0.$,https://www.youtube.com/watch?v=YN7k_bXXggY,8 minus 8 y equals 0.,8 minus 8y equals 0.,$8-8y=0.$
x over y is equal to 2,$\frac{x}{y}=2$,https://www.youtube.com/watch?v=YN7k_bXXggY,x over y is equal to 2.,x over y is equal to 2.,$\frac{x}{y}=2$
x squared plus 30 squared is equal to d squared,$x^{2}+30^{2}=d^{2}$,https://www.youtube.com/watch?v=sRIDVAcoG5A,x squared plus 30 squared is equal to d squared.,x squared plus 30 squared is equal to d squared.,$x^{2}+30^{2}<=d^{2}$
d D dt is minus 80,$\frac{\mathrm{d}}{\mathrm{d}t}D=-80$,https://www.youtube.com/watch?v=sRIDVAcoG5A,DDDT is minus 80.,d d dt is minus 80.,$\mathrm{d}\mathrm{d}t\sim-80$
r divided by h is equal to four divided by ten,$r/h=4/10$,https://www.youtube.com/watch?v=sRIDVAcoG5A,r divided by h is equal to 4 divided by 10.,r divided by h is equal to 4 divided by 10.,$R/H=4/10$
dv dt is two,$\frac{dv}{dt} = 2$,https://www.youtube.com/watch?v=sRIDVAcoG5A,DVDT is two.,DVDT is two.,$\text{CDT}_{\text{is2}}$
two fifths h,$\frac{2}{5}h$,https://www.youtube.com/watch?v=sRIDVAcoG5A,"Two fifths, H.",2 fifths H.,$\frac{2}{5}h$
v is equal to a 3rd pi times 2 5ths,$v=\frac{1}{3}\pi\times\frac{2}{5}$,https://www.youtube.com/watch?v=sRIDVAcoG5A,v is equal to a third pi times 2 fifths.,v is equal to 1 3 pi times 2 5.,"$V:=1.3\pi(2,5)$"
h squared times h,$\mathbb{h}^{2}\times\mathbb{h}$,https://www.youtube.com/watch?v=sRIDVAcoG5A,H squared times H.,h squared times h.,$\mathbb{H}^{2}\times\mathbb{H}$
h squared times h,$\mathbb{h}^{2}\times\mathbb{h}$,https://www.youtube.com/watch?v=sRIDVAcoG5A,H squared times H.,h squared times h.,$\mathbb{H}^{2}\times\mathbb{H}$
3h squared times dh dt,$\displaystyle 3h^{2}\frac{dh}{dt}$,https://www.youtube.com/watch?v=sRIDVAcoG5A,3H squared times DHDT.,3h squared times dh dt.,$3h^{2}\frac{dh}{dt}$
2 is equal to pi over 3 times 2 5ths,$2=\frac{\pi}{3}\times\frac{2}{5}$,https://www.youtube.com/watch?v=sRIDVAcoG5A,2 is equal to pi over 3 times 2-5th.,2 is equal to pi over 3 times 2 fifths.,$2:=\frac{\pi}{3}\times\frac{2}{5}$
dh dt is equal to 1 over 2pi,$\frac{dh}{dt}=\frac{1}{2\pi}$,https://www.youtube.com/watch?v=sRIDVAcoG5A,dH dT is equal to 1 over 2 pi.,dH dt is equal to 1 over 2 pi.,$\frac{dH}{dt}:=\frac{1}{2\pi}$
dv dt is equal to dv dh times dh dt,$dv/dt = \frac{dv}{dh}\times\frac{dh}{dt}$,https://www.youtube.com/watch?v=sRIDVAcoG5A,use dVDT is equal to dVDH times dHDT.,Use dvdt is equal to dvdh times dhdt.,$\use@mathgroup\M@U\symAMSb{D}^{t}=\use@mathgroup\M@U\symAMSb{D}^{h}\times%\use@mathgroup\M@U\symAMSb{D}^{t}$
the square root of x squared plus y squared,$\sqrt{x^{2}+y^{2}}$,https://www.youtube.com/watch?v=sRIDVAcoG5A,the square root of x squared plus y squared.,The square root of x squared plus y squared.,$\sqrt{x^{2}+y^{2}}$
b minus y,$\mathcal{b}{-}y$,https://www.youtube.com/watch?v=sRIDVAcoG5A,B minus Y.,B minus Y.,$\mathcal{B}^{-}(y)$
the square root of a minus x squared plus b minus y squared,$\sqrt{(a-x)^{2}+(b-y)^{2}}$,https://www.youtube.com/watch?v=sRIDVAcoG5A,the square root of a minus x squared plus d minus y squared.,The square root of a-x squared plus b-y squared.,$\sqrt{(a-x)^{2}+(b-y)^{2}}$
a minus x,$\mathcal{a}-x$,https://www.youtube.com/watch?v=sRIDVAcoG5A,A minus x.,a minus x.,$\mathcal{A}-X$
b minus y times y prime,$(b - y)y^{\prime}$,https://www.youtube.com/watch?v=sRIDVAcoG5A,V minus y times y prime.,v minus y times y',$v-yy^{\prime}$
x divided by square root of x squared plus y squared ,$x/\sqrt{x^{2}+y^{2}}$,https://www.youtube.com/watch?v=sRIDVAcoG5A,x divided by square root of x squared plus y squared.,x divided by square root of x squared plus y squared.,$x/\sqrt{x^{2}+y^{2}}$
x squared equals 5,$\displaystyle x^{2}=5$,https://www.youtube.com/watch?v=sRIDVAcoG5A,x squared equals 5.,x squared equals 5.,$\displaystylex^{2}=5$
f of x equal to x squared minus 5,$f(x)=x^{2}-5$,https://www.youtube.com/watch?v=sRIDVAcoG5A,f of x equal to x squared minus 5.,f of x equal to x squared minus 5.,$f(x)=x^{2}-5$
f of x equals 0,$f(\mathbf{x})=0$,https://www.youtube.com/watch?v=sRIDVAcoG5A,f of x equals zero.,f of x equals 0.,$f(\mathbf{x})=0$
y minus y0 is equal to m x minus x0,$y-y_{0}=m(x-x_{0})$,https://www.youtube.com/watch?v=sRIDVAcoG5A,y minus y0 is equal to m x minus x0.,y minus y0 is equal to m x minus x0.,$y-y_{0}:=Mx-x_{0}$
x1 is equal to x0 minus y0 divided by m,$x_{1}=x_{0}-\frac{y_{0}}{m}$,https://www.youtube.com/watch?v=sRIDVAcoG5A,X1 is equal to X0 minus Y0 divided by M.,x1 is equal to x0 minus y0 divided by m.,$x_{1}:=x_{0}-y_{0}/m$
x0 is equal to 2,$x_0 = 2$,https://www.youtube.com/watch?v=sRIDVAcoG5A,x0 is equal to 2,x0 is equal to 2.,"$(x,0):=(2)$"
x0 squared minus 5,$x_0^{2} - 5$ ,https://www.youtube.com/watch?v=sRIDVAcoG5A,x0 squared minus 5.,x0 squared minus 5.,$X0^{2}-5$
minus a half x zero,$-\frac{1}{2}x_{0}$,https://www.youtube.com/watch?v=sRIDVAcoG5A,minus a half x0.,Minus 1 by 2 x 0.,"$-\frac{1}{2x},0$"
five halves over x zero,$\frac{5}{2}\over x_0$,https://www.youtube.com/watch?v=sRIDVAcoG5A,5 halves over x0.,5 halves over x zero.,"$\frac{5}{2}/x,0$"
x one is a half times two,$\displaystyle \mathbb{x}_{1}=\frac{1}{2}\times 2$ ,https://www.youtube.com/watch?v=sRIDVAcoG5A,x1 is a half times 2.,x1 is 1 by 2.,$\mathrm{X}_{1}\mathrm{S}^{1\times2}$
9 4ths plus 5 halves times 4 9ths,$(9/4+5/2)\times(4/9)$,https://www.youtube.com/watch?v=sRIDVAcoG5A,9 fourths plus 5 halves times 4 ninths.,9 4ths plus 5 halves times 4 9ths.,$(9/4+5/2)\times(4/9)$
square root of 5 minus xn,$\sqrt{5}-x_n$,https://www.youtube.com/watch?v=sRIDVAcoG5A,square root of 5 minus x anode.,Square root of 5 minus xn.,$\sqrt{5-xn}$
one minus a half,$1-\frac{1}{2}$,https://www.youtube.com/watch?v=sRIDVAcoG5A,The one minus a half I got,The 1 minus 1.5 I got.,$\beta(1-1.5i\cdot)$
x minus x1 in absolute value,$|x-x_1|$ ,https://www.youtube.com/watch?v=4Q37iOyBq44,x minus x1 in absolute value.,x minus x1 in absolute value.,$||x-x1||$
e2 would be x minus x2 in absolute value,$\displaystyle \mathbb{e}_2 = |x - x_{2}|$,https://www.youtube.com/watch?v=4Q37iOyBq44,E2 would be x minus x2 in absolute value.,"E2 would be x minus x2, an absolute value.",$\displaystyle\mathbb{E}_{2ab}x-x_{2a}|$
y equals x squared minus 5,$y=x^{2}-5$,https://www.youtube.com/watch?v=4Q37iOyBq44,2 equals x squared minus 5.,y equals x squared minus 5.,$y=x^{2}-5$
the interval a less than x less than b,$[a<x<b]$,https://www.youtube.com/watch?v=4Q37iOyBq44,the interval a less than x less than b.,The interval a less than x less than b.,$[a<x<b]$
f of b minus f of a divided by b minus a,$(f(b)-f(a))/(b-a)$,https://www.youtube.com/watch?v=4Q37iOyBq44,F of B minus F of A divided by B minus A.,And f of b minus f of a divided by b minus a.,$\frac{nf(b)-f(a)}{b-a}$
f of b minus f of a over b minus a is equal to f prime of c,$ \frac{f(b)-f(a)}{b-a}=f^{\prime}(c) $,https://www.youtube.com/watch?v=4Q37iOyBq44,F of b minus F of a over b minus a is equal to F prime of c.,f of b minus f of a over b minus a is equal to f prime of c.,$f(b)-f\left(\frac{a}{b-a}\right)=f^{\prime}(c)$
f of b is equal to f of a plus f prime of c times b minus a,$f(b)=f(a)+f^{\prime}(c)(b - a)$,https://www.youtube.com/watch?v=4Q37iOyBq44,f of b is equal to f of a plus f prime of c times b minus a.,f of b is equal to f of a plus f prime of c times b minus a.,$F(b):=F(a)+F^{\prime}(c(b-a))$
e to the x minus 1 plus x,$e^{x}-1+x$,https://www.youtube.com/watch?v=4Q37iOyBq44,e to the x minus 1 plus x.,e to the x minus 1 plus x.,$e^{x}-1+x$
 e to the 0 minus 1 plus 0,$(e^{0}-1)+0$,https://www.youtube.com/watch?v=4Q37iOyBq44,e to the zero minus one plus zero.,e to the 0 minus 1 plus 0.,$(e^{0}-1)+0$
f prime of x is e to the x,$f^{\prime}(x)=e^{x}$,https://www.youtube.com/watch?v=4Q37iOyBq44,f prime of x is e to the x.,f' of x is e to the x.,$f^{\prime}(x)e^{x}$
e to the x is bigger than 1 plus x plus x squared over 2,$e^{x}>(1+x+\frac{x^{2}}{2})$,https://www.youtube.com/watch?v=4Q37iOyBq44,e to the x is bigger than 1 plus x plus x squared over 2.,e to the x is bigger than 1 plus x plus x squared over 2.,$e^{x}\simO(1+x+\frac{x^{2}}{2})$
x squared over 2,$\frac{x^{2}}{2}$,https://www.youtube.com/watch?v=4Q37iOyBq44,X squared over 2.,x squared over 2.,$\frac{x^{2}}{2}$
x cubed over 3 times 2,$\frac{x^{3}}{3\times 2}$,https://www.youtube.com/watch?v=4Q37iOyBq44,It's cubed over three times two.,It's cubed over 3 times 2.,$\frac{s^{3}}{3}\times2$
x to the fourth over four times three times two,$x^{4}\over{4\times3\times2}$,https://www.youtube.com/watch?v=4Q37iOyBq44,x to the fourth over four times three times two.,x to the fourth over 4 times 3 times 2.,$X^{4\over4}\times3\times2$
x to the 1 3rd,$x^{\frac{1}{3}}$,https://www.youtube.com/watch?v=-MI0b4h3rS0,Next to the one third.,x to the 1 third.,$X^{\frac{1}{3}}$
one-third x to the minus two thirds,$\frac{1}{3}x^{-\frac{2}{3}}$,https://www.youtube.com/watch?v=-MI0b4h3rS0,1 third x to the minus 2 thirds.,1 third x to the minus 2 thirds.,$\frac{1}{3}x^{-\frac{2}{3}}$
y is equal to 64 to the 1 3rd,$y\mathrel{\mathop{=}}64^{1/3}$,https://www.youtube.com/watch?v=-MI0b4h3rS0,y is equal to 64 to the 1-third.,y is equal to 64 to the 1 third.,$y\mathrel{\mathop{:}}=64^{1/3}$
dy is 1 3rd times 64 to the minus 2 3rds dx,$dy=\frac{1}{3}64^{-\frac{2}{3}}dx$,https://www.youtube.com/watch?v=-MI0b4h3rS0,d y is 1 third times 64 to the minus 2 thirds dx.,dy is 1 third times 64 to the minus 2 thirds dx.,$dy\sim\frac{1}{3}64^{-\frac{2}{3}}dx$
dy is equal to 1 48th dx,$dy=\frac{1}{48}dx$,https://www.youtube.com/watch?v=-MI0b4h3rS0,d y is equal to 148 dx.,dy is equal to 1 48th dx.,$dy:=\frac{1}{48}dx$
f prime of a times x minus a,$f^{\prime}(a)(x-a)$,https://www.youtube.com/watch?v=-MI0b4h3rS0,of prime of A times x minus A.,f' of a times x minus a.,$f^{\prime}(Ax-a)$
f of x is x to the 1 3rd,$f(x)=x^{1/3}$,https://www.youtube.com/watch?v=-MI0b4h3rS0,f of x is x to the 1 third.,f of x is x to the 1 third.,$f(x)\asympx^{1/3}$
4 plus 1 over 48 times x minus a,$(4+\frac{1}{48}(x-a))$,https://www.youtube.com/watch?v=-MI0b4h3rS0,"4 plus 1 over 48 times x minus a, which","4 plus 1 over 48 times x minus a, which is 4.",$4+\frac{1}{48}x-a=4$
one over a plus one,$\frac{1}{a+1}$,https://www.youtube.com/watch?v=-MI0b4h3rS0,1 over a plus 1.,1 over a plus 1.,$\frac{1}{a+1}$
1 over negative x times the derivative with respect to x of negative x,$\displaystyle \frac{1}{-x}\frac{d}{dx}(-x)$,https://www.youtube.com/watch?v=-MI0b4h3rS0,1 over negative x times the derivative with respect to x of negative x.,1 over negative x times the derivative with respect to x of negative x.,$\displaystyle\frac{1}{-x}\frac{d}{dx}(-x)$
integral of secant squared x dx,$\int \sec^{2}xdx$,https://www.youtube.com/watch?v=-MI0b4h3rS0,integral of secant squared x dx.,The integral of secant squared x dx.,$\int\sec^{2}xdx$
sine inverse x,$\sin^{-1}x$,https://www.youtube.com/watch?v=-MI0b4h3rS0,sin inverse x.,Sine inverse x.,$\psi^{-1}x$
the integral of dx over 1 plus x squared,$\int\frac{dx}{1+x^{2}}$,https://www.youtube.com/watch?v=-MI0b4h3rS0,the integral of d x of a 1 plus x squared.,The integral of dx over 1 plus x squared.,$\int\frac{dx}{1+x^{2}}$
f of x equals g of x plus a constant,$f(x)=g(x)+\text{constant}$,https://www.youtube.com/watch?v=-MI0b4h3rS0,f of x equals g of x plus a constant.,f of x equals g of x plus a constant.,$f(x)=g(x)+\text{const.}$
u is equal to x to the fourth plus two,$u=x^{4}+2$.,https://www.youtube.com/watch?v=-MI0b4h3rS0,u is equal to x to the fourth plus 2.,u is equal to x to the fourth plus 2.,$u:=x^{4}+2$
1 24 x to the 4th plus 2 to the power 6 plus c,$\frac{1}{24}x^{4}+2^{6}+c$,https://www.youtube.com/watch?v=-MI0b4h3rS0,124th x to the 4th plus 2 to the power 6 plus c.,It's 1 24th x to the 4th plus 2 to the power 6 plus c.,$\displaystyle\text{Id}_{\frac{1}{24}x^{4}+a^{6}+c}$
the integral of u to the minus a half du,$\int u^{-\frac{1}{2}}\mathrm{d}u$,https://www.youtube.com/watch?v=-MI0b4h3rS0,It leads to the integral of u to the minus a half d u.,It leads to the integral of u to the minus 1 half du.,$e\leadsto\intu^{-\frac{1}{2}}\mathrm{d}u$
half one plus x squared to the minus a half times two x,${\frac{1}{2}}(1+x^{2})^{-\frac{1}{2}}2x$,https://www.youtube.com/watch?v=-MI0b4h3rS0,"1.5, 1 plus x squared to the minus 1.5 times 2x.",1 1 plus x squared to the minus 1 half times 2 x.,$(1+x^{2})^{-\frac{1}{2}}2x$
square root of 1 plus x squared plus c,$\sqrt{1+x^{2}}+c$,https://www.youtube.com/watch?v=-MI0b4h3rS0,square root of 1 plus x square plus c.,Square root of 1 plus x squared plus c.,$\sqrt{1+x^{2}+c}$
6 e to the 6x,$6\mathrm{e}^{6x}$,https://www.youtube.com/watch?v=-MI0b4h3rS0,6 e to the 6x.,6e to the 6x.,$6\mathrm{e}^{6x}$
x e to the minus x squared,$xe^{-x^{2}}$,https://www.youtube.com/watch?v=-MI0b4h3rS0,x times e to the minus x squared.,x times e to the minus x squared.,$xe^{-x^{2}}$
sine x cosine x dx,$\sin x\cos xdx$,https://www.youtube.com/watch?v=-MI0b4h3rS0,sine x cosine x dx,Sine x cosine x dx.,$\sinx\cosxdx$
2 cosine x times minus sine x,$2\cos x\cdot(-\sin x)$,https://www.youtube.com/watch?v=-MI0b4h3rS0,2 cosine x times minus sine x.,2 cosine x times minus sine x.,$2\cosx\cdot-\sinx$
the integral of sine x cosine x dx is equal to negative a half cosine squared x plus c,$\int\sin x\cos xdx=-\frac{1}{2}\cos^{2}x+C$,https://www.youtube.com/watch?v=-MI0b4h3rS0,The integral of sine x cosine x dx is equal to negative a half cosine squared x plus c.,The integral of sin x cosine x dx is equal to negative 1 by 2 cosine squared x plus c.,$\int\sinx\cosxdx=-\frac{1}{2\cos^{2}x+C}$
 sine squared x ,$\sin^{2}x$,https://www.youtube.com/watch?v=-MI0b4h3rS0,sine squared x.,Sine squared x.,$\sin^{2}x$
a half sine squared plus cosine squared,$\frac{1}{2}\sin^{2}+\cos^{2}$,https://www.youtube.com/watch?v=-MI0b4h3rS0,The half sine squared plus cosine squared.,1 by 2 sine squared plus cosine squared.,$\displaystyle\frac{1}{2\sin^{2}+\cos^{2}}$
one over u,$\frac{1}{u}$,https://www.youtube.com/watch?v=-MI0b4h3rS0,One over you.,One over you.,$\frac{1}{u}$
log x plus c,$\log x+c$,https://www.youtube.com/watch?v=-MI0b4h3rS0,log x plus z.,log x plus c.,$\logx+c$
2b over n,$\frac{2b}{n}$,https://www.youtube.com/watch?v=hjZhPczMkL4,2B over N.,2b over n.,$\frac{2b}{n}$
b over n times 2b over n squared,$(b/n)\times(2b/n^{2})$,https://www.youtube.com/watch?v=hjZhPczMkL4,over n times 2b over n squared.,b over n times 2b over n squared.,$B/N\times2B/N^{2}$
 b over n times n b over n squared,$(b/n)\times(nb/n^{2})$,https://www.youtube.com/watch?v=hjZhPczMkL4,over n times n the over n squared. So that's.,b over n times n b over n squared.,$B/n\timesnB/n^{2}$
1 3rd n cubed,$\frac{1}{3}n^{3}$,https://www.youtube.com/watch?v=hjZhPczMkL4,One third and cubed.,1 third n cubed.,$\frac{1}{3}n^{3}$
n plus 1 squared times n plus 1,$(n+1)^{2}(n+1)$,https://www.youtube.com/watch?v=hjZhPczMkL4,n plus 1 squared times n plus 1.,n plus 1 squared times n plus 1.,$(n+1)^{2}(n+1)$
 n plus 1 cubed divided by n cubed,$(n+1)^{3}/n^{3}$,https://www.youtube.com/watch?v=hjZhPczMkL4,n plus 1 cubed divided by n cubed.,n plus 1 cubed divided by n cubed.,$(n+1)^{3}/n^{3}$
the integral from 0 to b x squared dx,$\int_{0}^{b}x^{2}dx$,https://www.youtube.com/watch?v=hjZhPczMkL4,The integral from 0 to b x squared dx.,"The integral from 0 to b, x squared dx.",$\int_{0}^{b}x^{2}dx$
1 3rd n cubed,$\frac{1}{3}n^{3}$,https://www.youtube.com/watch?v=hjZhPczMkL4,One third and cute.,One third and cubed.,$\frac{1}{3}n^{3}$
the sum of a i i equals 1 to n is a 1 plus a 2 plus dot dot dot plus a n,$\sum^{n}_{i=1}a_{i}=a_{1}+a_{2}+\cdots+a_{n}$,https://www.youtube.com/watch?v=hjZhPczMkL4,"The sum of Ai equals 1 to n is a1 plus a2 plus dot, dot, dot, plus a n.","The sum of a i, i equals 1 to n, is a 1 plus a 2 plus dot dot dot plus a n.",$\sum(a_{i})_{i=1}^{n}a_{1}+a_{2}+\cdots+a_{n}$
1 over n cubed times the sum i squared. i equals 1 to n,$\frac{1}{n^{3}}\sum_{i=1}^{n}{i}^{2}$,https://www.youtube.com/watch?v=hjZhPczMkL4,1 over n cubed times the sum i squared i equals 1 to n.,1 over n cubed times the sum i squared. i equals 1 to n.,$\{1/n^{3}A_{i}^{2}\}_{i=1}^{n}$
b over n times i b over n squared,$\frac{b}{n}\times(\frac{ib}{n})^{2}$,https://www.youtube.com/watch?v=hjZhPczMkL4,b over n times i b over n squared.,b over n times i b over n squared.,$\frac{B}{N}\times\frac{IB}{N^{2}}$
b cubed over n cubed,$\frac{b^{3}}{n^{3}}$,https://www.youtube.com/watch?v=hjZhPczMkL4,Be cubed over n cubed.,b cubed over n cubed.,$\frac{B^{3}}{N^{3}}$
f of x is equal to x,$f(\mathbf{x})=\mathbf{x}$,https://www.youtube.com/watch?v=hjZhPczMkL4,f of x is equal to x.,f of x is equal to x.,$f(\mathbf{x}):=\mathbf{x}$
f of x is x cubed,$\displaystyle f(x)=x^{3}$,https://www.youtube.com/watch?v=hjZhPczMkL4,"When f of x is x cubed,",When f of x is x cubed.,$\displaystyle\text{when}f(x)\text{is}x^{3}$
b minus a over n,$\frac{b-a}{n}$,https://www.youtube.com/watch?v=hjZhPczMkL4,B minus A over N.,b minus a over n.,$\frac{b-a}{N}$
e to the r times 1 minus t,$e^{r}(1 - t)$,https://www.youtube.com/watch?v=hjZhPczMkL4,e to the r times 1 minus t.,e to the r times 1 minus t.,$e^{r(1-t)}$
i over 365 f of t dt,$\displaystyle \frac{i}{365}f(t)dt$,https://www.youtube.com/watch?v=hjZhPczMkL4,"I over 365 F of T, T.",i over 365 f of t dt.,$\displaystyle\frac{i}{365}f(t)dt$
f of b minus f of a,$\displaystyle f(b)-f(a)$,https://www.youtube.com/watch?v=1RLctDS2hUQ,F of B minus F of A.,f of b minus f of a.,$F(b)-F(a)$
b cubed over 3 minus a cubed over 3,$\frac{b^{3}}{3}-\frac{a^{3}}{3}$,https://www.youtube.com/watch?v=1RLctDS2hUQ,Be cubed over 3 minus a cubed over 3.,b cubed over 3 minus a cubed over 3.,$\frac{b^{3}}{3}-\frac{a^{3}}{3}$
minus cosine pi,$-\cos\pi$,https://www.youtube.com/watch?v=1RLctDS2hUQ,minus cosine pi.,Minus cosine pi.,$-\cos\pi$
x of b minus x of a,$x(b)-x(a)$,https://www.youtube.com/watch?v=1RLctDS2hUQ,of V minus x of A.,x of b minus x of a.,$x(b)-x(a)$
integral from 0 to 2pi of sine x dx,$\int_{0}^{2\pi}\sin xdx$,https://www.youtube.com/watch?v=1RLctDS2hUQ,integral from 0 to 2 pi of sine x dx.,Integral from 0 to 2 pi of sine x dx.,$\int_{0}^{2\pi}\sinxdx$
minus cosine 2pi,$-\cos2\pi$,https://www.youtube.com/watch?v=1RLctDS2hUQ,minus cosine 2 pi.,Minus cosine 2 pi.,$-\cos2\pi$
minus the integral from b to a of f of x dx,$\displaystyle -\int_{b}^{a}f(x)dx$,https://www.youtube.com/watch?v=1RLctDS2hUQ,minus the integral from b to a of f of x d x.,minus the integral from b to a of f of x dx.,$\displaystyle-\int_{b}^{a}f(x)dx$
e to the b minus e to the zero,$e^{b}-e^{0}$,https://www.youtube.com/watch?v=1RLctDS2hUQ,e to the b minus e to the zero.,e to the b minus e to the 0.,$E^{b}-E^{0}$
the integral from 0 to b e to the x dx is greater than or equal to the integral from 0 to b 1 plus x dx,$\int_{0}^{b}e^xdx\geq\int_{0}^{b}(1 + x)dx$,https://www.youtube.com/watch?v=1RLctDS2hUQ,The integral from 0 to b e to the x dx is greater than or equal to the integral from 0 to b 1 plus x dx.,The integral from 0 to b e to the x dx is greater than or equal to the integral from 0 to b 1 plus x dx.,$\int_{0}^{b}e^{x}dx\geq\int_{0}^{b}(1+x)dx$
e to the b minus 1 is greater than or equal to b plus b squared over 2,$e^{b}-1\geq b+\frac{b^{2}}{2}$,https://www.youtube.com/watch?v=1RLctDS2hUQ,e to the b minus 1 is greater than or equal to b plus b squared over 2.,e to the b minus 1 is greater than or equal to b plus b,$b^{B}-1\geqb+B$
b greater than or equal to 0,$b\geq 0$,https://www.youtube.com/watch?v=1RLctDS2hUQ,be greater than or equal to 0.,be greater than or equal to 0.,$B\geqslant0$
u equals x cubed plus 2,$u=x^{3}+2$,https://www.youtube.com/watch?v=1RLctDS2hUQ,u equals x cubed plus 2.,u equals x cubed plus 2.,$u=x^{3}+2$
du is equal to 2x dx,$du\mathrel{\mathop{=}}2xdx$,https://www.youtube.com/watch?v=1RLctDS2hUQ,du is equal to 2x dx.,du is equal to 2x dx.,$dU\mathrel{\mathop{:}}=2xdx$
dx is equal to f of b minus f of a,$dx=f(b)-f(a)$,https://www.youtube.com/watch?v=Pd2xP5zDsRw,dx is equal to f of b minus f of a.,dx is equal to f of b minus f of a.,$Dx:=f(b)-f(a)$
one over b minus a ,$\frac{1}{b-a}$,https://www.youtube.com/watch?v=Pd2xP5zDsRw,1 over b minus a.,1 over b minus a.,$\frac{1}{b-a}$
f of 4 minus f of 0 is equal to f prime of c times 4 minus 0,$f(4)-f(0)=f^{\prime}(c)(4 - 0)$,https://www.youtube.com/watch?v=Pd2xP5zDsRw,f of 4 minus f of 0 is equal to f prime of c times 4 minus 0.,f of 4 minus f of 0 is equal to f' c times 4 minus 0.,$f(4)-f(0):=f^{\prime}c(4)-0$
1 over 1 plus c times 4,$\frac{1}{1 + c}(4)$,https://www.youtube.com/watch?v=Pd2xP5zDsRw,1 over 1 plus c times 4.,1 over 1 plus c times 4.,$\frac{1}{1+c(4)}$
 y equals one over one plus x,$y=\frac{1}{1+x}$,https://www.youtube.com/watch?v=Pd2xP5zDsRw,y equals 1 over 1 plus x.,y equals 1 over 1 plus x.,$y=\frac{1}{1+x}$
dt over t squared,$\frac{dt}{t^{2}}$,https://www.youtube.com/watch?v=Pd2xP5zDsRw,dT over T squared.,dt over t squared.,$\frac{dt}{t^{2}}$
the integral from 0 to x of f of t dt,$\left(\int_{0}^{x}f(t)dt\right)$,https://www.youtube.com/watch?v=Pd2xP5zDsRw,The integral from 0 to x of f of t dt.,The integral from 0 to x of f of t dt.,$\int_{0}^{x}f(t)dt$
1 over t squared,$\frac{1}{t^2}$,https://www.youtube.com/watch?v=Pd2xP5zDsRw,1 over t squared.,1 over t squared.,$\frac{1}{T^{2}}$
g of x is 1 minus 1 over x,$g(x)=1-\frac{1}{x}$,https://www.youtube.com/watch?v=Pd2xP5zDsRw,GFX is 1-1 over X.,G of x is 1 minus 1 over x.,$g(x)\sim1-\frac{1}{x}$
f prime of x is equal to g prime of x,$f^{\prime}(x)\mathrel{\mathop{}}=g^{\prime}(x)$,https://www.youtube.com/watch?v=Pd2xP5zDsRw,of x is equal to g prime of x.,f prime of x is equal to g prime of x.,$f^{\prime}(x)\mathrel{\mathop{:}}=g^{\prime}(x)$
f of b minus f of a and that's equal to g of b plus c minus g of a plus c,$f(b)-f(a)\stackrel{{\scriptstyle\text{def}}}{{=}}g(b+c)-g(a+c)$,https://www.youtube.com/watch?v=Pd2xP5zDsRw,f of b minus f of a. And that's equal to g of b plus c minus g of a plus c.,F of b minus f of a. And that's equal to g of b plus c minus g of a plus c.,$F(b)-F(a)\stackrel{{\scriptstyle\text{def}}}{{=}}G(b+c)-G(a+c)$
f of x is equal to minus 1 over x,$\mathcal{f}(x)=-\frac{1}{x}$,https://www.youtube.com/watch?v=Pd2xP5zDsRw,f of x is equal to minus 1 over x.,F of x is equal to minus 1 over x.,$f(x):=-\frac{1}{x}$
L of x equals the integral from 1 to x dt over t,$L(x)=\int_{1}^{x}\frac{dt}{t}$,https://www.youtube.com/watch?v=Pd2xP5zDsRw,L of x equals the integral from 1 to x dT over T.,L of x equals the integral from 1 to x dt over t.,$L(x)=\int_{1}^{x}\frac{dt}{t}$
 integral from 0 to x of e to the minus t squared dt,$\int_{0}^{x}e^{-t^{2}}dt$,https://www.youtube.com/watch?v=Pd2xP5zDsRw,integral from 0 to x of e to the minus t squared dt.,Integral from 0 to x of e to the minus t squared dt.,$\int_{0}^{x}(e^{-t})^{2}dt$
the integral from x to 1 with a minus sign dt over 2,$\displaystyle \int_{x}^{1}{-}\frac{dt}{2}$,https://www.youtube.com/watch?v=_JXPe2J069c,"The integral from x to 1 with a minus sign, d t over 2.",The integral from x to 1 with a minus sign. dt over 2.,$\displaystyle\int_{x}^{1}a_{-}\frac{dt}{2}$
minus 2x e to the minus x squared,$-2xe^{-x^{2}}$,https://www.youtube.com/watch?v=_JXPe2J069c,minus 2x e to the minus x squared.,Minus 2x e to the minus x squared.,$-2xe^{-x^{2}}$
f prime of 0 is e to the minus 0 squared which is 1,$\displaystyle f^{\prime}(0)=e^{-0^{2}}=1$,https://www.youtube.com/watch?v=_JXPe2J069c,"f prime of 0 is e to the minus 0 squared, which is 1.","f' of 0 is e to the minus 0 squared, which is 1.",$\displaystylef^{\prime}(0)\text{is}e^{-0^{2}}\text{is}1$
f of minus x is equal to minus f of x,$f(-x)=-f(x)$,https://www.youtube.com/watch?v=_JXPe2J069c,f of minus x is equal to minus f of x.,f of minus x is equal to minus f of x.,"$F(-,x):=-F(x)$"
square root of pi over 2,$\sqrt{\pi}/{2}$,https://www.youtube.com/watch?v=_JXPe2J069c,square root of pi over 2.,The square root of pi over 2.,$\sqrt{\frac{\pi}{2}}$
2 over the square root of pi times the integral from 0 to x e to the minus t squared dt,$\displaystyle \frac{2}{\sqrt{\pi}}\int_{0}^{x}e^{-t^{2}}dt$,https://www.youtube.com/watch?v=_JXPe2J069c,2 over the square root of pi times the integral from 0 to x e to the minus t squared dt.,2 over the square root of pi times the integral from 0 to x e to the minus t squared dt.,$\displaystyle\frac{2}{\sqrt{\pi}}\int_{0}^{x}e^{-t^{2}}dt$
2 over the square root of pi,$\frac{2}{\sqrt{\pi}}$,https://www.youtube.com/watch?v=_JXPe2J069c,by 2 over the square root of pi.,by 2 over the square root of pi.,$\frac{2}{\sqrt{\pi}}$
f of x minus g of x times dx,$(f(x)-g(x))dx$,https://www.youtube.com/watch?v=_JXPe2J069c,f of x minus g of x times dx.,f of x minus g of x times dx.,$f(x)-g(x)dx$
x equals y squared,$\displaystyle x=y^{2}$,https://www.youtube.com/watch?v=_JXPe2J069c,x equals y squared.,x equals y squared.,$\displaystylex=y^{2}$
y equals x minus 2,$\displaystyle y=x-2$,https://www.youtube.com/watch?v=_JXPe2J069c,y equals x minus 2.,y equals x minus 2.,$\displaystyley=x-2$
y squared minus y minus 2 is equal to 0,$y^{2}-y-2~{}=~{}0$,https://www.youtube.com/watch?v=_JXPe2J069c,y squared minus y minus 2 is equal to 0.,y squared minus y minus 2 is equal to 0.,$y^{2}-y-2~{}=~{}0$
y minus two times y plus one is equal to zero,$(y-2)(y+1)=0$,https://www.youtube.com/watch?v=_JXPe2J069c,y minus 2 times y plus 1 is equal to 0.,y minus 2 times y plus 1 is equal to 0.,$y-2(y+1)=0$
y equals x minus 2,$\displaystyle y=x-2$,https://www.youtube.com/watch?v=_JXPe2J069c,y equals x minus 2.,y equals x minus 2.,$\displaystyley=x-2$
x equals y squared,$\displaystyle x=y^{2}$,https://www.youtube.com/watch?v=_JXPe2J069c,x equals y squared.,x equals y squared.,$\displaystylex=y^{2}$
y plus 2 minus y squared is equal to 0,$y+2-y^{2}~{}=~{}0$,https://www.youtube.com/watch?v=_JXPe2J069c,y plus 2 minus y squared is equal to 0.,y plus 2 minus y squared is equal to 0.,$y+2-y^{2}~{}=~{}0$
y squared over 2 plus 2y,$\frac{y^{2}}{2}+2y$,https://www.youtube.com/watch?v=_JXPe2J069c,y squared over 2 plus 2y.,y squared over 2 plus 2y.,$\frac{y^{2}}{2}+2y$
pi y squared,$\pi y^{2}$,https://www.youtube.com/watch?v=ShGBRUx2ub8,Pi Y squared.,pi y squared.,"$(\pi,y^{2})$"
a squared minus x squared minus two ax ,$a^{2}-x^{2}-2ax$,https://www.youtube.com/watch?v=ShGBRUx2ub8,A squared minus x squared minus 2ax.,a squared minus x squared minus 2ax.,$a^{2}-x^{2}-2ax$
2ax minus x squared,$2ax-x^{2}$,https://www.youtube.com/watch?v=ShGBRUx2ub8,2 Ax minus x squared.,2ax minus x squared.,$2ax-x^{2}$
pi times ax squared,$\pi ax^{2}$,https://www.youtube.com/watch?v=ShGBRUx2ub8,pi times a x squared.,Pi times ax squared.,"$\pi(a,x^{2})$"
12 3rds minus 8 3rds pi a cubed,$(\frac{12}{3}-\frac{8}{3})\pi a^{3}$,https://www.youtube.com/watch?v=ShGBRUx2ub8,12 thirds minus 8 thirds by a cubed.,12 thirds minus 8 thirds pi a cubed.,$\frac{12}{3}-\frac{8}{3}\pia^{3}$
pi A x squared minus x cubed over 3,$\pi(ax^{2}-\frac{x^{3}}{3})$,https://www.youtube.com/watch?v=ShGBRUx2ub8,pi x squared minus x cubed over 3.,pi x squared minus x cubed over 3.,$\pix^{2}-\frac{x^{3}}{3}$
2 pi a x minus x cubed,$2\pi(ax-x^{3})$,https://www.youtube.com/watch?v=ShGBRUx2ub8,2 pi Ax minus x cubed.,2 pi ax minus x cubed.,$2\piax-x^{3}$
x equals square root a,$x=\sqrt{a}$,https://www.youtube.com/watch?v=ShGBRUx2ub8,"Mexico Square, Ruta.",x equals square root a.,$x=\sqrt{a}$
pi over 2a squared ,$\frac{\pi}{2a}^{2}$,https://www.youtube.com/watch?v=ShGBRUx2ub8,Pi over 2A squared.,Pi over 2a squared.,$\frac{\pi}{2}a^{2}$
a hundred minus thirty y,$100-30{y}$,https://www.youtube.com/watch?v=ShGBRUx2ub8,100 minus 30 Y.,100 minus 30y.,"$100-30\text{\,}\mathrm{yr}$"
delta x divided by b minus a is 1 over n,$\frac{\Delta x}{b-a}=\frac{1}{n}$,https://www.youtube.com/watch?v=R9a_NHXrBcg,Delta X divided by B-minus A is 1 over N.,"Delta x divided by B, when I say is 1 over n.",$\Deltax/b~{}(i.s.~{}1/N)$
1 over b minus a the integral from a to b f of x dx,$\displaystyle \frac{1}{b-a}\int_{a}^{b}f(x)dx$,https://www.youtube.com/watch?v=R9a_NHXrBcg,"Whatever be my say the interval from A to B, F of X, DX.","1 over b minus a, the integral from a to b f of x dx.",$\displaystyle\frac{1}{b-a}\int_{a}^{b}f(x)dx$
the integral from negative 1 to 1 square root of 1 minus x squared dx,$\int_{-1}^{1}\sqrt{1-x^{2}}dx$,https://www.youtube.com/watch?v=R9a_NHXrBcg,"The integral from negative 1 to 1, square root of 1 minus x squared ds.","The integral from negative 1 to 1, square root of 1 minus x squared dx.",$\int_{-1}^{1}\sqrt{1-x^{2}}dx$
pi over 4,$\frac{\pi}{4}$,https://www.youtube.com/watch?v=R9a_NHXrBcg,High over four.,High over four.,$\frac{\pi}{4}$
negative one over pi times cosine pi,$-\frac{1}{\pi}\cos\pi$,https://www.youtube.com/watch?v=R9a_NHXrBcg,negative 1 over pi times cosine pi.,Negative 1 over pi times cosine pi.,$-\frac{1}{\pi}\cos\pi$
y equals x squared,$\displaystyle y=x^{2}$,https://www.youtube.com/watch?v=R9a_NHXrBcg,Y equals that squared.,y equals x squared.,$y=x^{2}.$
pi x squared,$\pi x^{2}$,https://www.youtube.com/watch?v=R9a_NHXrBcg,pi x squared.,pi x squared.,$\pix^{2}$
a hundred pi y minus 30 pi y squared,$100\pi y-30\pi y^{2}$,https://www.youtube.com/watch?v=R9a_NHXrBcg,100 pi y minus 30 pi y squared.,100 pi y minus 30 pi y squared.,$100\piy-30\piy^{2}$
y less than x less than 1 minus x squared,$y<x<1-x^{2}$,https://www.youtube.com/watch?v=R9a_NHXrBcg,to y less than x less than 1 minus x squared.,y less than x less than 1- x squared.,$y<x<1-x^{2}$
y is equal to 1 minus x squared,$y=1-x^{2}$,https://www.youtube.com/watch?v=R9a_NHXrBcg,y is equal to 1 minus x squared.,y is equal to 1 minus x squared.,$y:=1-x^{2}$
two pi r,$\displaystyle 2\pi r$,https://www.youtube.com/watch?v=jBkXbAgMj6s,2 pi r.,2 pi r.,$\displaystyle2\pir$
minus pi e to the minus r squared,$-\pi e^{-r^{2}}$,https://www.youtube.com/watch?v=jBkXbAgMj6s,minus pi e to the minus r squared.,Minus pi e to the minus r squared.,$-\pi\eta-r^{2}$
two pi r e to the minus r squared,$2\pi re^{-r^{2}}$,https://www.youtube.com/watch?v=jBkXbAgMj6s,2 pi r e to the minus r squared.,2 pi r e to the minus r squared.,$2\pire^{-r^{2}}$
c pi times e to the minus r one squared minus e to the minus r two squared,$\displaystyle c\pi(e^{-r_{1}^{2}}-e^{-r_{2}^{2}})$,https://www.youtube.com/watch?v=jBkXbAgMj6s,c pi times e to the minus r1 squared minus e to the minus r2 squared.,c pi times e to the minus r1 squared minus e to the minus r2 squared.,$\displaystylec\pi(e^{-r_{1}^{2}}-e^{-r_{2}^{2}})$
1 minus e to the minus a squared,$1-e^{-a^{2}}$,https://www.youtube.com/watch?v=jBkXbAgMj6s,1 minus e to the minus a squared.,1 minus e to the minus a squared.,$(1-e^{-a})^{2}$
a half to the fourth power minus a half to the ninth power,$(1/2)^{4}-(1/2)^{9}$,https://www.youtube.com/watch?v=jBkXbAgMj6s,to the fourth power minus a half to the ninth power.,1 0 to the 1 2 power minus 1 0 to the 1 2 power.,"$[1,0^{1}2]-[1,0^{1}2]$"
y n minus 2 plus y n minus 1 over 2,$\displaystyle \frac{y_{n-2}+y_{n-1}}{2}$,https://www.youtube.com/watch?v=jBkXbAgMj6s,y n minus 2 plus y n minus 1 over 2.,y n minus 2 plus y n minus 1 over 2.,$\displaystyleyn-2+\frac{yn-1}{2}$
y zero plus four y one plus y two divided by six,$(y_{0}+4y_{1}+y_{2})/6$,https://www.youtube.com/watch?v=jBkXbAgMj6s,y0 plus 4y1 plus y2 divided by 6.,"y0 plus 4y1 plus y2, divided by 6.",$(Y_{0}+4Y_{1}+Y_{2})/6$
y2 plus 4y3 plus y4 divided by 6,$(y_2 + 4y_3 + y_4)\over 6$,https://www.youtube.com/watch?v=jBkXbAgMj6s,y2 plus 4 y3 plus y4 divided by 6.,y2 plus 4y3 plus y4 divided by 6.,$(y2+4y3+y4)/6$
2y n minus 2 4 yn 1 yn,$2y_{n - 2}+4y_{n - 1}+y_n$,https://www.youtube.com/watch?v=jBkXbAgMj6s,"2, y n minus 2 plus 4, y n minus 1 plus y n.","2yn-2, plus 4yn-1, plus yn.",$2yn-2+4yn-1+yn$
cosine of two theta is cosine square root of theta minus the sine squre root of theta,$\cos(2\theta)=\cos^{2}(\theta)-\sin^{2}(\theta)$,https://www.youtube.com/watch?v=Bv9kVDcj7yo,cosine of 2 theta is cosine squared of theta minus the sine squared of theta.,Cosine of 2 theta is cosine square root of theta minus the sine square root of theta.,$\cos(2\theta)\cos\sqrt{\theta}-\sin\sqrt{\theta}$
cosine squared theta minus the sin squared of theta,$\cos^{2}\theta-\sin^{2}\theta$,https://www.youtube.com/watch?v=Bv9kVDcj7yo,cosine squared theta minus the sine squared of theta.,Cosine squared theta minus the sine squared of theta.,$\cos^{2}\theta-\sin^{2}\theta$
cosine squared of theta minus the quantity 1 minus cosine squared of theta,$\cos^{2}(\theta)-(1-\cos^{2}(\theta)) $,https://www.youtube.com/watch?v=Bv9kVDcj7yo,The cosine squared of theta minus the quantity one minus cosine squared of theta.,The cosine square root of theta minus the quantity 1 minus cosine square root of theta.,$\cos\sqrt{\theta}-(1-\cos\sqrt{\theta})$
sine squared of theta is 1 minus cosine of 2 theta divided by 2,$\sin^{2}(\theta)=(1-\cos(2\theta))\over 2$,https://www.youtube.com/watch?v=Bv9kVDcj7yo,The sine squared of theta is 1 minus cosine of 2 theta divided by 2.,"The sine squared of theta is 1 minus cosine of 2 theta, divided by 2.",$\sin^{2}(\theta)=(1-\cos(2\theta))/2$
integrals of the form sine to the nth power of x cosine to the nth power of x dx,$\displaystyle \int \sin^{n}(x) \cos^{m}(x)dx $,https://www.youtube.com/watch?v=Bv9kVDcj7yo,Integrals of the form sign to the nth power of x cosine to the nth power of x.,"Integrals of the form sine to the nth power of x, cosine to the nth power of x. dx.",$\int\text{form}\sin^{[n]}(x)\cos^{[n]}(x)dx$
sine to the nth power of x times the cosine of x ,$\sin ^{n}(x)\cos (x)$,https://www.youtube.com/watch?v=Bv9kVDcj7yo,sine to the nth power of x times the cosine of x.,Sine to the nth power of x times the cosine of x.,$\sin^{n}(x)\cos(x)$
u to the n plus one,$\mathcal{u}^{n+1}$,https://www.youtube.com/watch?v=Bv9kVDcj7yo,U to the n plus 1.,u to the n plus 1.,$\mathcal{U}^{n+1}$
minus u cubed over three,$-u^{3}\over 3$,https://www.youtube.com/watch?v=Bv9kVDcj7yo,minus u cubed over 3.,minus u cubed over 3.,$-u^{3}/3$
minus cosine cubed of x over three,$-\cos^{3}(x)\over 3 $,https://www.youtube.com/watch?v=Bv9kVDcj7yo,minus cosine cubed of x over 3.,minus cosine cubed of x over 3.,$-\cos^{3}(x/3)$
u minus u cubed over 3,$u-\frac{u^{3}}{3}$,https://www.youtube.com/watch?v=Bv9kVDcj7yo,u minus u cubed over 3.,u minus u cubed over 3.,$u-\frac{u^{3}}{3}$
cosine of x plus cosine cubed of x over three,$\cos(x)+ {\cos^{3}(x)\over 3}$,https://www.youtube.com/watch?v=Bv9kVDcj7yo,And get cosine of x plus cosine cubed of x over 3.,And get cosine of x plus cosine cubed of x over 3.,$n\leftarrow\cos(x)+\cos^{3}(x/3)$
one plus the coisine of two theta over two,$\frac{1+\cos(2\theta)}{2}$,https://www.youtube.com/watch?v=Bv9kVDcj7yo,1 plus the cosine of 2 theta over 2.,1 plus the cosine of 2 theta over 2.,$1+\frac{\cos(2\theta)}{2}$
sine squared times cosine squared,$\sin^{2}\cos^{2}$,https://www.youtube.com/watch?v=Bv9kVDcj7yo,sine squared times cosine squared.,sine squared times cosine squared.,$\sin^{2}\cos^{2}$
a minus b times a plus b is a squared minus b squared,$(a-b)(a+b)= a^{2}-b^{2}$,https://www.youtube.com/watch?v=Bv9kVDcj7yo,A minus b times a plus b is a squared minus b squared.,a minus b times a plus b is a squared minus b squared.,$a-b(a+b)\equiva^{2}-b^{2}$
a quarter minus one eighth,$\frac{1}{4}-\frac{1}{8}$,https://www.youtube.com/watch?v=Bv9kVDcj7yo,Quarter minus an eighth.,Quarter minus an eighth.,$\mathrm{coord}\text{-}\mathrm{an8}$
one half sine of two x squared,$\frac{1}{2}\sin^{2}(2x)$,https://www.youtube.com/watch?v=Bv9kVDcj7yo,1 half sine of 2x squared.,1 over 2x squared.,$\frac{1}{2x^{2}}$
1 quarter of 1 minus the cosine of 4x divided by 2, $\frac{1}{4}(\frac{1 - \cos(4x)}{2})$,https://www.youtube.com/watch?v=Bv9kVDcj7yo,1 1 1 minus the cosine of 4x divided by 2.,1 1⁄4 of 1 minus the cosine of 4x divided by 2.,$\frac{1}{2}(1-\frac{\cos(4x)}{2})$
y equals a sin theta,$y=a\sin \theta$,https://www.youtube.com/watch?v=Bv9kVDcj7yo,y equals a sine theta.,y equals a sine theta.,$y=a\sin\theta$
sine of 2 theta is twice the sine of theta times the cosine of theta, $\sin(2\theta)=2\sin(\theta)\cos(\theta)$,https://www.youtube.com/watch?v=Bv9kVDcj7yo,The sine of two theta is twice the sine of theta times the cosine of theta.,The sine of 2 theta is twice the sine of theta times the cosine of theta.,$\sin(2\theta)\sin(\theta)\cos(\theta)$
sine of theta cosine of theta over 2,$\frac{\sin(\theta)\cos(\theta)}{2}$,https://www.youtube.com/watch?v=Bv9kVDcj7yo,cosine of theta over 2.,sin of theta cosine of theta over 2.,$\sin(\theta)\cos(\theta/2)$
square root of a squared minus y squared,$\sqrt{a^{2}-y^{2}}$,https://www.youtube.com/watch?v=Bv9kVDcj7yo,The square root of a squared minus y squared.,The square root of a squared minus y squared.,$\sqrt{a^{2}-y^{2}}$
a squared theta over 2 ,$a^{2}\theta \over2$,https://www.youtube.com/watch?v=Bv9kVDcj7yo,"A squared, laid over two.",a squared theta over 2.,$a^{2}\theta/2$
the arcsine of y over a divided by two,$\frac{\arcsin(\frac{y}{a})}{2}$.,https://www.youtube.com/watch?v=Bv9kVDcj7yo,The arc sign of Y-A divided by 2.,The arc sine of y over a divided by 2.,$\frac{\sin^{-1}(y/a)}{2}$
a squared sine of theta cosine of theta,$a^{2}\sin(\theta)\cos(\theta)$,https://www.youtube.com/watch?v=Bv9kVDcj7yo,A squared sine of theta cosine of theta.,a squared sine of theta cosine of theta.,$A^{2}\sin(\theta)\cos(\theta)$
a sine of theta a cosine of theta over two,$a\sin(\theta)a\cos(\theta)\over 2$,https://www.youtube.com/watch?v=Bv9kVDcj7yo,A sine of theta A cosine of theta over 2.,A sine of theta A cosine of theta over 2.,$a\sin(\theta)a\cos(\theta/2)$
a squared theta zero divided by two plus b times the square root of a squared minus b squared over two,${a^{2}\theta_{0}\over 2}+{b\sqrt{a^{2} - b^{2}}\over 2}$,https://www.youtube.com/watch?v=Bv9kVDcj7yo,A squared theta 0 divided by 2 plus B times the square root of A squared minus B squared over 2.,a squared theta 0 divided by 2 plus b times the square root of a squared minus b squared over 2.,$a^{2}\theta_{0}/2+b\sqrt{a^{2}-b^{2}/2}$
a squared theta over 2,$a^{2}\theta/2$,https://www.youtube.com/watch?v=Bv9kVDcj7yo,A squared theta over 2.,a squared theta over 2.,$a^{2}\theta/2$
1 plus sine squared over cosine squared,$1 + \sin^{2}\over \cos^2$,https://www.youtube.com/watch?v=CXKoCMVqM9s,1 plus sine squared over cosine squared.,1 plus sine squared over cosine squared,$1+\sin^{2}/\cos^{2}$
the tangent of x is sine x divided by cosine x,$\tan(x)=\sin(x)/\cos(x)$,https://www.youtube.com/watch?v=CXKoCMVqM9s,The tangent of x is sine x divided by cosine x.,The tangent of x is sine x divided by cosine x.,$\tan(x)\sin(x)/\cos(x)$
cosine squared plus sine squared is one,$\cos^{2}+\sin^{2}=1$,https://www.youtube.com/watch?v=CXKoCMVqM9s,Cosine squared plus sine squared is one.,Cosine squared plus sine squared is one.,$\cos^{2}+\sin^{2}s1$
one over cosine squared of x which is secant squared, $1/\cos^{2}(x) = \sec^{2}(x)$,https://www.youtube.com/watch?v=CXKoCMVqM9s,"1 over cosine squared of x, which is c-can squared.","1 over cosine squared of x, which is secant squared.",$1/\cos^{2}(x)\sec^{2}$
one over the cosine times the tangent of x,${1\over\cos(x)}\tan(x)$,https://www.youtube.com/watch?v=CXKoCMVqM9s,one over the cosine times the tangent of x.,1 over the cosine times the tangent of x.,$1/\cos(\tan(x))$
u equals the cosine of x,$u=\cos {x}$,https://www.youtube.com/watch?v=CXKoCMVqM9s,u equals the cosine of x.,u equals the cosine of x.,$u=\check{x}$
du is minus the sine of x dx,$\mathrm{d}u = -\mathrm{\sin(x)}\mathrm{d}x$,https://www.youtube.com/watch?v=CXKoCMVqM9s,du is minus the sine of x dx.,du is minus the sine of x dx.,$\mathrm{d}U-\operatorname{sgn}(x)\mathrm{d}x$
sine x dx is minus du divided by u,$\sin xdx=-\frac{du}{u}$,https://www.youtube.com/watch?v=CXKoCMVqM9s,sin x dx is minus du divided by u.,Sine x dx is minus du divided by u.,$\sinxdx-du/u$
the secant of x plus the tangent of x ,$\operatorname{\sec}(x)+\tan(x)$,https://www.youtube.com/watch?v=CXKoCMVqM9s,The c-cant of x plus the tangent of x.,The secant of x plus the tangent of x.,$\text{sech}(x)+\text{tanh}(x)$
secant squared is one plus tangent squared,$\displaystyle \sec^2 = 1 + \tan^{2}$,https://www.youtube.com/watch?v=CXKoCMVqM9s,C can't squared is 1 plus tangent squared.,secant squared is one plus tangent squared.,$\sec^{2}\sim1+\tan^{2}$
the secant squared the x plus x times dx that is du,$\displaystyle\ (\sec^2(x) +\ x )\ dx = \ du\ \$,https://www.youtube.com/watch?v=CXKoCMVqM9s,"This secant squared x plus x times dx, that is du.","The secant square root of x plus x times dx, that is du.",$\displaystyle\;\;\;\;\;\;\;\;\;\;\;\;\;\;\;\;\;\;\;\;\;\;\;\;\;\;\;\;\;\;\;\;\;\;\;\;\;%\;\;\;\;\;\;\;\;\;\;\;\;\;\;\;\;\;\;\;\;\;\;\;\;\;$
u plus u cubed over 3 plus a constant,$\displaystyle u+\frac{u^{3}}{3} + \text{const.}$,https://www.youtube.com/watch?v=CXKoCMVqM9s,u plus u cubed over 3 plus a constant.,u plus u cubed over 3 plus a constant.,$\displaystyleU+\frac{U^{3}}{3}+\text{const.}$
the integral of dx over x squared times the square root of 1 plus x squared,$\int\frac{dx}{x^{2}\sqrt{1+x^{2}}}$,https://www.youtube.com/watch?v=CXKoCMVqM9s,integral of dx over x squared times the square root of 1 plus x squared.,The integral of dx over x squared times the square root of 1 plus x squared.,$\int\frac{dx}{x^{2}\sqrt{1+x^{2}}}$
minus one over u plus a constant,$-\frac{1}{u}+\text{const.}$,https://www.youtube.com/watch?v=CXKoCMVqM9s,minus 1 over u plus a constant.,minus 1 over u plus a constant.,$-\frac{1}{u}+\text{const.}$
1 over the square root of x squared minus 1,$1\over \sqrt{x^{2} - 1}$,https://www.youtube.com/watch?v=CXKoCMVqM9s,1 over the square root of x squared minus 1.,1 over the square root of x squared minus 1.,$1/\sqrt{x^{2}-1}$
square root of a squared minus x squared,$\sqrt{a^{2}-x^{2}}$,https://www.youtube.com/watch?v=CXKoCMVqM9s,square root of a squared minus x squared.,square root of a squared minus x squared.,$\sqrt{a^{2}-x^{2}}$
 x is a times the sine of theta,$x=a\sin(\theta)$,https://www.youtube.com/watch?v=CXKoCMVqM9s,x is a times the sine of theta.,x is a times the sine of theta.,$x\sim\sin(\theta)$
dx over x squared plus 4x,$\frac{dx}{x^{2}+4x}$,https://www.youtube.com/watch?v=CXKoCMVqM9s,dx over x squared plus 4x.,dx over x squared plus 4x.,$\frac{dx}{x^{2}+4x}$
x squared plus 4x is u squared minus 4,$x^{2}+4x=u^{2}-4$,https://www.youtube.com/watch?v=CXKoCMVqM9s,x squared plus 4x is u squared minus 4.,x squared plus 4x is u squared minus 4.,$x^{2}+4xyzu^{2}-4$
4 times the tangent squared of theta,$4\tan^{2}(\theta)$,https://www.youtube.com/watch?v=CXKoCMVqM9s,4 times the tangent squared of theta.,4 times the tangent squared of theta.,$4\tan^{2}(\theta)$
square root of u squared minus 4,$\sqrt{u^{2}-4}$,https://www.youtube.com/watch?v=CXKoCMVqM9s,square root of u squared minus 4.,The square root of u squared minus 4.,$\sqrt{u^{2}-4}$
du is 2 secant theta tangent theta d theta.,$du=2\sec \theta \tan \theta d\theta $,https://www.youtube.com/watch?v=CXKoCMVqM9s,du is 2 secant theta tangent theta d theta.,du is 2 secant theta tangent theta d theta.,$dU\sim\sec\theta\tan\thetad\theta$
natural logarithm of x plus 2 over 2 ,$\ln({\frac{x+2}{2}})$,https://www.youtube.com/watch?v=CXKoCMVqM9s,the natural logarithm of x plus 2 over 2.,The natural logarithm of x plus 2 over 2.,$\ln(x)+\frac{2}{2}$
e of x divided by q of x,$\frac{e^x}{q(x)}$,https://www.youtube.com/watch?v=HgEqXhsIq_g,P of X divided by Q of X.,E of x divided by q of x.,$E(x)/Q(x)$
natural log of x minus 1 plus 3 times natural log of x plus 3,$\ln(x-1)+3\ln(x+3)$,https://www.youtube.com/watch?v=HgEqXhsIq_g,natural log of x minus 1 plus 3 times natural log of x plus 3.,Natural log of x minus 1 plus 3 times natural log of x plus 3.,$\ln(x-1)+3\ln(x)+3$
3 times x minus 1,$3\times(x-1)$,https://www.youtube.com/watch?v=HgEqXhsIq_g,3 times x minus 1.,3 times x minus 1.,$3\timesX-1$
four x plus two minus three,$(4x+2-3)$,https://www.youtube.com/watch?v=HgEqXhsIq_g,4x plus 2 minus 3.,4x plus 2 minus 3.,"$(4x+2,-3)$"
b times x plus two times x minus one,$b(x+2)(x-1)$,https://www.youtube.com/watch?v=HgEqXhsIq_g,B times x plus 2 times x minus 1.,B times x plus 2 times x minus 1.,$bx+2x-1$
1 over x minus 1 plus 3 over x plus 2,$\frac{1}{x-1}+\frac{3}{x+2}$,https://www.youtube.com/watch?v=HgEqXhsIq_g,1 over x minus 1 plus 3 over x plus 2.,1 over x minus 1 plus 3 over x plus 2.,$\frac{1}{x-1}+\frac{3}{x+2}$
a times x minus 1 times x plus 2,$a(x-1)(x+2)$,https://www.youtube.com/watch?v=HgEqXhsIq_g,A times x minus 1 times x plus 2.,a times x-1 times x-2.,$a(x-1)(x-2)$
minus eight minus one divided by minus two minus one is equal to b,$\frac{-8-1}{-2-1}=b$,https://www.youtube.com/watch?v=HgEqXhsIq_g,minus 8 minus 1 divided by minus 2 minus 1 is equal to b.,Minus 8 minus 1 divided by minus 2 minus 1 is equal to b.,$-\frac{8-1}{1-2}=b$
four x minus one,$(4x\ -\ 1)$,https://www.youtube.com/watch?v=HgEqXhsIq_g,4x minus 1,4x minus 1,$(4x\!-\!1)$
four minus one divided by one plus two is equal to a,$\frac{4-1}{1+2}=a$,https://www.youtube.com/watch?v=HgEqXhsIq_g,4 minus 1 divided by 1 plus 2 is equal to a.,4 minus 1 divided by 1 plus 2 is equal to a.,$4-\frac{1}{1+2}=a$
x minus one times x minus two times x plus five,$(x-1)(x-2)(x+5)$,https://www.youtube.com/watch?v=HgEqXhsIq_g,x minus 1 times x minus 2 times x plus 5.,x-1 times x-2 times x 5.,$X(-1)X(-2)X(5)$
x plus five,$\displaystyle x+5$,https://www.youtube.com/watch?v=HgEqXhsIq_g,x plus 5.,x plus 5.,$\displaystylex+5$
b over x minus 1 squared,$\frac{b}{(x-1)^{2}}$,https://www.youtube.com/watch?v=HgEqXhsIq_g,B over x minus 1 squared.,B over x minus 1 squared.,$\frac{B}{(x-1)^{2}}$
"negative a, plus 1, plus 1 3rd.",$-a+1+\frac{1}{3}$,https://www.youtube.com/watch?v=HgEqXhsIq_g,Negative a plus 1 plus a third.,Negative a plus 1 plus 1 third.,$-a+1+\frac{1}{3}$
"1 squared divided by 1 squared plus 1,",$1^{2}/(1^{2}+1)$,https://www.youtube.com/watch?v=HgEqXhsIq_g,1 squared divided by 1 squared plus 1.,1 squared divided by 1 squared plus 1.,$1^{2}/(1^{2}+1)$
 a times x squared plus 1,$ax^{2}+1$,https://www.youtube.com/watch?v=HgEqXhsIq_g,A times x squared plus 1.,a times x squared plus 1.,$ax^{2}+1$
x cubed plus one,$\mathcal{x}^3+{1}$,https://www.youtube.com/watch?v=HgEqXhsIq_g,XQ plus one.,An x cubed plus 1.,$nx^{3}+1$
x plus 1 times x squared plus x plus 1,$(x+1)(x^{2}+x+1)$,https://www.youtube.com/watch?v=HgEqXhsIq_g,x plus 1 times x squared plus x plus 1.,x squared plus x plus 1.,$x^{2}+x+1$
half the argtangent,$\displaystyle \frac{1}{2}\arctan $,https://www.youtube.com/watch?v=HgEqXhsIq_g,half the arc tangent.,Half the arctangent.,$\displaystyle\qquad\qquad\qquad\qquad\qquad\qquad\qquad\qquad\qquad\qquad\qquad%\qquad\qquad\qquad\qquad\qquad\qquad\qquad\qquad\qquad\qquad\qquad\qquad\qquad%\qquad\qquad\qquad\qquad\qquad\qquad\qquad\qquad\qquad\qquad\qquad\qquad\qquad\qquad\qquad\qquad%\qquad\qquad\qquad\qquad\qquad\qquad\qquad\qquad\qquad\qquad\qquad\qquad\qquad\
d by dx of natrual log of x squared plus 1 is 2x over x squared plus 1,$\frac{d}{dx}(\ln(x^{2}+1))=\frac{2x}{x^{2}+1}$,https://www.youtube.com/watch?v=HgEqXhsIq_g,d by dx of natural log of x squared plus 1 is 2x over x squared plus 1.,d by dx of natural log of x squared plus 1 is 2x over x squared plus 1.,$\frac{d}{dx}(\ln(x^{2}+1))\to\frac{x}{x^{2}+1}$
x cubed plus x squared minus 2x,$x^{3}+x^{2}-2x$,https://www.youtube.com/watch?v=HgEqXhsIq_g,xq plus x squared minus 2x.,At x cubed plus x squared minus 2x.,$ax^{3}+x^{2}-2x$
b3 x plus c3 x squared plus 4 cubed,$b_3 x+c_3 x^{2}+4^{3}$,https://www.youtube.com/watch?v=aeXp1zC6Hls,B3 x plus c3 x squared plus 4 cubed.,B 3 x plus c 3 x squared plus 4 cubed.,$b3x+c3x^{2}+4^{3}$
r of x is equal to a11 x to the 11th plus a10 x to the 10th,$r(x)=a_{11}x^{11}+a_{10}x^{10}$,https://www.youtube.com/watch?v=aeXp1zC6Hls,r of x is equal to a 11 x to the 11th plus a 10 x to the 10th.,r of x is equal to a11 x to the 11th plus a10 x to the 10th.,$R(x):=a11x^{11}+a10x^{10}$
x is equal to two tan u,$x=2\tan u$ ,https://www.youtube.com/watch?v=aeXp1zC6Hls,X is equal to 2 tan u.,x is equal to 210u.,$X\mathrel{\mathop{:}}=210U$
dx is 2 secant squared u du,$dx= 2\sec^{2}udu$,https://www.youtube.com/watch?v=aeXp1zC6Hls,DX is 2 secant squared u du.,dx is 2 secant squared u du.,$dx\sim\sec^{2}udu$
cosine squared of two u,$\cos^{2}(2u)$,https://www.youtube.com/watch?v=aeXp1zC6Hls,The cosine squared of 2u and,At a cosine squared of 2u.,$\eta\cos^{2}(2u)$
u is a log x,$u=\log x$,https://www.youtube.com/watch?v=aeXp1zC6Hls,U is Log X.,U is log x.,$u\logx$
u prime is one over x,$u^{\prime}= 1/x$,https://www.youtube.com/watch?v=aeXp1zC6Hls,U prime is 1 over x.,u' is 1 over x.,$u^{\prime}\sqsubseteqx$
x log x minus x plus c,$x\log x-x+C$,https://www.youtube.com/watch?v=aeXp1zC6Hls,x log x minus x plus c.,x log x minus x plus z.,$x\logx-x+z$
log x squared,$(\log x)^{2}$,https://www.youtube.com/watch?v=aeXp1zC6Hls,"Blog X, squared.",log x squared.,$(\logx)^{2}$
u prime is 2 log x times 1 over x,$u^{\prime}=2\log x\times 1/x$,https://www.youtube.com/watch?v=aeXp1zC6Hls,u prime is 2 log x times 1 over x.,u' is 2 log x times 1 over x.,$U^{\prime}\sim\logX\times1/X$
u prime is n times log x to the n minus 1 times 1 over x,$u^{\prime}=n(\log x)^{n-1}\cdot\frac{1}{x}$,https://www.youtube.com/watch?v=aeXp1zC6Hls,u prime is n times log x to the n minus 1 times 1 over x.,u' is n times ln x to the n-1 times 1 over x.,$U^{\prime}\isaid{n}\lnx^{n-1}\cdot\frac{1}{x}$
log x to the zero power dx,$\log x^{0}dx$,https://www.youtube.com/watch?v=aeXp1zC6Hls,Log x to the zero power dx.,log x to the 0 power dx.,$\logX^{0}dx$
x log x squared minus twice f one of x,$x(\log x)^{2}-2f_{1}(x)$,https://www.youtube.com/watch?v=aeXp1zC6Hls,x log x squared minus twice f1 of x.,x log x squared minus twice f1 of x.,$x\logx^{2}-2yf_{1}(x)$
x to the n e to the x dx,$x^{n}e^{x}dx$,https://www.youtube.com/watch?v=aeXp1zC6Hls,x to the n e to the x dx.,"x to the n, e to the x dx.",$x^{n}e^{x}dx$
n times g n minus 1 of x,$n\cdot g_{n-1}(x)$,https://www.youtube.com/watch?v=aeXp1zC6Hls,n times g n minus 1 of x.,n times g n minus 1 of x.,$n\cdotG^{n-1}(X)$
x e to the x minus e to the x,$\displaystyle \operatorname{xe^{x} - e^{x}}$,https://www.youtube.com/watch?v=aeXp1zC6Hls,x e to the x minus e to the x.,x e to the x minus e to the x.,"$(x,e^{x}-e^{x})$"
y log y squared minus 2y log y minus y,$\displaystyle y (\log y)^{2}-2y\log y-y$,https://www.youtube.com/watch?v=aeXp1zC6Hls,It's y log y squared minus 2y log y minus y.,It's y log y squared minus 2y log y minus y.,$\displaystyleixy\logy^{2}-2y\logy-y$
2 pi e x dx,$2\pi exdx$,https://www.youtube.com/watch?v=aeXp1zC6Hls,2 pi e x dx.,2 pi ex dx.,$2\piexdx$
e times two pi times x,$e^{(2\pi x)}$,https://www.youtube.com/watch?v=aeXp1zC6Hls,"E times 2 pi times x, that's this.","E times 2 pi times x, that's this.","$e(2\pix,s,s)$"
the integral of 2 pi x e minus e to the x dx,$\int2\pi x (e - e^x)dx$,https://www.youtube.com/watch?v=aeXp1zC6Hls,the integral of 2 pi x e minus e to the x dx.,The integral of 2pi x e- e to the x dx.,$\int2\pixE-E^{x}dx$
2 pi e integral of x dx from 0 to 1 minus 2 pi integral from 0 to 1 of x e to the x dx,$\displaystyle 2\pi e\int _{0}^{1} xdx - 2\pi \int _{0}^{1}xe^{x}dx$,https://www.youtube.com/watch?v=aeXp1zC6Hls,2 pi e integral of x dx from 0 to 1 minus 2 pi integral from x e to the x dx dx.,2 pi e integral of x dx from 0 to 1 minus 2 pi integral from 0 to 1 of x e to the x dx.,$\displaystyle2\pie\intxdx\int_{0}^{1}-2\pi\int_{0}^{1}xe^{x}dx$
delta x squared plus delta y squared,$\Delta x^{2}+\Delta y^{2}$,https://www.youtube.com/watch?v=TpWQlKHPyJ4,delta x squared plus delta y squared.,Delta x squared plus delta y squared.,$\Deltax^{2}+\Deltay^{2}$
1 plus dy dx the quantity squared,$1+(\frac{dy}{dx})^{2}$,https://www.youtube.com/watch?v=TpWQlKHPyJ4,"1 plus dy dx, the quantity squared.","1 plus dy dx, the quantity squared.",$1+dydx\cdot\cdot\cdot\cdot^{2}$
the integral from a to b of the square root of 1 plus dy dx squared dx,$\int_{a}^{b}\sqrt{1 +(\frac{dy}{dx})^{2}}dx$,https://www.youtube.com/watch?v=TpWQlKHPyJ4,The integral from a to b of the square root of 1 plus dy dx squared dx.,The integral from a to b of the square root of 1 plus dy dx squared dx.,$\int_{a}^{b}(\sqrt{1+dydx})^{2}dx$
square root of 1 plus f prime of x squared dx,$\displaystyle \sqrt{1+f^{\prime}(x)^{2}}dx$,https://www.youtube.com/watch?v=TpWQlKHPyJ4,square root of one plus f prime of x squared dx.,square root of 1 plus f' x squared dx.,$\displaystyle\sqrt{1+(f^{\prime}x)^{2}}dx$
square root of 1 plus m squared,$\sqrt{1+m^{2}}$,https://www.youtube.com/watch?v=TpWQlKHPyJ4,square root of 1 plus m squared.,square root of 1 plus m squared.,$\sqrt{1+m^{2}}$
 the integral from 0 to 10 of the square root of 1 plus m squared dx,$\int_{0}^{10}\sqrt{1+m^{2}}dx$,https://www.youtube.com/watch?v=TpWQlKHPyJ4,the integral from 0 to 10 of the square root of 1 plus m squared dx.,The integral from 0 to 10 of the square root of 1 plus m squared dx.,$\int_{0}^{10}\sqrt{1+m^{2}}dx$
y equals square root of 1 minus x squared,$y=\sqrt{1-x^{2}}$,https://www.youtube.com/watch?v=TpWQlKHPyJ4,So y equals square root of 1 minus x squared.,So y equals square root of 1 minus x squared.,$\mathbfsl{y}=\sqrt{1-x^{2}}$
square root of 1 plus y prime squared dx,$\sqrt{1+(y^{\prime})^2}dx$,https://www.youtube.com/watch?v=TpWQlKHPyJ4,square root of 1 plus y prime squared dx.,square root of 1 plus y' squared dx.,$\sqrt{1+y^{\prime2}}dx$
"1 plus the quantity minus x over square root of 1 minus x squared, squared",$1+(-\frac{x}{\sqrt{1-x^{2}}})^{2}$,https://www.youtube.com/watch?v=TpWQlKHPyJ4,1 plus the quantity minus x over square root of 1 minus x squared squared.,"1 plus the quantity minus x over square root of 1 minus x squared, squared.",$1+\left(1-\frac{x}{\sqrt{1-x^{2}}}\right)^{2}$
 x squared over 1 minus x squared,$\frac{x^{2}}{1-x^{2}}$,https://www.youtube.com/watch?v=TpWQlKHPyJ4,x squared over 1 minus x squared.,x squared over 1 minus x squared.,$\frac{x^{2}}{1-x^{2}}$
sine inverse of a,$\sin^{-1}(a)$,https://www.youtube.com/watch?v=TpWQlKHPyJ4,sign inverse of A.,sign inverse of A.,$\psi^{-1}(A)$
y prime is 2x,$y^{\prime}=2x$,https://www.youtube.com/watch?v=TpWQlKHPyJ4,Y prime is 2x.,y' is 2x.,$Y^{\prime}S\toX$
the square root of 1 plus the quantity 2x squared dx.,$\sqrt{1+(2x)^{2}}dx$,https://www.youtube.com/watch?v=TpWQlKHPyJ4,The square root of 1 plus the quantity 2x squared dx.,The square root of 1 plus the quantity 2x squared dx.,$\sqrt{1+(2x)^{2}}dx$
the integral from 0 to a of square root of 1 plus 4x squared dx,$\int_{0}^{a}\sqrt{1+4x^{2}}dx$,https://www.youtube.com/watch?v=TpWQlKHPyJ4,The integral from 0 to a of square root of 1 plus 4x squared dx.,The integral from 0 to a of square root of 1 plus 4x squared dx.,$\int_{0}^{a}\sqrt{1+4x^{2}}dx$
dx is equal to a half secant squared u du,$dx\mathrel{\mathop{}}=\frac{1}{2}\sec^{2}udu$,https://www.youtube.com/watch?v=TpWQlKHPyJ4,dx is equal to a half secant squared u du.,dx is equal to 1 by 2 secant squared udu.,$dx:=\frac{1}{2\sec^{2}u}du$
x equals a half tan u,$x=\frac{1}{2}\tan u$,https://www.youtube.com/watch?v=TpWQlKHPyJ4,x equals a half tan u.,x equals 1 by 2 tan u.,$x=\frac{1}{2\tanu}$
 x squared over a squared minus x squared,$x^{2}/a^{2}-x^{2}$,https://www.youtube.com/watch?v=TpWQlKHPyJ4,x squared over a squared minus x squared.,x squared over a squared minus x squared.,$x^{2}/a^{2}-x^{2}$
square root a squared minus x squared,$\sqrt{a^{2}-x^{2}}$,https://www.youtube.com/watch?v=TpWQlKHPyJ4,square root a squared minus x squared.,Square root a squared minus x squared.,$\sqrt{A^{2}-X^{2}}$
the square root of a squared over a squared minus x squared dx,$\sqrt{\frac{a^{2}}{a^{2}-x^{2}}}dx$,https://www.youtube.com/watch?v=TpWQlKHPyJ4,The square root of a squared over a squared minus x squared dx.,The square root of a squared over a squared minus x squared dx.,$\sqrt{\frac{a^{2}}{a^{2}-x^{2}}}dx$
"x, y is equal to a cosine pi over 2, a sine pi over 2","$\displaystyle (x,y)=(a\cos\frac{\pi}{2},a\sin\frac{\pi}{2}).$",https://www.youtube.com/watch?v=TpWQlKHPyJ4,"So at that point, we have x, y is equal to a cosine pi over 2, a sine pi over 2.","So, at that point we have x, y is equal to A cos pi over 2 A sine pi over 2.","$\displaystyle\text{Swatthatpointwehave}(x,y)=(a,\cos\frac{\pi}{2},a,\sin%\frac{\pi}{2})$"
 sine of pi over 2 is 1,$\sin\frac{\pi}{2}=1$,https://www.youtube.com/watch?v=TpWQlKHPyJ4,Sign of pi over 2 is 1.,The sine of pi over 2 is 1.,$\sin\frac{\pi}{2}=1$
 t equals pi over 2,${t}=\frac{\pi}{2}$,https://www.youtube.com/watch?v=TpWQlKHPyJ4,That t equals pi over 2.,At t equals pi over 2.,$\hat{t}=\frac{\pi}{2}$
t equals pi,$\mathcal{t}=\pi$,https://www.youtube.com/watch?v=TpWQlKHPyJ4,T equals pi.,t equals pi.,$\mathcal{T}=\pi$
ds squared is dx squared plus dy squared,$ds^{2}=dx^{2}+dy^{2}$,https://www.youtube.com/watch?v=XRkgBWbWvg4,ds squared is dx squared plus dy squared.,ds squared is dx squared plus dy squared.,$ds^{2}\simdx^{2}+dy^{2}$
the square root of minus a sine t squared plus a cosine t squared dt,"$\displaystyle \sqrt{-a\sin^{2}(t)+a\cos^{2}(t)}\,dt$",https://www.youtube.com/watch?v=XRkgBWbWvg4,is the square root of minus a sine t squared plus a cosine t squared dt.,There's the square root of minus a sine t squared plus a cosine t squared dt.,$\displaystyle=\sqrt{1-a\sin(t)^{2}+a\cos(t)^{2}}dt$
the square root of a squared ,$(\sqrt{a^{2}})$,https://www.youtube.com/watch?v=XRkgBWbWvg4,the square root of A squared.,The square root of a squared.,$\sqrt{a^{2}}$
delta x delta t squared plus delta y delta t the quantity squared,$\displaystyle (\frac{\Delta x}{\Delta t})^{2}+(\frac{\Delta y}{\Delta t})^{2}$,https://www.youtube.com/watch?v=XRkgBWbWvg4,delta x delta t squared plus delta y delta t the quantity squared.,"Delta x delta t squared plus delta y delta t, the quantity squared.",$\displaystyle(\Deltax\Deltat)^{2}+(\Deltay\Deltat)^{2}$
d over dt squared,$(\frac{d}{dt})^{2}$,https://www.youtube.com/watch?v=XRkgBWbWvg4,d over dt squared.,d over dt squared.,$(d/dt)^{2}$
x is 2 sine t,$x=2\sin t$,https://www.youtube.com/watch?v=XRkgBWbWvg4,X is 2 sine T.,x is 2 sine t.,$x\sim2\sint$
 1 quarter of x squared plus y squared,$1/4(x^{2}+y^{2})$,https://www.youtube.com/watch?v=XRkgBWbWvg4,1 quarter of x squared plus y squared.,1 quarter of x squared plus y squared.,$1/4(x^{2}+y^{2})$
2 sine pi over 2,$2\sin\frac{\pi}{2}$,https://www.youtube.com/watch?v=XRkgBWbWvg4,2 sine pi over 2.,2 sine pi over 2.,$2\sin\frac{\pi}{2}$
2 cosine t squared plus sine t,$2(\cos t)^{2}+\sin t$,https://www.youtube.com/watch?v=XRkgBWbWvg4,2 cosine t squared plus sine t.,2 cosine t squared plus sine t.,$2\cost^{2}+\sint$
the square root of 4 cosine squared t plus sine squared t,$\sqrt{4\cos^{2}t+\sin^{2}t}$,https://www.youtube.com/watch?v=XRkgBWbWvg4,The square root of 4 cosine squared t plus sine squared t.,The square root of 4 cos t plus sin t.,$\sqrt{4\cosht+\sinht}$
 y squared equals 1,$\displaystyle y^{2}=1$,https://www.youtube.com/watch?v=XRkgBWbWvg4,Y squared equals 1.,y squared equals 1.,$\displaystyley^{2}=1$
ds squared equals dx squared plus dy squared,$dx^{2}=dx^{2}+dy^{2}$,https://www.youtube.com/watch?v=XRkgBWbWvg4,The square equals the x-word plus the y-square.,ds squared equals dx squared plus dy squared,$ds^{2}=dx^{2}+dy^{2}$
2pi times 2sine t,$2\pi\cdot 2\sin t$,https://www.youtube.com/watch?v=XRkgBWbWvg4,2 pi times 2 sine t.,2 pi times 2 sine t.,$2\pi\cdot2\sint$
theta equals negative pi over 4,$\theta=-\frac{\pi}{4}$,https://www.youtube.com/watch?v=XRkgBWbWvg4,This theta equals negative pi over 4.,Theta equals negative pi over 4.,$\theta=-\frac{\pi}{4}$
theta equals seven pi over four,$\theta=7\pi/4$,https://www.youtube.com/watch?v=XRkgBWbWvg4,theta equals 7 pi over 4.,Theta equals 7pi over 4.,$\theta=7\pi/4$
 r equals square root of 2,$r=\sqrt{2}$,https://www.youtube.com/watch?v=XRkgBWbWvg4,r equals square root of two.,r equals square root of 2.,$r=\sqrt{2}$
r equals one over sine theta,$r=1/\sin\theta$,https://www.youtube.com/watch?v=XRkgBWbWvg4,R equals one over sine theta.,r equals 1 over sine theta.,$r=1/\sin\theta$
 x minus a squared plus y squared is equal to a squared,$x-a^{2}+y^{2}~{}=~{}a^{2}$,https://www.youtube.com/watch?v=XRkgBWbWvg4,x minus a squared plus y squared is equal to a squared.,x minus a squared plus y squared is equal to a squared.,$x-a^{2}+y^{2}~{}=~{}A^{2}$
r squared minus two a r cosine theta equals zero,"$r^{2}-2a\,r\cos\theta=0$",https://www.youtube.com/watch?v=XRkgBWbWvg4,r squared minus 2a r cosine theta equals 0.,r squared minus 2a r cosine theta equals 0.,"$r^{2}-2a\,r\cos\theta=0$"
minus pi over two is less than theta is less than pi over two,$-\frac{\pi}{2}<\theta<\frac{\pi}{2}$,https://www.youtube.com/watch?v=XRkgBWbWvg4,Minus pi over 2 is less than theta. It is less than pi over 2.,Minus pi over 2 is less than theta is less than pi over 2.,$-\frac{\pi}{2}<\theta<\frac{\pi}{2}$
pi a squared,$(\pi a^{2})$,https://www.youtube.com/watch?v=BGE3wb7H2PA,High A squared.,Pi a squared.,$\pia^{2}$
 delta theta divided by 2pi,$\Delta\theta/2\pi$,https://www.youtube.com/watch?v=BGE3wb7H2PA,Delta theta divided by chimpy.,Delta theta divided by 2 pi.,$\Delta\theta/2\pi$
r is equal to 2a cosine theta,"$r\mathrel{\mathop{}}=2a\,\cos\theta$",https://www.youtube.com/watch?v=BGE3wb7H2PA,R is equal to 2a cosine theta.,r is equal to 2a cosine theta.,$R:=2A\cos\theta$
cosine of plus or minus pi over 2 is equal to 0,$\cos(\pm\frac{\pi}{2})=0$,https://www.youtube.com/watch?v=BGE3wb7H2PA,cosine of plus or minus pi over 2 is equal to 0.,Cosine of plus or minus pi over 2 is equal to 0.,$\cos(\pm\pi/2):=0$
4a squared divided by 2,$4a^{2}/2$,https://www.youtube.com/watch?v=BGE3wb7H2PA,4A2 divided by 2,4a squared divided by 2.,$4a^{2}/2$
 integral from minus pi over two pi over two cosine squared theta d theta,$\displaystyle \int_{-\frac{\pi}{2}}^{\frac{\pi}{2}}\cos^{2}\theta d\theta$,https://www.youtube.com/watch?v=BGE3wb7H2PA,"integral from minus pi over 2, pi over 2 cosine squared theta theta","Integral from minus pi over 2, pi over 2, cosine squared theta d theta.",$\displaystyle\int_{-\pi/2}^{\pi/2}\cos^{2}\thetad\theta$
 cosine 2 theta divided by 2,$\cos2\theta \over 2$,https://www.youtube.com/watch?v=BGE3wb7H2PA,cosine 2 theta divided by 2.,Cosine 2 theta divided by 2.,$\cos2\theta/2$
a squared times pi over 2 minus minus pi over 2,$a^{2}(\pi/2)-(-\pi/2)$,https://www.youtube.com/watch?v=BGE3wb7H2PA,is a squared times pi over 2 minus minus pi over 2.,Is a squared times pi over 2 minus minus pi over 2.,$\rho^{2}(\pi/2-\pi/2)$
sine pi,$\sin\pi$,https://www.youtube.com/watch?v=BGE3wb7H2PA,sign pi sat,,$|\mathbf{x}-\mathbf{y}|$
 2 cosine theta is equal to negative 1,$2\cos\theta~{}=~{}-1$,https://www.youtube.com/watch?v=BGE3wb7H2PA,2 cosine theta is equal to negative 1.,2 cos theta is equal to negative 1.,$2\cos\theta~{}=~{}-1$
r plus 2r cosine theta equals 1,$r+2r\cos\theta=1$,https://www.youtube.com/watch?v=BGE3wb7H2PA,r plus 2 r cosine theta equals 1.,r plus 2r cosine theta equals 1.,$r+2r\cos\theta=1$
one minus two r cosine theta,$1-2r\cos\theta$,https://www.youtube.com/watch?v=BGE3wb7H2PA,1 minus 2 r cosine theta.,1 minus 2r cosine theta.,$1-2r\cos\theta$
r squared equals 1 minus 2x squared,$r^{2}=1-2x^{2}$,https://www.youtube.com/watch?v=BGE3wb7H2PA,R squared equals 1 minus 2 at squared.,R squared equals 1 minus 2x squared.,$r^{2}=1-2x^{2}$
minus 3x squared plus y squared,$-3x^{2}+y^{2}$,https://www.youtube.com/watch?v=BGE3wb7H2PA,minus 3x squared plus y squared.,Minus 3x squared plus y squared.,$-3x^{2}+y^{2}$
1 over a plus b cosine theta,$\frac{1}{a+b\cos\theta}$,https://www.youtube.com/watch?v=BGE3wb7H2PA,1 over A plus B cosine theta.,1 over a plus b cosine theta.,$\frac{1}{a+b\cos\theta}$
dA dt is equal to a half r squared d theta dt,$\frac{dA}{dt}=\frac{1}{2}r^{2}\frac{d\theta}{dt}$,https://www.youtube.com/watch?v=BGE3wb7H2PA,dA dt is equal to a half r squared d theta dt.,dA dt is equal to 1 by 2 r squared d theta dt.,$\mathrm{d}A\mathrm{d}t:=\frac{1}{2R^{2}}\mathrm{d}\theta\mathrm{d}t$
e x plus 2 cubed,$e(x+2)^{3}$,https://www.youtube.com/watch?v=BGE3wb7H2PA,e x plus 2 cubed.,E x plus 2 cubed.,$\mathbb{E}(X+2)^{3}$
Ax plus b divided by x squared plus 2,$(Ax+b)/(x^{2}+2)$,https://www.youtube.com/watch?v=BGE3wb7H2PA,AX plus B divided by X squared plus two.,Ax plus b divided by x squared plus 2.,$(ax+b)/(x^{2}+2)$
A2x plus B2 x squared plus 2 squared plus c over x plus d,$\frac{A2x + B2}{(x^{2}+2)^{2}}+\frac{C}{x}+D$,https://www.youtube.com/watch?v=BGE3wb7H2PA,"plus B2, x squared plus C over x plus D.",a 2 x plus b 2 x squared plus 2 squared plus c over x plus d.,$a\tox+b\tox^{2}+du^{2}+c/x+d$
u prime is equal to 1 over 1 plus x squared,$u^{\prime}=\frac{1}{1+x^{2}}$,https://www.youtube.com/watch?v=BGE3wb7H2PA,u prime is equal to 1 over 1 plus x squared.,u' is equal to 1 over 1 plus x squared.,$u^{\prime}:=\frac{1}{1+x^{2}}$
v is equal to x squared over two,$v=\frac{x^{2}}{2}$,https://www.youtube.com/watch?v=BGE3wb7H2PA,V is equal to x squared over 2.,V is equal to x squared over 2.,$v:=\frac{x^{2}}{2}$
x squared over 2 tan inverse x,$\frac{x^{2}}{2}\tan^{-1}x$,https://www.youtube.com/watch?v=BGE3wb7H2PA,x squared over 2 tan inverse x.,x squared over 2 tan inverse x.,$x^{2}/2\tan^{-1}x$
a half x minus a half tan inverse x,$\frac{1}{2}x-\frac{1}{2}\tan^{-1}x$,https://www.youtube.com/watch?v=BGE3wb7H2PA,The half x minus half tan inverse x.,1 by 2. 1 by 2 x minus 1 by 2 tan inverse x.,$\displaystyle\frac{1}{2}\frac{1}{2}x-\frac{1}{2}\tan^{-1}x$
x log x,$x\log{x}$,https://www.youtube.com/watch?v=PNTnmH6jsRI,X log X.,x log x,$x\log{x}$
 x to the 10th minus 1,$x^{10}-1$,https://www.youtube.com/watch?v=PNTnmH6jsRI,x to the 10th minus 1.,x to the 10th minus 1.,$x^{10}-1$
x squared minus 1,$\displaystyle x^{2}-1$,https://www.youtube.com/watch?v=PNTnmH6jsRI,x squared minus 1.,x squared minus 1.,$\displaystylex^{2}-1$
f of x divided by g of x,$\frac{f(x)}{g(x)}$,https://www.youtube.com/watch?v=PNTnmH6jsRI,F of x divided by g of x.,F of x divided by g of x.,$\frac{f(x)}{g(x)}$
 f of x divided by x minus a,$\frac{f(x)}{x-a}$,https://www.youtube.com/watch?v=PNTnmH6jsRI,F of x divided by x minus a.,F of x divided by x minus a.,$\frac{f(x)}{x-a}$
sine five x divided by sine two x,$\sin 5x/\sin 2x$,https://www.youtube.com/watch?v=PNTnmH6jsRI,sine 5x divided by sine 2x.,Sine 5x divided by sine 2x.,$\sin(5x)/\sin(2x)$
five cosine five x divided by two cosine two x,$5\cos(5x)/2\cos(2x)$,https://www.youtube.com/watch?v=PNTnmH6jsRI,5 cosine 5x divided by 2 cosine 2x.,5 cos 5x divided by 2 cos 2x.,$5\cos(5x)/2\cos(2x)$
cosine x minus 1 divided by x squared,$(\cos x-1)/x^{2}$,https://www.youtube.com/watch?v=PNTnmH6jsRI,cosine x minus 1 divided by x squared.,Cosine x minus 1 divided by x squared.,$\cosx-1/x^{2}$
sine of five x divided by sine of 2x,$\sin(5x)/\sin(2x)$,https://www.youtube.com/watch?v=PNTnmH6jsRI,sine of 5x divided by sine of 2x.,Sine of 5x divided by sine of 2x.,$\sin(5x)/\sin(2x)$
1 minus x squared over 2,$1-x^{2}/2$,https://www.youtube.com/watch?v=PNTnmH6jsRI,1 minus x squared over 2.,That's 1 minus x squared over 2.,$\displaystyle\cdots\frac{1-x^{2}}{2}$
a 3rd x to the minus 2 3rds,$\frac{1}{3}x^{-2/3}$,https://www.youtube.com/watch?v=PNTnmH6jsRI,We have a third x to the minus two thirds.,We have 1 third x to the minus 2 thirds.,"$B(1/3,x^{-2/3})$"
x to the x is equal to e to the x log x,$x^{x}=e^{x\log x}$,https://www.youtube.com/watch?v=PNTnmH6jsRI,X to the X is equal to E to the X log X.,x to the x is equal to e to the x log x.,$X^{x}:=e^{x\logX}$
 sine x over x squared,$\sin(x)/x^{2}$,https://www.youtube.com/watch?v=PNTnmH6jsRI,sine x over x squared.,sin x over x squared.,$\sinx/x^{2}$
1 plus 2 over x plus 1 over x to the 5th power,$1+2/x+1/x^{5}$,https://www.youtube.com/watch?v=PNTnmH6jsRI,1 plus 2 over x plus 1 over x to the 5th power.,1 plus 2 over x plus 1 over x to the fifth power.,$1+2/x+1/x^{5}$
1 over 1 over x,$\frac{1}{1/x}$,https://www.youtube.com/watch?v=PNTnmH6jsRI,"One over, one over x.",1 over 1 over x.,$\frac{1}{1/x}$
 x to the 5th over x to the 4th,$\frac{x^{5}}{x^{4}}$,https://www.youtube.com/watch?v=PNTnmH6jsRI,"X to the 5th, over X to the 4th.",x to the fifth over x to the fourth.,$\frac{x^{5}}{x^{4}}$
one over x to the power p,$\frac{1}{x^{p}}$,https://www.youtube.com/watch?v=KhwQKE_tld0,1 over x to the power p.,1 over x to the power p.,$\frac{1}{x^{p}}$
dx over x to the pth power,$\frac{dx}{x^{p}}$,https://www.youtube.com/watch?v=KhwQKE_tld0,DX over X to the PATH power.,dx over x to the p-th power.,$\frac{dx}{x^{p}}$
 1 over minus p plus 1,$\frac{1}{p-1}$,https://www.youtube.com/watch?v=KhwQKE_tld0,1 over p minus 1.,1 over p minus 1.,$\frac{1}{p-1}$
integral from 0 to infinity dx over the square root of x squared plus 10,$\displaystyle \int_{0}^{\infty}\frac{dx}{\sqrt{x^{2}+10}}$,https://www.youtube.com/watch?v=KhwQKE_tld0,the integral from 0 to infinity dx over the square root of x squared plus 10.,The integral from 0 to infinity dx over the square root of x squared plus 10.,$B\int_{0}^{\infty}\frac{dx}{\sqrt{x^{2}+10}}$
integral from 0 to 1 dx over square root of x squared plus 10,$\int_{0}^{1}\frac{dx}{\sqrt{x^{2}+10}}$,https://www.youtube.com/watch?v=KhwQKE_tld0,integral from 0 to 1 dx over square root of x squared plus 10.,Integral from 0 to 1 dx over square root of x squared plus 10.,$\int_{0}^{1}\frac{dx}{\sqrt{x^{2}+10}}$
 1 over the square root of x cubed plus 3 ,$1/\sqrt{x^{3}+3}$,https://www.youtube.com/watch?v=KhwQKE_tld0,1 over the square root of x cubed plus 3.,1 over the square root of x cubed plus 3.,$1/\sqrt{x^{3}+3}$
1 over the square root of x cubed,$\frac{1}{\sqrt{x^{3}}}$,https://www.youtube.com/watch?v=KhwQKE_tld0,to 1 over the square root of x cubed.,to 1 over the square root of x cubed.,$2\frac{1}{\sqrt{x^{3}}}$
one over x to the three halves,$\frac{1}{x^{3/2}}$,https://www.youtube.com/watch?v=KhwQKE_tld0,1 over x to the 3 halves.,1 over x to the 3 halves.,$\frac{1}{x^{3/2}}$
 x to the one half times two,$x^{\frac{1}{2}}(2)$,https://www.youtube.com/watch?v=MK_0QHbUnIA,x of 1 half times 2.,x to the 1 half times 2.,$x^{1/2}Du$
1 over x squared,$\frac{1}{x^{2}}$,https://www.youtube.com/watch?v=MK_0QHbUnIA,1 over x squared.,1 over x squared.,$\frac{1}{x^{2}}$
y equals 1 over x,$y=\frac{1}{x}$,https://www.youtube.com/watch?v=MK_0QHbUnIA,Y equals 1 over X.,y equals 1 over x.,$y=\frac{1}{x}$
 y equals one over x to the one-half,$\operatorname{y}=\frac{1}{x^{1/2}}$,https://www.youtube.com/watch?v=MK_0QHbUnIA,"So, I think it was 1 over x to the 1 half.",y equals 1 over x to the 1 half.,$y=1/x^{1/2}$
 y equals 1 over x minus 3 squared,$y=\frac{1}{(x-3)^{2}}$,https://www.youtube.com/watch?v=MK_0QHbUnIA,y equals 1 over x minus 3 squared.,y equals 1 over x minus 3 squared.,$y=\frac{1}{(x-3)^{2}}$
the integral from zero to infinity dx over x minus three squared,$\displaystyle \int_{0}^{\infty}\frac{dx}{(x-3)^{2}}$,https://www.youtube.com/watch?v=MK_0QHbUnIA,The integral from 0 to infinity dx over x minus 3 squared.,The integral from 0 to infinity dx over x minus 3 squared.,$\displaystyle\int_{0}^{\infty}\frac{dx}{(x-3)^{2}}$
1 plus a plus a squared,$\mathrm{{1}+a+a^{2}}$,https://www.youtube.com/watch?v=MK_0QHbUnIA,1 plus a plus a squared.,It's 1 plus a plus a squared.,$\mathrm{id}_{1}+A+A^{2}$
1 over 1 minus a,$\frac{1}{1-a}$,https://www.youtube.com/watch?v=MK_0QHbUnIA,1 over 1 minus a.,It's 1 over 1 minus a.,$\mathrm{exp}(1/(1-a))$
 sum 1 over n squared n equals 1 to infinity,$\sum_{n=1}^{\infty}{1/n^{2}}$,https://www.youtube.com/watch?v=MK_0QHbUnIA,"to sum 1 over n squared, n equals 1 to infinity.","to sum 1 over n squared, n equals 1 to infinity.",$\{t_{1/n}^{2}\}_{n=1}^{\infty}$
pi squared over 6,$\frac{\pi^{2}}{6}$,https://www.youtube.com/watch?v=MK_0QHbUnIA,pi squared over 6.,Pi squared over 6.,$\frac{\pi^{2}}{6}$
 1 over n cubed,$\frac{1}{n^{3}}$,https://www.youtube.com/watch?v=MK_0QHbUnIA,One over and cubed.,1 over n cubed.,$\frac{1}{n^{3}}$
1 plus 1 over 2 plus all the way up to 1 over n minus 1 plus 1 over n,$1+\frac{1}{2}+\mathrm{\ldots}+\frac{1}{n-1}+\frac{1}{n}$,https://www.youtube.com/watch?v=MK_0QHbUnIA,1 plus 1 over 2 plus all the way up to 1 over n minus 1 plus 1 over n.,1 plus 1 over 2 plus all the way up to 1 over n minus 1 plus 1 over n.,$1+\frac{1}{2}+O(\mathrm{Wi}^{\uparrow}\frac{1}{n-1}+\frac{1}{n})$
sum 1 over n squared plus 1 square root,$\sum\frac{1}{\sqrt{n^{2} + 1}}$ ,https://www.youtube.com/watch?v=MK_0QHbUnIA,some 1 over n squared plus 1 squared root.,Sum 1 over n squared plus 1 square root.,$\sum\frac{1}{n^{2}+1}\surd$
1 over n to the 5th square root,$(1/\sqrt{n^{5}})$,https://www.youtube.com/watch?v=MK_0QHbUnIA,1 over into the fifth square root.,1 over n to the fifth square root.,$\nicefrac{{1}}{{n^{5}}}$
n plus 1 times c n plus 1 divided by n plus 1,$(n+1)c_{n+1}/(n+1)$,https://www.youtube.com/watch?v=wOHrNt9ScYs,n plus 1 times cn plus 1 divided by n plus 1.,n plus 1 times cn plus 1 divided by n plus 1.,$(n+1)(cn+1)/(n+1)$
1 over 1 minus x,$\frac{1}{1-x}$,https://www.youtube.com/watch?v=wOHrNt9ScYs,1 over 1 minus x.,1 over 1 minus x.,$\frac{1}{1-x}$
s times one minus x,$s\cdot(1-x)$,https://www.youtube.com/watch?v=wOHrNt9ScYs,S times 1 minus x.,S times 1 minus x.,$s\cdot(1-x)$
 minus r less than x less than r,$-r<x<r$,https://www.youtube.com/watch?v=wOHrNt9ScYs,minus r less than x less than r.,Minus r less than x less than r.,$-R<x<R$
 sum a n x to the n,$\sum {a_n}x^{n}$,https://www.youtube.com/watch?v=wOHrNt9ScYs,some ANX to the N.,Sum a n x to the n.,"$\sum_{A,n}x^{n}$"
 a1 x squared over 2,$\frac{\mathbb{a_1} x^{2}}{2}$,https://www.youtube.com/watch?v=wOHrNt9ScYs,A1 x squared over 2.,a 1 x squared over 2.,"$A(1,x^{2}/2)$"
a zero plus a one x plus a two x squared plus a three x cubed plus dot dot dot,$\displaystyle \mathcal{a}_{0}+\mathcal{a}_{1}x+\mathcal{a}_{2}x^{2}+\mathcal{a}_{3}x^{3}+\cdots$,https://www.youtube.com/watch?v=wOHrNt9ScYs,A0 plus A1x plus A2x squared plus A3x cubed plus A2x cubed plus A2x squared plus A2x squared plus A3x cubed plus A2x squared plus A3x squared,a 0 plus a 1 x plus a 2 x squared plus a 3 x cubed plus,$\displaystyleA_{0}+A_{1}x+A_{2}x^{2}+A_{3}x^{3}+$
 a n is equal to f nth derivative divided by n factorial,$a_n\mathrel{\mathop{}}=\frac{f^{n}}{n!}$,https://www.youtube.com/watch?v=wOHrNt9ScYs,A n is equal to f n's derivative divided by n factorial.,An is equal to f nth derivative divided by n factorial.,$\mathcal{N}=\frac{F^{n}}{n!}$
the sum n equals 0 to infinity of 1 divided by n factorial x to the n,$\sum_{n=0}^{\infty}\frac{1}{n!}x^{n}$,https://www.youtube.com/watch?v=wOHrNt9ScYs,The sum n equals 0 to infinity of 1 divided by n factorial x to the n.,The sum n equals 0 to infinity of 1 divided by n factorial x to the n.,$\sum_{n=0}^{\infty}\frac{1}{n!}x^{n}$
 x minus x cubed over 3 factorial plus x to the 5th over 5 factorial,$x-\frac{x^{3}}{3!}+\frac{x^{5}}{5!}$,https://www.youtube.com/watch?v=wOHrNt9ScYs,x minus x cubed over 3 factorial plus x to the fifth over 5 factorial minus.,x minus x cubed over 3 factorial plus x to the fifth,$x-\frac{x^{3}}{3!}+x^{5}$
x to the seventh over seven factorial,$x^{7}/7!$,https://www.youtube.com/watch?v=wOHrNt9ScYs,x to the seventh over seven factorial.,x to the 7th over 7 factorial.,$x^{7}/7!$
x to the fourth over four factorial,$x^{4}/4!$,https://www.youtube.com/watch?v=wOHrNt9ScYs,Next to the fourth over four factorial.,x to the fourth over 4 factorial.,$x^{4}/4!$
1 over 2 factorial times x squared plus 1 over 3 factorial times x cubed ,$\displaystyle{1\over2!}x^{2}+{1\over3!}x^{3}$,https://www.youtube.com/watch?v=--lPz7VFnKI,1 over 2 factorial times x squared plus 1 over 3 factorial times x cubed.,1 over 2 factorial times x squared plus 1 over 3 factorial times x cubed.,$\displaystyle{1\over2!}x^{2}+{1\over3!}x^{3}$
1 over 1 plus x,$\frac{1}{1+x}$,https://www.youtube.com/watch?v=--lPz7VFnKI,1 over 1 plus x.,1 over 1 plus x.,$\frac{1}{1+x}$
x over 2n plus 1,$\frac{x}{2n+1}$,https://www.youtube.com/watch?v=--lPz7VFnKI,x over 2n plus 1.,x over 2n plus 1.,$\frac{x}{2n+1}$
x times the sine of x,$x\mathinner{\sin\left(x\right)}$,https://www.youtube.com/watch?v=--lPz7VFnKI,X times the sine of X.,x times the sine of x.,$x\mathinner{\left(x\right)}$
x squared minus x to the fourth over three factorial plus x to the sixth over five factorial,$x^{2}-\frac{x^{4}}{3!}+\frac{x^{6}}{5!}$,https://www.youtube.com/watch?v=--lPz7VFnKI,x squared minus x to the fourth over 3 factorial plus x to the sixth over 5 factorial.,x squared minus x to the fourth over 3 factorial plus x to the sixth over 5 factorial.,$x^{2}-\frac{x^{4}}{3!}+\frac{x^{6}}{5!}$
the integral from zero to x of dt over one plus x,$\int_{0}^{x}\frac{dt}{1+x}$,https://www.youtube.com/watch?v=--lPz7VFnKI,The integral from zero to x of dT over 1 plus x.,The integral from 0 to x of dt over 1 plus x.,$\int_{0}^{x}\frac{dt}{1+x}$
 1 minus t plus t squared minus t cubed ,$1-t+t^{2}-t^{3}$,https://www.youtube.com/watch?v=--lPz7VFnKI,1 minus t plus t squared minus t cubed.,1 minus t plus t squared minus t cubed.,$1-T+T^{2}-T^{3}$
x minus x squared over two plus x cubed over three minus x to the fourth over four,$x-x^{2}/2+x^{3}/3-x^{4}/4$,https://www.youtube.com/watch?v=--lPz7VFnKI,x minus x squared over 2 plus x cubed over 3 minus x to the 4th over 4.,x squared over 2 plus x cubed over 3 minus x to the fourth over 4.,$x^{2}/2+x^{3}/3-x^{4}/4$
x equals minus t squared,$x=-t^{2}$,https://www.youtube.com/watch?v=--lPz7VFnKI,x equals minus t squared.,x equals minus t squared.,$x=a-t^{2}$
t to the fourth over two factorial,$\frac{t^{4}}{2!}$,https://www.youtube.com/watch?v=--lPz7VFnKI,T to the fourth over two factorial.,T to the fourth over two factorial.,$\frac{t^{4}}{2!}$
two over the square root of pi ,$2/\sqrt{\pi}$,https://www.youtube.com/watch?v=--lPz7VFnKI,2 over the squirt of pi,2 over the square root of pi.,$2/\sqrt{\pi}$
 integral of e to the minus t squared dt from 0 to x,$\int_{0}^{x}(e^{-t^{2}})dt$,https://www.youtube.com/watch?v=--lPz7VFnKI,integral of e to the minus t squared dt from 0 to x.,the integral of e to the minus t squared dt from 0 to x.,$\{\inte^{-t^{2}}dt\}_{0\leqx\leqx}$
x minus x cubed over 3 ,$x-\frac{x^{3}}{3}$,https://www.youtube.com/watch?v=--lPz7VFnKI,x minus x cubed over 3.,x minus x cubed over 3.,$x-\frac{x^{3}}{3}$
5 times 2 factorial,$5\cdot2!$,https://www.youtube.com/watch?v=--lPz7VFnKI,5 times 2 factorial.,5 times 2 factorial.,$5\cdot2!$
minus x to the seventh over seven times three factorial,$-\frac{x^{7}}{7\cdot3!}$,https://www.youtube.com/watch?v=--lPz7VFnKI,minus x to the seventh over seven times three factorial.,minus x to the seventh over seven times three factorial.,$-\frac{x^{7}}{7}3!$
z of t minus two equals minus three t,$z(t-2)=-3t$,https://www.youtube.com/watch?v=57jzPlxf4fk,z of t minus 2 equals minus 3t.,z of t minus two equals minus three t.,$z(t-2)=-3t$
minus one plus two t,$\displaystyle -1+2t$,https://www.youtube.com/watch?v=57jzPlxf4fk,minus 1 plus 2t.,minus 1 plus 2t.,$\displaystyle-1+2t$
x plus two y plus four z equals seven,$x+2y+4z=7$,https://www.youtube.com/watch?v=57jzPlxf4fk,x plus 2y plus 4z equals 7.,x plus 2y plus 4z equals 7.,$x+2y+4z=7$
x of t plus twice y of t plus four z of t,$x(t)+2y(t)+4z(t)$,https://www.youtube.com/watch?v=57jzPlxf4fk,x of t plus twice y of t plus 4 z of t.,y of t plus four z of t.,"$(y(t)+4,z(t))$"
minus one plus two t plus twice two plus t plus four times two minus three t,$-1+2t+2(2+t)+4(2-3t)$,https://www.youtube.com/watch?v=57jzPlxf4fk,minus 1 plus 2t plus twice 2 plus t plus 4 times 2 minus 3t.,minus one plus 2t plus twice 2t plus four times 2 minus 3t.,$-1+2t+2\mathrm{i}\mathrm{is}(2t+4)(2-3t)$
 minus 8t plus 11 equals 7,$-8t+11=7$,https://www.youtube.com/watch?v=57jzPlxf4fk,minus 8t plus 11 equals 7.,minus 8t plus 11 equals 7.,$-8t+11=7$
 minus one plus two t will be zero,$-1+2t=0\operatorname{}$,https://www.youtube.com/watch?v=57jzPlxf4fk,minus 1 plus 2t will be 0.,Minus one plus 2t will be zero.,$-(1+2t)\mathrm{WHB}_{0}$
a minus a cosine theta,$a-a\cos\theta$,https://www.youtube.com/watch?v=57jzPlxf4fk,A minus A cosine theta.,A minus A cosine theta.,"$a\,-\,a\,\cos\theta$"
x of theta is theta minus sine theta,$x(\theta)=\theta-\sin\theta$,https://www.youtube.com/watch?v=57jzPlxf4fk,X of theta is theta minus sine theta.,x of theta is theta minus sine theta.,$x(\theta)\sin\theta-\sin\theta$
t squared over two ,$\frac{t^{2}}{2}$,https://www.youtube.com/watch?v=57jzPlxf4fk,t square over 2.,t squared over two.,$\frac{t^{2}}{2}$
theta minus theta cubed over six,$\theta-\frac{\theta-\theta^{3}}{6}$,https://www.youtube.com/watch?v=57jzPlxf4fk,theta minus theta minus theta cubed over 6.,theta minus theta minus theta cubed over six.,$\theta-\theta-\frac{\theta^{3}}{6}$
 t minus sine t,$t-\sin t$,https://www.youtube.com/watch?v=0D4BbCa4gHo,T minus sine T.,t minus sine t.,$t-\sint$
square root of one minus cosine t squared plus sine squared t,$\sqrt{1-\cos^{2}t+\sin^{2}t}$,https://www.youtube.com/watch?v=0D4BbCa4gHo,squared plus sine squared t.,square root of one minus cosine t squared plus sine square t.,$\sqrt{(1-\cost)^{2}+\sin^{2}t}$
 square root of one minus two cosine t plus cosine squared t plus sine squared t,$\displaystyle \sqrt{1-2\cos t+\cos^{2}t+\sin^{2}t}$,https://www.youtube.com/watch?v=0D4BbCa4gHo,squared root of 1 minus 2 cosine t plus cosine square t plus sine square t.,square root of one minus two cosine t plus cosine square t plus sine square t.,$\displaystyle\sqrt{1-2\cost+\cos^{2}t+\sin^{2}t}$
square root of two minus two cosine t,$\sqrt{2-2\cos t}$,https://www.youtube.com/watch?v=0D4BbCa4gHo,square root of 2 minus 2 cosine t.,root of 2 minus 2 cosine t.,$root(2-2\cost)$
F equals ma,$\mathcal{F}=\mathcal{ma}$,https://www.youtube.com/watch?v=0D4BbCa4gHo,F equals MA.,F equals ma.,$\mathcal{F}=\mathcal{MV}$
 v divided by magnitude of v,$v/||v||$,https://www.youtube.com/watch?v=0D4BbCa4gHo,V divided by magnitude of V.,V divided by magnitude of V.,$v/||v||$
 uv prime equals u prime v plus u v prime ,$(uv)^{\prime}=u^{\prime}v+uv^{\prime}$,https://www.youtube.com/watch?v=0D4BbCa4gHo,uv prime equals u prime v plus uv prime.,uv prime equals u prime v plus uv prime.,$uv^{\prime}=u^{\prime}v+uv^{\prime}$
dr dt cross v plus r cross dv dt,$\displaystyle\frac{d\mathbf{r}}{dt}\times\mathbf{v}+\mathbf{r}\times\frac{d\mathbf{v}}{dt}$,https://www.youtube.com/watch?v=0D4BbCa4gHo,dR dT cross V plus R cross dV dT.,dR dt cross v plus R cross dv dt.,$\displaystyle\frac{d\mathbf{r}}{dt}\times\mathbf{v}+\mathbf{r}\times\frac{d%\mathbf{v}}{dt}$
determinant of A is not zero,$\det(A)\neq0$,https://www.youtube.com/watch?v=U1EcnfTKXJ0,The determinant of A is not zero.,determinant of A is not zero.,$\det(A)\neq0$
 x plus 3y plus z equals zero,$x+3y+z=0.$,https://www.youtube.com/watch?v=U1EcnfTKXJ0,x plus free y plus z equals zero.,x plus free y plus z equals zero.,$x+3y+z=0.$
 x plus y equals zero,$x+y=0$,https://www.youtube.com/watch?v=U1EcnfTKXJ0,x plus y equals 0.,x plus y equals zero.,$x\oplusy=0$
 minus 2x minus z will be x plus 3y plus z,$-2x-z\operatorname{=}x+3y+z$,https://www.youtube.com/watch?v=U1EcnfTKXJ0,minus 2x minus z will be x plus 3y plus z.,2x minus z will be x plus free y plus z.,"$(2x-z,\mubx+3y+z)$"
x plus y plus two z,$\displaystyle x+y+2z$,https://www.youtube.com/watch?v=U1EcnfTKXJ0,x plus y plus 2z.,x plus y plus 2z.,$\displaystylex+y+2z$
dr dt dot r plus r dot dr dt,$\frac{dr}{dt}\cdot r+r\cdot\frac{dr}{dt}$,https://www.youtube.com/watch?v=U1EcnfTKXJ0,dR dt dot 1 plus 1 dot dR dt.,dr dt dot r plus r dot dr dt.,"$\displaystyle\mathrm{d}r\,\mathrm{d}t\cdotR+R\cdot\mathrm{d}r\,\mathrm{d}t$"
r dot v is zero,$\displaystyle \mathbf{r}\cdot\mathbf{v}=0$,https://www.youtube.com/watch?v=U1EcnfTKXJ0,r dot v is 0.,r dot v is zero.,$\displaystyle\mathbf{r}\cdot\mathbf{v}\sim0$
r is perpendicular to v,$\displaystyle \textbf{r}\operatorname{\perp} \mathcal{v}$,https://www.youtube.com/watch?v=U1EcnfTKXJ0,I hope it doesn't go down that clearly.,"So, R is perpendicular to v.",$X\oplusr\perpV$
dr dt is v dot v plus r dot dv dt is going to be zero,$ \frac{dr}{dt}=v{{\cdot}}v+r\cdot\frac{dv}{dt}=0$,https://www.youtube.com/watch?v=U1EcnfTKXJ0,dR dt is v dot v plus R dot dV dt is going to be 0.,The r dt is v dot v plus r dot dv dt is going to be zero.,$\mathcal{R}\mathcal{D}^{t}\mathcal{D}^{v}\cdotv+\mathcal{R}\cdot\mathcal{D}^{v}%\mathcal{D}^{t}\rightarrow\mathcal{B}_{0}$
 f of x y equals one over x plus y,"$f(x,y)=\frac{1}{x+y}$",https://www.youtube.com/watch?v=dK3NEf13nPc,f of xy equals one of our x plus y.,"f of x, y equals one over x plus y.","$f(x,y)=\frac{1}{x+y}$"
z equals f of x y,"${z}=f(x,y)$",https://www.youtube.com/watch?v=dK3NEf13nPc,Let's say z equals f of xy.,"Let's say z equals f of x, y.","$\@vec{z}=f(x,y)$"
"f of x, y equals one minus x squared minus y squared","$f(x,y)=1-x^{2}-y^{2}$",https://www.youtube.com/watch?v=dK3NEf13nPc,f of xy equals 1 minus x squared minus y squared.,"f of x, y equals 1 minus x squared minus y squared.","$f(x,y)=1-x^{2}-y^{2}$"
z equals one minus x squared minus y squared,$z=1-x^{2}-y^{2}$,https://www.youtube.com/watch?v=dK3NEf13nPc,z equals 1 minus x square minus y square,z equals 1 minus x squared minus y squared.,$z=1-x^{2}-y^{2}$
f of x y equals minus y,"$f(x,y)=-y$",https://www.youtube.com/watch?v=dK3NEf13nPc,f of xy equals minus y.,"F of x, y equals minus y.","$f(x,y)=a-y$"
x squared plus y squared equals zero,$x^{2}+y^{2}=0$,https://www.youtube.com/watch?v=dK3NEf13nPc,x squared plus y squared equals zero.,x squared plus y squared equals zero.,$x^{2}+y^{2}=0$
f prime at x0 times delta x,$f^{\prime}(x_{0})\times\Delta x$,https://www.youtube.com/watch?v=dK3NEf13nPc,of f prime at x 0 times delta x y.,f prime at x0 times delta x.,$f^{\prime}@X_{0}\times\DeltaX$
x0 plus h,$\mathcal{x}_{0}+h$,https://www.youtube.com/watch?v=dK3NEf13nPc,x is 0 plus h.,X zero plus H.,$\mathcal{X}_{0}+h$
 z0 plus a times x minus x0 plus b times y minus y0,$z_0+a(x-x_0)+b(y-y_0)$,https://www.youtube.com/watch?v=UYe98CcxPbs,z0 plus a times x minus x0 plus b times y minus y0.,z0 plus a times x minus x0 plus b times y minus y0.,$\displaystylez_{0}+Ax-x_{0}+By-y_{0}$
 x squared minus 2xy,$x^{2}-2xy$,https://www.youtube.com/watch?v=UYe98CcxPbs,x square minus 2xy.,x squared minus 2xy.,$x^{2}-2xy$
 x minus y squared,$(x -y^{2})$,https://www.youtube.com/watch?v=UYe98CcxPbs,x minus y squared.,x minus y squared.,$(x-y)^{2}$
2x minus 2y,$\displaystyle 2x-2y$,https://www.youtube.com/watch?v=UYe98CcxPbs,2x minus 2y,2x minus 2y.,$\displaystyle2x-2y$
 twice x minus y,$2\mathrm{(x - y)}$,https://www.youtube.com/watch?v=UYe98CcxPbs,twice x minus y.,,$|\mathbf{x}-\mathbf{y}|$
 x minus y plus one squared,$(x-y+1)^{2}$,https://www.youtube.com/watch?v=UYe98CcxPbs,x minus y plus 1 squared.,x minus y plus one squared.,$(x-y+1)^{2}$
axi plus b,$\mathtt{ax_i+b}$,https://www.youtube.com/watch?v=UYe98CcxPbs,AXI plus B.,a xi plus b.,$\displaystyle\mathbf{Axi}+\mathbf{b}$
 yi minus axi,$y_{i}-ax_{i}$ ,https://www.youtube.com/watch?v=UYe98CcxPbs,Why I minus AXI?,y i minus a x i,"$(Y^{i}-A,X^{i})$"
xi squared times a plus xi times b ,$x_i^2\times a+x_i\times b$,https://www.youtube.com/watch?v=UYe98CcxPbs,x i squared times a plus x i times b.,xi squared times a plus xi times b.,$\xi^{2}a+\xib$
sum of xi yi,$\mathsf{\sum_{i}(x_{i} y_{i})}$,https://www.youtube.com/watch?v=UYe98CcxPbs,"Some of x, i, y, i, u.","sum of xi, yi.","$\mathsf{Some(x^{i},y^{i})}$"
 y equals a constant times exponential of a times x,$y=\text{c}\exp(ax)$,https://www.youtube.com/watch?v=UYe98CcxPbs,Y equals constant times exponential of A times X.,equals a constant times exponential of a times x.,$\displaystyle=\text{const.}\exp(ax)$
a x squared plus b x plus c,$ax^{2}+bx+c$,https://www.youtube.com/watch?v=UYe98CcxPbs,x squared plus bx plus c.,a x squared plus b x plus c.,$ax^{2}+bx+c$
a x squared plus b xy plus c y squared,$ay^{2}+bxy+cy^{2}$,https://www.youtube.com/watch?v=3_goGnJm5sA,A x squared plus b xy plus cy squared.,a x squared plus b x y plus c y squared.,$ax^{2}+bxy+cy^{2}$
x squared plus 2xy,$x^{2}+2xy$,https://www.youtube.com/watch?v=3_goGnJm5sA,x squared plus 2 x y.,x squared plus 2xy.,$x^{2}+2xy$
a times x squared plus b over a xy,$a(x^{2}+\frac{b}{a}xy)$,https://www.youtube.com/watch?v=3_goGnJm5sA,A times x squared plus B over A x y.,"a times x squared plus b over a x, y.","$ax^{2}+\frac{b}{a},x,y$"
b squared over 4a y squared,$\frac{b^2}{4a}y^{2}$,https://www.youtube.com/watch?v=3_goGnJm5sA,This square over 4A y squared.,b squared over 4a y squared.,$\frac{b^{2}}{4a}y^{2}$
a times x squared plus a times 2xb over 2ay,$ax^{2}+a\frac{2xb}{2ay}$,https://www.youtube.com/watch?v=3_goGnJm5sA,A times x squared plus A times 2x be over 2y.,a times x squared plus a times 2x b over 2ay.,"$(ax^{2}+a2x,\frac{b}{2a},y)$"
b squared over 4 a squared y squared plus cy squared minus b squared over 4 a y squared,$\displaystyle \frac{b^{2}}{4a^{2}}y^{2}+cy^{2}-\frac{b^{2}}{4a}y^{2}$,https://www.youtube.com/watch?v=3_goGnJm5sA,squared over 4a squared y squared plus c y squared minus b squared over 4a y squared.,b squared over 4a squared y squared plus c y squared minus b over 4a y squared.,$\displaystyle\frac{b^{2}}{4a}\sqrt{2}y^{2}+cy^{2}-\frac{b}{4a}y^{2}$
one over four a,$\frac{1}{4a}$,https://www.youtube.com/watch?v=3_goGnJm5sA,one over 4a,1 over 4a.,$\frac{1}{4a}$
four ac minus b squared y squared,$4ac-b^{2}y^{2}$,https://www.youtube.com/watch?v=3_goGnJm5sA,for AC minus B squared Y squared.,4ac minus b squared y squared.,$4ac-b^{2}y^{2}$
u equals x plus b over two ay,$u =x+\frac{b}{2a}y$ ,https://www.youtube.com/watch?v=3_goGnJm5sA,u equals x plus b over 2a y.,u equals x plus b over 2ay.,$u=x+\frac{b}{2a}y$
four a c minus b squared equals zero,$4ac-b^{2}=0$,https://www.youtube.com/watch?v=3_goGnJm5sA,4 AC minus B squared equals 0.,4ac minus b squared equals zero.,$4ac-b^{2}=0$
 f of x equals x to the five,$f(x)=x^{5}$,https://www.youtube.com/watch?v=3_goGnJm5sA,f of x equals x to the 5.,f of x equals x to the five.,$f(x)=x^{5}$
 a times x plus b over 2a times y squared,$\displaystyle a(x+\frac{b}{2a}y)^{2}$,https://www.youtube.com/watch?v=3_goGnJm5sA,A times x plus v over 2a times y squared.,a times x plus b over 2a times y squared.,$ax+\frac{b}{2a}y^{2}$
y squared times a times x over y squared,$y^{2}a(x/y)^{2}$,https://www.youtube.com/watch?v=3_goGnJm5sA,1 squared times a times x of y squared.,y squared times a times x over y squared.,$y^{2}ax/y^{2}$
a t squared plus b t plus c,$at^{2}+bt+c$,https://www.youtube.com/watch?v=3_goGnJm5sA,A t square plus b t plus c.,at squared plus bt plus c.,$aT^{2}+bT+c$
ax over y squared plus bx over y plus c,$a(x/y)^{2}+b(x/y)+c$ ,https://www.youtube.com/watch?v=3_goGnJm5sA,A x over y squared plus b x over y plus c.,a x over y squared plus b x over y plus c.,$ax/y^{2}+bx/y+c$
w sub y is bx plus 2cy,$w_y=bx+{2}cy$,https://www.youtube.com/watch?v=3_goGnJm5sA,W sub y is bx plus 2Cy.,W sub y is bx plus 2cy.,$W_{y}:=bx+2cy$
 x minus x zero squared,$(x-x_{0})^{2}$,https://www.youtube.com/watch?v=3_goGnJm5sA,x minus x zero squared.,x minus x zero squared.,$(x-x_{0})^{2}$
f sub xy times change in x times change in y plus one half of fyy times y minus y0 squared,$\displaystyle f_{xy}\cdot\Delta x\cdot\Delta y+\frac{1}{2}f_{yy}(y-y_{0})^{2}$,https://www.youtube.com/watch?v=3_goGnJm5sA,xy times changing x times changing y plus 1 half of fyy times y minus y0 squared.,"f sub x, y times change in x times change in y plus one half of f y, y times y minus y0 squared.","$\displaystylef_{x,y}\cdot\Deltax\cdot\Deltay+\frac{1}{2}(f_{y,y}\cdot(y-y_{%0}))^{2}$"
 f of x y equals x plus y plus 1 over xy,"$f(x,y)=x+y+\frac{1}{xy}$",https://www.youtube.com/watch?v=3_goGnJm5sA,f of xy equals x plus y plus one other xy.,"F of x, y equals x y 1 over x y.","$f(x,y)=xy\frac{1}{xy}$"
two over x cubed y,$\operatorname{\frac{2}{(x^{3}y)}}$,https://www.youtube.com/watch?v=3_goGnJm5sA,2 over x cubed y.,2 over x cubed y.,$\frac{2}{x^{3}y}$
 two over xy cubed,$\frac{2}{xy^{3}}$,https://www.youtube.com/watch?v=3_goGnJm5sA,2 over xy cubed.,over xy cubed.,$O(xy^{3})$
dy equals f prime of x times dx,$dy=f^{\prime}(x)dx$,https://www.youtube.com/watch?v=7eZVshlT33Q,d y equals f prime of x times dx.,dy equals f prime of x times dx.,$dy=f^{\prime}(x)dx$
dy over dx is going to be one over cosine y,$\mathrm{\frac{\mathrm{d}y}{dx}}\rightarrow\frac{1}{\cos y}$,https://www.youtube.com/watch?v=7eZVshlT33Q,over dx is going to be one over cosine y.,dy over dx is going to be one over cosine y.,$\frac{dy}{dx}\rightarrow\frac{b_{1}}{\cosy}$
one over square root of one minus x squared,$\frac{1}{\sqrt{(1-x^{2})}}$,https://www.youtube.com/watch?v=7eZVshlT33Q,one of the square root of one minus x squared.,one over square root of one minus x squared.,$1/\sqrt{1-x^{2}}$
df equals f sub x dx plus f sub y dy plus f sub z dz,$df=f_{x}dx+f_{y}dy+f_{z}dz$,https://www.youtube.com/watch?v=7eZVshlT33Q,df equals f sub x dx plus f sub y dy plus f sub z dz.,Df equals fx dx plus fy dy plus fz dz.,$dF=Fxdx+Fydy+Fzdz$
partial f partial x dx plus partial f partial y dy plus partial f over partial z dz,$\displaystyle \frac{\partial f}{\partial x}dx+\frac{\partial f}{\partial y}dy+\frac{\partial f}{\partial z}dz$,https://www.youtube.com/watch?v=7eZVshlT33Q,partial f partial x dx plus partial f partial y dy plus partial f partial f partial z dz.,"partial f, partial x dx plus partial f, partial y dy plus partial f over partial z dz.",$\displaystyle\frac{\partialf}{\partialx}dx+\frac{\partialf}{\partialy}dy+%\frac{\partialf}{\partialz}dz$
delta y plus fz delta z ,$\displaystyle \Delta y+f(z)\Delta z$,https://www.youtube.com/watch?v=7eZVshlT33Q,delta y plus f z delta z.,delta y plus fz delta z.,$\displaystyle\Deltay+Fz\Deltaz$
df dt equals f sub x dx dt plus f sub y dy dt plus f sub z dz dt,$\frac{df}{dt}=f_{x}\frac{dx}{dt}+f_{y}\frac{dy}{dt}+f_{z}\frac{dz}{dt}$ ,https://www.youtube.com/watch?v=7eZVshlT33Q,dF dt equals f sub x dX dt plus f sub y dT plus f sub z dZ dt,df dt equals f sub x dx dt plus f sub y dy dt plus f sub z dz dt.,$dFdt=F_{x}dxdt+F_{y}dydt+F_{z}dzdt$
df is f sub x dx plus f sub y dy plus f sub z dz,$\displaystyle df = f_{x}dx+f_{y}dy+f_{z}dz$,https://www.youtube.com/watch?v=7eZVshlT33Q,df is f sub x dx plus f sub y dy plus f sub z dz.,Df is f sub x dx plus f sub y dy plus f sub z dz.,"$\displaystyledf\,dx+f_{y}\,dy+f_{z}\,dz$"
 f sub x times x prime of t dt,$f_{x}x^{\prime}(t)dt$,https://www.youtube.com/watch?v=7eZVshlT33Q,f sub x times x prime of t dt.,f sub x times x prime of t dt.,$f_{xx^{\prime}}(t)dt$
f sub z z prime of t dt,$f_{z}z^{\prime}(t)dt$,https://www.youtube.com/watch?v=7eZVshlT33Q,"f sub z, z prime of t dt.",f sub z z prime of t dt.,$f_{zz^{\prime}}(t)dt$
 x squared y plus z,$\mathsf{x}^{2}y+z$,https://www.youtube.com/watch?v=7eZVshlT33Q,That's x squared y plus z.,That's x squared y plus z.,$\mathsf{x}^{2}y+z$
w sub y is x squared times dy dt,$w_{y}={x}^2\frac{dy}{dt}$,https://www.youtube.com/watch?v=7eZVshlT33Q,W sub y is x squared times dy dt.,W sub y is x squared times dy dt.,"$w_{y,x}^{2}dydt$"
2t e to the t plus t squared e to the t plus cosine t,$2te^{t}+t^{2}e^{t}+\cos t$,https://www.youtube.com/watch?v=7eZVshlT33Q,2t e to the t plus t square e to the t plus cosine t.,2t e to the t plus t square e to the t plus cosine t.,$2te^{t}+t^{2}e^{t}+\cost$
derivative of t squared is 2t ,$\displaystyle \frac{d}{dt}t^{2}=2 t$,https://www.youtube.com/watch?v=7eZVshlT33Q,derivative of T square is 2T.,Derivative of t squared is 2t.,$\displaystyle\frac{d}{dt^{2}}\tot$
t squared times the derivative of e to the t ,$\displaystyle t^{2}\cdot \frac{d}{dt}{e}^{t}$,https://www.youtube.com/watch?v=7eZVshlT33Q,t squared times the derivative of e to the t.,t squared times the derivative of e to the t.,$t^{2}\dot{e}^{t}$
one over v times du dt ,$\displaystyle \frac{1}{v}\frac{du}{dt}$ ,https://www.youtube.com/watch?v=7eZVshlT33Q,1 over V times d U d t.,1 over v times du dt.,$\displaystyle\frac{1}{v}\frac{du}{dt}$
 minus u over v squared times dv dt,$-\frac{u}{v^{2}}\frac{dv}{dt}$,https://www.youtube.com/watch?v=7eZVshlT33Q,minus u over this squared times VVDT.,minus u over v squared times dv by dt.,$\displaystyle-\frac{u}{v^{2}}\frac{dv}{dt}$
x sub u times du plus x sub v times dv,$x_{u}du+x_{v}dv$,https://www.youtube.com/watch?v=7eZVshlT33Q,x sub u times du plus x sub v times dv.,x sub u times du plus x sub v times dv.,$x_{u}du+x_{v}dv$
 dy is y sub u du plus y sub v dv,"$\displaystyle \mathrm{d}y\,\ =y_u \mathrm{d}u + y_{v}\,\mathrm{d}v$",https://www.youtube.com/watch?v=7eZVshlT33Q,"d y is y sub u, d u plus y sub v, d v.",dy is y sub u du plus y sub v dv.,$\displaystyledydy_{u}du+y_{v}dv$
 f sub x times x sub u plus f sub y times y sub u ,$\displaystyle f_{x}x_{u}+f_{y}y_{u}$,https://www.youtube.com/watch?v=7eZVshlT33Q,f sub x times x sub u plus f sub y times y sub u.,f sub x times x sub u plus f sub y times y sub u.,$\displaystyleF_{x}x_{u}+F_{y}y_{u}$
 f sub x times cosine theta plus f sub y times sine theta,$f_{x}\cdot\cos \theta+f_{y}\cdot\sin \theta$,https://www.youtube.com/watch?v=7eZVshlT33Q,f sub x times cosine theta plus f sub y times sine theta. And you can...,f sub x times cosine theta plus f sub y times sine theta.,$F_{x}\cdot\cos\theta+F_{y}\cdot\sin\theta$
a one x plus a two y plus a three z equals c,$a_1x+a_2y+a_3z=c$,https://www.youtube.com/watch?v=2XraaWefBd8,A1x plus A2y plus FBZ equals C.,a1x a2y a phased z equals c.,"$(A,1,x,A,2,y,A,\theta,z)=c$"
x squared plus y squared minus z squared equals four ,$x^{2}+y^{2}-z^{2}=4$,https://www.youtube.com/watch?v=2XraaWefBd8,x squared plus y squared minus z squared equals 4.,x squared plus y squared minus z squared equals four.,$x^{2}+y^{2}-z^{2}=4$
4x plus 2y minus 2z,$4x+2y-2z$,https://www.youtube.com/watch?v=2XraaWefBd8,4x plus 2y minus 2z.,4x plus 2y minus 2z.,$4x+2y-2z$
two delta y minus two delta z equals zero,$2\Delta y-2\Delta z= $,https://www.youtube.com/watch?v=2XraaWefBd8,2 delta y minus 2 delta z equals 0.,2 delta y minus 2 delta z equals 0.,$2\deltay-2\deltaz=0$
x minus two,$\displaystyle x-2$,https://www.youtube.com/watch?v=2XraaWefBd8,X minus 2.,x minus 2,$\displaystylex-2$
two times y minus one minus two times z minus one equals zero,$2(y-1)-2(z-1)=0$,https://www.youtube.com/watch?v=2XraaWefBd8,2 times y minus 1 minus 2 times z minus 1 equals 0.,2 times y minus 1 minus 2 times z minus 1 equals 0.,$2y-1-2z-1=0$
 y of s equals y0 plus b times s,$y(s)=y_{0}+bs$,https://www.youtube.com/watch?v=2XraaWefBd8,y of s equals y0 plus b times s.,y of s equals y0 plus b times s.,$y(s)=y_{0}+bs$
gradient w dot u,$\nabla w \cdot \mathbf{u}$,https://www.youtube.com/watch?v=2XraaWefBd8,"Everyone, get up.",.,"$\,\cdot\,$"
PV equals nRT,$\mathrm{PV}=\mathrm{nRT}$,https://www.youtube.com/watch?v=15HVevXRsBA,PV equals enough T.,PV equals n of t.,$\mathbb{P}V=N(t)$
square root of x squared plus y squared,$\sqrt{x^{2}+y^{2}}$,https://www.youtube.com/watch?v=15HVevXRsBA,square root of x square plus y square.,square root of x squared plus y squared.,$\sqrt{x^{2}+y^{2}}$
f sub z equals lambda g sub z,$f_{z}=\lambda g_{z}$,https://www.youtube.com/watch?v=15HVevXRsBA,f sub z equals lambda g sub z.,fz equals lambda gz.,$Fz=\lambdaGz$
f sub y equals lambda g sub y,$f_{y}=\lambda g_{y}$,https://www.youtube.com/watch?v=15HVevXRsBA,f sub y equals lambda g sub y,F sub y equals lambda g sub y.,$f_{y}=\lambdag_{y}$
f sub y is 2y ,$f_{y}=2{y}$,https://www.youtube.com/watch?v=15HVevXRsBA,So F sub Y is 2 Y.,"So, f sub y is 2y.","$\psi:\mathcal{F}_{Y,\mathfrak{s}}\toY$"
g sub y is x,$g_{y}=x$,https://www.youtube.com/watch?v=15HVevXRsBA,G sub y is x.,g sub y is x.,$G_{y\astx}$
g equals c,$g = c$,https://www.youtube.com/watch?v=15HVevXRsBA,JC,J equals C.,$\mathcal{J}=\mathcal{C}$
x squared plus nine over x squared,$x^{2}+\frac{9}{x^{2}}$,https://www.youtube.com/watch?v=15HVevXRsBA,x squared plus 9 of l x squared.,x squared plus nine over x squared.,$x^{2}+\frac{9}{x^{2}}$
2x minus lambda y equals zero,$2x-\lambda y=0$,https://www.youtube.com/watch?v=15HVevXRsBA,2x minus lambda y equals 0.,2x minus lambda y equals zero.,$2x-\lambday=0$
lambda minus two times xy equals zero,$\lambda-2xy=0$,https://www.youtube.com/watch?v=15HVevXRsBA,lambda minus 2 times xy equals 0.,"lambda minus two times x, y equals zero.","$\lambda-2(x,y)=0$"
negative four plus lambda squared,$-4+\lambda^{2}$,https://www.youtube.com/watch?v=15HVevXRsBA,negative 4 plus lambda squared,negative four plus lambda squared.,$-4+\lambda^{2}$
lambda squared equals four,$\lambda^{2}=4$,https://www.youtube.com/watch?v=15HVevXRsBA,Nam dash squared equals four.,lambda squared equals four.,$\lambda^{2}=4$
lambda is plus or minus two,$\lambda=\pm2$,https://www.youtube.com/watch?v=15HVevXRsBA,lambda is plus or minus 2.,lambda is plus or minus two.,$\lambda\sim\pm2$
 x squared equals three,$\displaystyle x^{2}=3$,https://www.youtube.com/watch?v=15HVevXRsBA,x squared equals 3.,x squared equals three.,$\displaystylex^{2}=3$
one half of a1u1 ,$\frac{1}{2}a_1u_1$,https://www.youtube.com/watch?v=15HVevXRsBA,one half of A1 U1,1 half of a 1 u 1.,"$\frac{1}{2}(a_{1},u_{1})$"
partial f over partial u one,$\partial f \over \partial u_{1}$,https://www.youtube.com/watch?v=15HVevXRsBA,Tarshal F and Tarshal U1.,Partial F over partial u1.,$\partialf/\partialu_{1}$
2x dx ,"$2x, \mathrm{d}x$",https://www.youtube.com/watch?v=23xbkrpQuAo,2x dx,2x dx.,"$(2x,\mathrm{d}x)$"
x equals two,$\mathcal{x}=2$,https://www.youtube.com/watch?v=23xbkrpQuAo,x equals 2,x equals 2.,$\mathcal{X}=2$
y plus 3z squared,$y+3z^{2}$,https://www.youtube.com/watch?v=23xbkrpQuAo,Yale Newton u2-2.,y plus phrasie squared.,$y+4z^{2}$
dz equals minus one over six times four dx plus dy,$dz=-\frac{1}{6}(4dx+dy)$,https://www.youtube.com/watch?v=23xbkrpQuAo,dz equals minus 1 over 6 times 4 dx plus dy.,d z equals minus one over six times four dx plus dy.,$dz=d-\frac{1}{6}(4dx+dy)$
partial z over partial x is minus four over six,$\displaystyle \frac{\partial z}{\partial x} = -\frac{4}{6}$,https://www.youtube.com/watch?v=23xbkrpQuAo,partial z of a partial x is minus 4 over 6.,Partial z over partial x is minus 4 over 6.,$\displaystyle\frac{\partialz}{\partialx}-\frac{4}{6}$
dz equals minus four sixth dx,$dz=-4x^{6}dx$,https://www.youtube.com/watch?v=23xbkrpQuAo,dc equals minus 4.6 dx.,d z equals minus 4.6 dx.,$dz=-4.6dx$
partial z over partial x is minus gx over gz,$\frac{\partial z}{\partial x} = -\frac{{g}_{x}}{{g}_{z}}$,https://www.youtube.com/watch?v=23xbkrpQuAo,x is minus g x over g z.,partial z over partial x is minus gx over gz.,$\displaystyle\frac{\partialz}{\partialx}-\frac{gx}{gz}$
b is a over cosine theta,$\displaystyle \mathcal{b} = \frac{a}{\cos\theta}$,https://www.youtube.com/watch?v=23xbkrpQuAo,B is A of a cosine theta.,B is A over cosine theta.,$b\sqsubseteq\cos\theta$
one half of a squared tangent theta,$\frac{1}{2}a^{2}\tan\theta$,https://www.youtube.com/watch?v=23xbkrpQuAo,1 half of a square tangent theta.,1.5 of a square tangent theta.,$1.5A^{2}\tan\theta$
zero equals dA equals cosine theta dB minus B sine theta d theta,$0=dA=\cos\theta dB-B\sin\theta d\theta$,https://www.youtube.com/watch?v=23xbkrpQuAo,0 equals dA equals cosine theta dB minus B sine theta d theta.,zero equals dA equals cosine theta dB minus b sine theta d theta.,$0=dA=\cos\thetadB-B\sin\thetad\theta$
 a equals one half ab sine theta,$A=\frac{1}{2}ab\sin\theta$,https://www.youtube.com/watch?v=23xbkrpQuAo,is a equals 1 half AB sine theta.,is a equals one-half a b sine theta.,$\hat{A}=\frac{1}{2}ab\sin\theta$
one half of ab times sine theta times tangent theta plus cosine theta d theta.,"$\displaystyle \frac{1}{2}ab\sin \theta\tan \theta+\cos \theta\, d\theta$",https://www.youtube.com/watch?v=23xbkrpQuAo,"1 half of a, b times sine theta times tangent theta plus cosine theta d theta.",one-half of ab times sine theta times tangent theta plus cosine theta d theta.,$\displaystyle\frac{1}{2}ab(\sin\theta\tan\theta+\cos\theta)d\theta$
dg is g sub x dx plus g sub y dy plus g sub z dz,$dg =g_{x}dx+g_{y}dy+g_{z}dz$,https://www.youtube.com/watch?v=ChiM2-MV-qM,d3 is g sub x dx plus g sub y dy plus g sub z dz.,dG is g sub x dx plus g sub y dy plus g sub z dz.,$\displaystyledg\is\g_{x}dx+g_{y}dy+g_{z}dz$
 minus fx gz over gx plus fz,$-f_x\frac{gz}{gx}+fz$,https://www.youtube.com/watch?v=ChiM2-MV-qM,minus f x g z over g x plus f z.,minus fx gz over gx plus fz.,$\displaystyle-fx\frac{gz}{gx+fz}$
"minus g sub z over g sub x, plus partial f over partial z",$-\frac{g_{z}}{g_{x}}+\frac{\partial f}{\partial z}$,https://www.youtube.com/watch?v=ChiM2-MV-qM,"minus g sub z, or minus g sub x plus partial f, or partial z.",minus gz over gx plus partial f over partial z.,$-gz/gx+\partialf/\partialz$
gradient F dot product with u,$\nabla F\cdot\mathbf{u}$,https://www.youtube.com/watch?v=ChiM2-MV-qM,The gradient f dot product with you.,The gradient f dot product with u.,$\nablaf\cdot\mathbf{u}$
 partial h partial y is less than zero,$\partial h/\partial y<0$,https://www.youtube.com/watch?v=ChiM2-MV-qM,The partial H partial Y is less than 0.,"Partial h, partial y is less than zero.",$\partialH/\partialy<0$
the integral of x squared is x squared times y,$\int x^{2}dx = x^{2}y$,https://www.youtube.com/watch?v=YP_B0AapU0c,The integral of x squared is x squared times y.,The integral of x squared is x squared times y.,$\intx^{2}x^{2}y$
the integral of y squared is y cubed over three,$\int y^{2}dy=\frac{y^{3}}{3}$,https://www.youtube.com/watch?v=YP_B0AapU0c,The integral of y squared is y cubed over 3.,The integral of y squared is y cubed over three.,$\inty^{2}\frac{y^{3}}{3}$
one minus x squared minus one-third ,$1-x^{2}-\frac{1}{3}$,https://www.youtube.com/watch?v=YP_B0AapU0c,1 minus x squared minus 1 third.,1 minus x squared minus one-third.,$1-x^{2}-\frac{1}{3}$
two thirds x minus one-third x cubed ,$\frac{2}{3}x-\frac{1}{3}x^{3}$,https://www.youtube.com/watch?v=YP_B0AapU0c,2.3x minus 1.3x cubed.,2 3rd x minus 1 3rd x cubed.,$\frac{2}{3}x-\frac{1}{3}x^{3}$
y is square root of one minus x squared,$y=\sqrt{1-x^{2}}$,https://www.youtube.com/watch?v=YP_B0AapU0c,y is square root of 1 minus x squared.,y is square root of one minus x squared.,$y\sqrt{1-x^{2}}$
y minus x squared y minus y cubed over three ,$y-x^{2}y-\frac{y^{3}}{3}$,https://www.youtube.com/watch?v=YP_B0AapU0c,y minus x squared y minus y cubed of r3.,y minus x squared y minus y cubed over three.,$y-x^{2}y-y^{3}/3$
 root of one minus x squared minus x squared root of one minus x squared minus y minus x squared to the three halves over three,$\displaystyle \sqrt{1-x^{2}}-x^{2}\sqrt{1 - x^{2}}-\frac{(1-x^{2})^\frac{3}{2}}{3}$,https://www.youtube.com/watch?v=YP_B0AapU0c,"of 1 minus x squared minus x squared, root of 1 minus x squared minus 1 minus x squared to the three halves of a three.",root of one minus x squared minus x squared root of one minus x squared minus one minus x squared to the three halves over three.,$\displaystyle\sqrt{(1-x)^{2}-x\sqrt{(1-x)^{2}-\frac{(1-x)^{2}}{3}}}$
square root of one minus x squared will be cosine theta,$\sqrt{1-x^{2}}=\cos\theta$,https://www.youtube.com/watch?v=YP_B0AapU0c,square root of 1 minus x squared will be cosine theta.,square root of one minus x squared will be cosine theta.,$\sqrt{1-x^{2}}\wpb\cos\theta$
x squared to a three halves,$x^{3/2}$ ,https://www.youtube.com/watch?v=YP_B0AapU0c,x squared to the three halves.,x squared to the 3 halves.,$x^{2^{3/2}}$
 two thirds times the integral from zero to pi over two of cosine to the four theta d theta,$\displaystyle \frac{2}{3}\int_{0}^{\pi/2}\cos^{4}\theta d\theta$,https://www.youtube.com/watch?v=YP_B0AapU0c,2 thirds times the integral from 0 to pi over 2 of cosine to the 4 theta d theta.,times the integral from zero to pi over two of cosine to the four theta d theta.,$\displaystyle\times\int_{0}^{\pi/2}\cos^{4}\thetad\theta$
one plus cosine two theta over two,$\frac{1+ \cos{(2\theta)}}{2}$,https://www.youtube.com/watch?v=YP_B0AapU0c,1 plus cosine 2 theta over 2.,1 plus cosine 2 theta over 2.,$1+\cos\frac{2\theta}{2}$
 one quarter plus one half cosine two theta plus one quarter cosine squared two theta ,$\displaystyle 1/4+1/2\cos2\theta+1/4\cos^{2}2\theta$ ,https://www.youtube.com/watch?v=YP_B0AapU0c,1 quarter plus 1 half cosine 2 theta plus 1 quarter cosine square 2 theta.,1.25 cos 2 theta plus 1.25 cos 2 theta.,$\displaystyle1.25\cos2\theta+1.25\cos2\theta$
 integral from zero to one of integral from x to square root of x of e to the y over y dy dx,$\displaystyle \int_{0}^{1}\int_{x}^{\sqrt{x}}\frac{e^{y}}{y}dydx$,https://www.youtube.com/watch?v=YP_B0AapU0c,integral from 0 to 1 of integral from x to square root of x of e of y of y and d y dx.,integral from zero to one of integral from x to square root of x of e to the y over y dy dx.,$\displaystyle\int_{0}^{1}\int_{x}^{\sqrt{x}}\frac{e^{y}}{y}dydx$
 integral from zero to one of e to the y minus y e to the y dy,$\int_{0}^{1}e^{y}-ye^{y}dy$,https://www.youtube.com/watch?v=YP_B0AapU0c,the integral from 0 to 1 of e to the y minus y e to the y dy.,the integral from zero to one of e to the y minus y e to the y dy.,$\int_{0}^{1}(e^{y}-y)e^{y}dy$
r minus r cubed,$(r-r^{3})$,https://www.youtube.com/watch?v=60e4hdCi1D4,R minus R cubed.,r minus r cubed.,$(r-r^{3})$
 one-half mr squared omega squared,$\frac{1}{2}mr^{2}\omega^{2}$,https://www.youtube.com/watch?v=60e4hdCi1D4,"So, one half, and R squared, omega squared.",r squared omega squared.,"$(R^{2},\omega^{2})$"
x squared plus y squared,$x^{2}+y^{2}$,https://www.youtube.com/watch?v=60e4hdCi1D4,x-queptus wastequad,x squared plus y squared.,$x^{2}+y^{2}$
pi a to the 4 over 2,$\frac{\pi a^{4}}{2}$,https://www.youtube.com/watch?v=60e4hdCi1D4,by 8 to the 4 of R2.,pi a to the fourth over two.,$\frac{\pie^{4}}{2}$
r equals 2a cosine theta,$r=2a\cos\theta$,https://www.youtube.com/watch?v=60e4hdCi1D4,r equals to a cosine theta.,r equals 2a cosine theta.,"$r=2a\,\cos\theta$"
4a to the four cosine to the four theta,$4a^{4}\cos^{4}\theta$,https://www.youtube.com/watch?v=60e4hdCi1D4,"4, 8, 4, cos 9 to the 4 theta.",4a to the 4 cosine to the 4 theta.,$4a^{4}\cos^{4}\theta$
 three halves of pi a to the fourth,$\frac{3}{2}(\pi a^{4})$,https://www.youtube.com/watch?v=60e4hdCi1D4,three halves of tie a to the four.,3 halves of pi a to the 4.,$\frac{3}{2}(\pih(4))$
x over a squared plus y over b squared equals one,$x/a^{2}+y/b^{2}=1$,https://www.youtube.com/watch?v=UZb9hZIAvL4,x over a squared plus y over b squared equals 1.,x over a squared plus y over b squared equals one.,$x/a^{2}+y/b^{2}=1$
u squared plus v squared less than 1,$u^{2}+v^{2}<1$,https://www.youtube.com/watch?v=UZb9hZIAvL4,U square plus V square plus minus one.,u squared plus v squared less than one.,$u^{2}+v^{2}<1$
u equals x over a,$u = \frac{\mathcal{x}}{\mathcal{a}}$,https://www.youtube.com/watch?v=UZb9hZIAvL4,u equals x of the a.,u equals x over a.,$U=\mathcal{X}/A$
du is one over a dx,$\mathrm{d}u = \frac{1}{a}\mathrm{d}x$,https://www.youtube.com/watch?v=UZb9hZIAvL4,The U is 1 of ADX.,du is one over adx.,"$dU\sim\frac{1}{a}\,dx$"
 dv is one over b dy,"$\displaystyle dv = \frac{1}{b} \,dy$",https://www.youtube.com/watch?v=UZb9hZIAvL4,dv is one of our b dy.,dv is one over b dy.,"$dv\sim\frac{1}{b}\,dy$"
du dv is one over ab dx dy,$\mathrm{d}u\mathrm{d}v= \frac{1}{ab}\mathrm{d}x\mathrm{d}y$,https://www.youtube.com/watch?v=UZb9hZIAvL4,The DUDV is one of our AB DXDY.,du dv is one over ab dx dy.,$\mathrm{d}U\mathrm{d}V\sim\frac{1}{ab}\mathrm{d}x\mathrm{d}y$
u equals 3x minus 2y ,"$u=3x-2y,$",https://www.youtube.com/watch?v=UZb9hZIAvL4,u equals 3x minus 2y.,u equals 3x minus 2y.,"$u=3x-2y,$"
v equals x plus y,$\displaystyle v=x+y$,https://www.youtube.com/watch?v=UZb9hZIAvL4,v equals x plus y.,v equals x y.,"$\mathbf{v}=(x,y)$"
v sub x delta x plus v sub y delta y,$v_{x}\Delta x+v_{y}\Delta y$,https://www.youtube.com/watch?v=UZb9hZIAvL4,V sub x delta x plus V sub y delta y.,delta x plus v sub y delta y.,$\Deltax+v_{y}\Deltay$
x equals r cosine theta,$x=r\cos\theta$,https://www.youtube.com/watch?v=UZb9hZIAvL4,x equals r cosine theta.,x equals r cosine theta.,$x=\mathrm{arccos}\theta$
r cosine squared theta plus r sine squared theta,$r\cos^{2}\theta+r\sin^{2}\theta$,https://www.youtube.com/watch?v=UZb9hZIAvL4,R cosine square theta plus R sine square theta,r cosine squared theta plus r sine squared theta.,$\displaystyler\cos^{2}\theta+r\sin^{2}\theta$
y equals t squared,$y=t^{2}.$,https://www.youtube.com/watch?v=xrypSZU8cBE,y equals t squared.,y equals t squared.,$y=t^{2}.$
the integral along C of F dot dr,$\int_{C}\mathbf{F}\cdot d\mathbf{r}$,https://www.youtube.com/watch?v=xrypSZU8cBE,the integral along c of f dot d r.,the integral along C of f dot dr.,$\int_{C}\mathbf{f}\cdotd\mathbf{r}$
negative t squared plus 2t squared,$-t^{2}+2t^{2}$,https://www.youtube.com/watch?v=xrypSZU8cBE,negative t squared plus 2t squared.,negative t squared plus 2t squared.,$-t^{2}+2t^{2}$
integral from zero to one of t squared dt,$\int_{0}^{1}t^{2}dt$,https://www.youtube.com/watch?v=xrypSZU8cBE,integral from 0 to 1 of t squared dt.,integral from zero to one of t squared dt.,$\int_{0}^{1}t^{2}dt$
dr dt times dt,$\frac{dr}{dt}\times dt$,https://www.youtube.com/watch?v=xrypSZU8cBE,DRDT times DT.,dR dt times dt.,$\displaystyle\frac{dr}{dt}\timesdt$
M dx plus N dy,"$M\,dx+N\,dy$",https://www.youtube.com/watch?v=xrypSZU8cBE,m dx plus n dy.,m dx plus n dy.,"$m\,dx+n\,dy$"
negative y is minus t squared,$ -y=-t^{2}$,https://www.youtube.com/watch?v=xrypSZU8cBE,Negative y is minus t squared.,Negative y is minus t squared.,$-yis-t^{2}$
dy equals 2x dx.,$dy=2xdx$,https://www.youtube.com/watch?v=xrypSZU8cBE,dy equals 2x dx.,dy equals 2x dx.,$dy=2xdx$
y equals sine squared theta,$y=\sin^{2}\theta$,https://www.youtube.com/watch?v=xrypSZU8cBE,y equals sine square theta.,y equals sine squared theta.,$y=\sin^{2}\theta$
y equals x squared,$\displaystyle y=x^{2}$,https://www.youtube.com/watch?v=xrypSZU8cBE,y equals x squared.,y equals x squared.,$y=x^{2}.$
dy equals 2x dx,$dy=2xdx$,https://www.youtube.com/watch?v=xrypSZU8cBE,d y equals 2x dx and,dy equals 2x dx.,$dy=2xdx$
F dot t dS,$(F\cdot t dS)$,https://www.youtube.com/watch?v=xrypSZU8cBE,f dot t d s.,F dot t ds.,$f\cdottds$
 x cubed plus y to the fifth,$x^{3}+y^{5}$,https://www.youtube.com/watch?v=xrypSZU8cBE,x cubed plus y to the fifth.,x cubed plus y to the fifth.,$x^{3}+y^{5}$
xi plus yj,$x\mathbf{i}+y\mathbf{j}$,https://www.youtube.com/watch?v=xrypSZU8cBE,x i plus y g,x i plus y j.,$x\mathbf{i}+y\mathbf{j}$
 integral of x dx plus y dy,"$\int x\,dx+y\,dy$",https://www.youtube.com/watch?v=xrypSZU8cBE,Integrate all of x dx plus y dy.,integral of x dx plus y dy.,"$\intx\,dx+y\,dy$"
2pi a squared,$2\pi a^{2}$,https://www.youtube.com/watch?v=xrypSZU8cBE,2 pi A squared.,2pi a squared.,$2\pia^{2}$
dx is negative a sine theta d theta,$dx=-a\sin\theta d\theta$,https://www.youtube.com/watch?v=xrypSZU8cBE,dx is negative a sine theta d theta.,dx is negative a sine theta d theta.,$dx\sim-a\sin\thetad\theta$
 integral from 0 to 2pi of a squared times sine squared theta plus cosine squared theta d theta,$\displaystyle \int_{0}^{2\pi}a^{2}(\sin^{2}\theta+\cos^{2}\theta)d\theta$,https://www.youtube.com/watch?v=xrypSZU8cBE,integral from 0 to 2 pi of a squared times sine square theta plus cosine square theta d theta.,integral from zero to 2pi of a squared times sine squared theta plus cosine squared theta d theta.,$\displaystyle\int_{0}^{2\pi}a^{2}(\sin^{2}\theta+\cos^{2}\theta)d\theta$
one-half of sine two theta,$\frac{1}{2}(\sin2\theta)$,https://www.youtube.com/watch?v=o7UCBjGsRTE,So 1.5 of sine 2 theta.,1.5 sine two theta.,$1.5\sin2\theta$
 f sub x dx plus f sub y dy,$f_{x}dx+f_{y}dy$,https://www.youtube.com/watch?v=o7UCBjGsRTE,f sub x dx plus f sub y dy.,f sub x dx plus f sub y dy.,$f_{x}dx+f_{y}dy$
dx becomes x prime of t dt,$\displaystyle d\mathbf{x}=\mathbf{x}^{\prime}(t)dt$,https://www.youtube.com/watch?v=o7UCBjGsRTE,dx becomes x prime of t dt,dx becomes x prime of t dt.,$\displaystyled\mathbf{x}^{b}\cup\mathbf{x}^{\prime}(t)dt$
dy becomes y prime of t dt,$dy=y^{\prime}(t)dt$,https://www.youtube.com/watch?v=o7UCBjGsRTE,DY becomes Y prime of TDD.,dy becomes y prime of t dt.,$dyb\cupy^{\prime}(t)dt$
 the integral of f sub x times dx  dt plus f sub y times dy dt,$\int f_{x}\frac{dx}{dt}+f_{y}\frac{dy}{dt}$ ,https://www.youtube.com/watch?v=o7UCBjGsRTE,the integral of f sub x times dx dt plus f sub y times dy dt,the integral of f sub x times dx dt plus f sub y times dy dt.,$\intF_{x}dxdt+F_{y}dydt$
 integral from t0 to t1 of dF dt dt,$\displaystyle \int_{t_{0}}^{t_{1}}\frac{dF}{dt}dt$,https://www.youtube.com/watch?v=o7UCBjGsRTE,integral from t 0 to t 1 of d F d t d t.,integral from t0 to t1 of df dt dt.,$\int_{t_{0}}^{t_{1}}dfdtdt$
three y squared plus four x squared,$3y^{2}+4x^{2}$,https://www.youtube.com/watch?v=z5TPjZrsp2k,3 y squared plus 4 x squared.,3y squared plus 4x squared.,$3y^{2}+4x^{2}$
four x squared plus eight xy,$4x^{2}+8xy$,https://www.youtube.com/watch?v=z5TPjZrsp2k,4x squared plus 8x y.,4x squared plus 8xy.,$4x^{2}+8xy$
 four thirds x one cubed,$\frac{4}{3}x_{1}^{3}$,https://www.youtube.com/watch?v=z5TPjZrsp2k,4 ferns x1 cubed.,four-thirds x1 cubed.,$\frac{4}{3}x1^{3}$
y cubed plus 4x1 squared y ,$y^{3}+4x_1^{2}y$,https://www.youtube.com/watch?v=z5TPjZrsp2k,y cubed plus 4x1 squared y.,y cubed plus 4x1 squared y.,$y^{3}+4x1^{2}y$
f of x one and y one is four thirds x one cubed plus y one cubed plus four x one squared y one,"$\displaystyle f(x_{1},y_{1})=\frac{4}{3}x_{1}^{3}+y_{1}^{3}+4x_{1}^{2}y_{1}$",https://www.youtube.com/watch?v=z5TPjZrsp2k,f of x1 and y1 is 4th hertz x1 cubed plus y1 cubed plus 4 x1 squared y1.,F of x1 and y1 is four-thirds x1 cubed plus y1 cubed plus four x1 squared y1.,$\displaystylef(x_{1}\landy_{1})\frac{4}{3}x_{1}^{3}+y_{1}^{3}+4x_{1}^{2}y_{1}$
4 x squared plus 8xy,$4x^{2}+8xy$,https://www.youtube.com/watch?v=z5TPjZrsp2k,4x squared plus 8xy.,4x squared plus 8xy.,$4x^{2}+8xy$
f sub y is three y squared plus four x squared,$f_{y}=3y^{2}+4x^{2}$,https://www.youtube.com/watch?v=z5TPjZrsp2k,F sub y is freeway squared plus 4x squared.,F sub y is three y squared plus four x squared.,"$f_{y,3y^{2}+4x^{2}}$"
line integral along C of y e to the minus x dx plus one-half of x squared minus e to the minus x dy,$\displaystyle \oint_{C}({y}e^{-x})dx+(\frac{1}{2}x^{2}-e^{-x})dy$,https://www.youtube.com/watch?v=tYdoS0tkAHA,the line integral along c of y e to the minus x dx plus 1 half of x squared minus e to the minus x dy.,the line integral along C of y e to the minus x dx plus one half of x squared minus e to the minus x dy.,"$\displaystyle\oint_{C}(y,\eta-x)dx+\frac{1}{2}(x^{2}-\eta-x)dy$"
x equals two plus cosine theta,$x=2+\cos\theta$,https://www.youtube.com/watch?v=tYdoS0tkAHA,x equals 2 plus cosine theta.,x equals two plus cosine theta.,$x=2+\cos\theta$
dx equals minus sine theta d theta,$dx=-\sin\theta d\theta$,https://www.youtube.com/watch?v=tYdoS0tkAHA,dx equals minus sine theta d theta.,dx equals minus sine theta d theta.,$dx=-\sin\thetad\theta$
Nx minus My dA,$\displaystyle (Nx - My)dA$,https://www.youtube.com/watch?v=tYdoS0tkAHA,x-my-da,of nx minus my dA.,$A(nx-myda)$
y equals f2 of x,$y =\mathcal{f}_{2}(x)$,https://www.youtube.com/watch?v=tYdoS0tkAHA,y equals f 12 x.,y equals f to f x.,$Y=\mathbb{F}_{2}F_{X}$
integral from b to a of M of x and f2 of x dx,$\displaystyle \int_{b}^{a}M(x)(f_{2}(x))dx$,https://www.youtube.com/watch?v=tYdoS0tkAHA,the integral from B to A of m of x and f2 of x dx.,the integral from b to a of m of x and f2 of x dx.,"$\displaystyle\int_{b}^{a}m(x,F_{2}(x))dx$"
M of x f two of x minus M of x f one of x,$\displaystyle (M(x)f_{2}(x))-(M(x)f_{1}(x))$,https://www.youtube.com/watch?v=tYdoS0tkAHA,"x, minus m of x f1 of x.","x, f2 of x minus m of x, f1 of x.",$\displaystylexF_{2}(x)-M(x)F_{1}(x)$
square root of x squared plus y squared,$\sqrt{x^{2}+y^{2}}$,https://www.youtube.com/watch?v=_CdoRiNSrqI,square root of x-square plus y-square.,square root of x squared plus y squared.,$\sqrt{x^{2}+y^{2}}$
the double integral of P sub x plus Q sub y dA,$\iint(P_{x}+Q_{y})dA$ ,https://www.youtube.com/watch?v=_CdoRiNSrqI,the double integral of p sub x plus q sub y dA.,the double integral of P sub x plus Q sub y dA.,$\iint(P_{x}+Q_{y})dA$
minus yi plus xj over x squared plus y squared,$\frac{-yi+{xj}}{x^{2}+y^{2}}$,https://www.youtube.com/watch?v=PnPIqh7Frlw,minus yi plus xj over x squared plus y squared.,minus yi plus xj over x squared plus y squared.,$-yi+\frac{xj}{x^{2}+y^{2}}$
u equals one plus t squared,$u=1+t^{2}$,https://www.youtube.com/watch?v=PnPIqh7Frlw,u equals 1 plus t squared.,u equals one plus t squared.,$u=1+t^{2}$
the curl of f which is Nx minus My,$\displaystyle \operatorname{\nabla}\times F=Nx-My$,https://www.youtube.com/watch?v=PnPIqh7Frlw,"the curl of f, which is nx minus mi.","The curl of F, which is nx minus my.",$\displaystyle\operatorname{curl}F(nx-my)$
xy minus x squared,$xy-x^{2}$,https://www.youtube.com/watch?v=PnPIqh7Frlw,"x, y, minus x squared.",x y minus x squared.,"$(x,y-x^{2})$"
z equals x squared plus y squared,$z=x^{2}+y^{2}$,https://www.youtube.com/watch?v=44R5HgbrUmc,Z equals x equals y squared.,z equals x squared plus y squared.,$z=x^{2}+y^{2}$
z equals four minus x squared minus y squared,$z=4-x^{2}-y^{2}$,https://www.youtube.com/watch?v=44R5HgbrUmc,z equals four minus x squared minus y squared.,z equals 4 minus x squared minus y squared.,$z=4-x^{2}-y^{2}$
two x squared plus two y squared less than four,$2x^{2}+2y^{2}<4$,https://www.youtube.com/watch?v=44R5HgbrUmc,2x squared is 2y squared Lisbon 4,2x squared plus 2y squared less than four.,$2x^{2}+2y^{2}<4$
y is square root of two minus x squared,$y=\sqrt{2-x^{2}}$,https://www.youtube.com/watch?v=44R5HgbrUmc,y is square root of 2 minus x squared.,y is square root of two minus x squared.,$y\sqrt{2-x^{2}}$
 plus minus root of two minus x squared,$\pm\sqrt{2-x^{2}}$,https://www.youtube.com/watch?v=44R5HgbrUmc,plus minus root of 2 minus x squared.,root of 2 minus x squared.,$root(2-x^{2})$
x squared plus y squared plus z squared less than one,$x^{2}+y^{2}+z^{2}<1$,https://www.youtube.com/watch?v=44R5HgbrUmc,x squared plus y squared plus z squared less than 1.,x squared plus y squared plus z squared less than one.,$x^{2}+y^{2}+z^{2}<1$
 z equals one minus y,$\displaystyle z=1-y$,https://www.youtube.com/watch?v=44R5HgbrUmc,z equals 1 minus y.,z equals 1 minus y.,$\displaystylez=1-y$
z equals square root of one minus x squared minus y squared,$z=\sqrt{1-x^{2}-y^{2}}$,https://www.youtube.com/watch?v=44R5HgbrUmc,z equals square root of 1 minus x square minus y squared.,z equals square root of one minus x squared minus y squared.,$z=\sqrt{1-x^{2}-y^{2}}$
one minus y is less than square root of one minus x squared minus y squared,$1-y<\sqrt{1-x^{2}-y^{2}}$,https://www.youtube.com/watch?v=44R5HgbrUmc,1 minus y is less than square root of 1 minus x square minus y squared.,1 minus y is less than square root of 1 minus x squared minus y squared.,$1-y<\sqrt{1-x^{2}-y^{2}}$
negative square root of two y minus two y squared,$-\sqrt{2y-2y^{2}}$,https://www.youtube.com/watch?v=44R5HgbrUmc,negative square root of 2y minus 2y squared.,negative square root of 2y minus 2y squared.,$-\sqrt{2y-2y^{2}}$
rho times cosine phi,$\rho\cos \phi$,https://www.youtube.com/watch?v=RMBGQtwkoyU,"A few program again, shown on official DNA test iOS zoom.",rho times cosine phi.,$\rho\cdot\cos\phi$
rho sine phi cos theta,$\rho\sin\phi\cos\theta$,https://www.youtube.com/watch?v=RMBGQtwkoyU,rho sine phi cos theta.,rho sine phi cos theta.,$\rho\sin\phi\cos\theta$
rho sine phi sine theta. ,$\rho\sin\phi\sin\theta$,https://www.youtube.com/watch?v=RMBGQtwkoyU,Oh sine phi sine theta.,cosine phi sine theta.,$\cos\phi\sin\theta$
 z is rho cos phi,$z=\rho\cos\phi$,https://www.youtube.com/watch?v=RMBGQtwkoyU,Z is hocus-fee.,Z is Rho Cos phi.,$z\rho\cos\phi$
 rho is the square root of r squared plus z squared,$\rho=\sqrt{r^{2}+z^{2}}$,https://www.youtube.com/watch?v=RMBGQtwkoyU,rho is the square root of n squared plus z squared.,rho is the square root of r squared plus z squared.,$\rho\sqrt{r^{2}+z^{2}}$
phi equals pi over four,$\phi=\frac{\pi}{4}$,https://www.youtube.com/watch?v=RMBGQtwkoyU,free equals payover 4,phi equals pi over 4.,$\phi=\frac{\pi}{4}$
 z equals r,$\mathcal{z}=\mathcal{r}$,https://www.youtube.com/watch?v=RMBGQtwkoyU,Z equals A.,Z equals R.,$\mathcal{Z}=\mathcal{R}$
a squared sine phi d phi d theta,$\displaystyle a^{2}\sin\phi d\phi d\theta$,https://www.youtube.com/watch?v=RMBGQtwkoyU,a squared sine phi d phi d theta,a squared sine phi d phi d theta.,$\displaystylea^{2}\sin\phid\phid\theta$
rho squared sine phi d rho d phi d theta,$\rho^2\sin \phi d\rho d\phi d\theta$,https://www.youtube.com/watch?v=RMBGQtwkoyU,"draw square sine phi, 0, d phi, d theta.",rho squared sine phi d rho d phi d theta.,$\displaystyle\rho^{2}\sin\phid\rhod\phid\theta$
 z equals one over root two,$z=1/\sqrt{2}$,https://www.youtube.com/watch?v=RMBGQtwkoyU,Z equals one over root two.,z equals one over root two.,$Z=1/\rho_{2}$
rho equals one over root two cosine phi,$\rho=\frac{1}{\sqrt{2}}\cos{\phi}$,https://www.youtube.com/watch?v=RMBGQtwkoyU,rho equals one over rho 2 cosine phi.,rho equals one over root two cosine phi.,$\rho=\frac{1}{\rho_{2}\cos\phi}$
one over root two times secant phi,$\frac{1}{\sqrt{2}}\cdot\sec\phi$,https://www.youtube.com/watch?v=RMBGQtwkoyU,It's one of our root two times second fee.,One over root two times second phi.,$\displaystyle\frac{1}{\rho_{2}}\sec\phi$
cos phi equals one over root two,$\cos\phi=\frac{1}{\sqrt{2}}$,https://www.youtube.com/watch?v=RMBGQtwkoyU,cos phi equals one over 2 with,cos phi equals one over root two.,$\cos\phi=1/\rho_{2}$
phi equals pi over four,$\phi=\frac{\pi}{4}$,https://www.youtube.com/watch?v=RMBGQtwkoyU,V equals by other four.,phi equals phi over four.,$\phi=\Phi/4$
two pi over three minus five pi over six root two,$2\pi/3-5\pi/6\sqrt{2}$,https://www.youtube.com/watch?v=RMBGQtwkoyU,2 pi over 3 minus 5 pi over 6 root 2.,2pi over 3 minus 5pi over 6 root 2.,$2\pi/3-5\pi/6\rho_{2}$
rho cubed over three,$\rho^{3}/3$,https://www.youtube.com/watch?v=RMBGQtwkoyU,A不用 le著踴腳illes,The rho cubed over three.,$v\rho^{3}/3$
sine phi secant cubed phi,$\sin\phi\sec^{3}\phi$,https://www.youtube.com/watch?v=RMBGQtwkoyU,sine phi second cubed phi,"sine phi, second cubed phi.","$\sin\phi\,\sec^{3}\phi$"
 z over rho cubed delta dV,$\frac{z}{\rho^{3}}\Delta dV$,https://www.youtube.com/watch?v=RMBGQtwkoyU,Z over rho cubed delta dV.,z over rho cubed delta dv.,$z/\rho^{3}\deltadv$
rho cosine phi over rho cubed,$\frac{\rho\cos\phi}{\rho^{3}}$,https://www.youtube.com/watch?v=RMBGQtwkoyU,Roll cut side fee over Hawke hard pub.,rho cosine phi over rho cubed.,$\rho\cos\phi/\rho^{3}$
minus c times x y z over rho cubed,"$-\frac{c(x,y,z)}{\rho^{3}}$",https://www.youtube.com/watch?v=phk05iSMezA,minus c times xyz of l whole cubed.,"minus c times x, y, z over whole cubed.",$-cxyz/hw^{3}$
xi yj zk ,$\displaystyle xi+yj+zk$,https://www.youtube.com/watch?v=phk05iSMezA,x i plus y j plus z k.,x i plus y j plus z k.,$xi+yj+zk$
square root of x squared plus y squared plus z squared is equal to a ,$\sqrt{x^{2}+y^{2}+z^{2}}=a$,https://www.youtube.com/watch?v=phk05iSMezA,square root of x square plus y square plus z squared is equal to a.,square root of x squared plus y squared plus z squared is equal to a.,$\sqrt{x^{2}+y^{2}+z^{2}}=a$
four pi a squared,$4\pi a^{2}$,https://www.youtube.com/watch?v=phk05iSMezA,for państwa square.,4 pi a squared.,$4\pia^{2}$
z squared over a,$\frac{\mathbb{z}^{2}}{a}$,https://www.youtube.com/watch?v=phk05iSMezA,Z squared over E.,z squared over a.,$\mathbb{Z}^{2}/A$
dS equals a squared sine phi d phi d theta,$dS=a^{2}\sin\phi d\phi d\theta$,https://www.youtube.com/watch?v=phk05iSMezA,ds equals a squared sine phi d phi d theta.,ds equals a squared sine phi d phi d theta.,$ds=a^{2}\sin\phid\phid\theta$
cosine squared phi sine phi d phi,$\cos^{2}\phi \sin\phi d\phi $,https://www.youtube.com/watch?v=phk05iSMezA,cosine square phi sine phi d phi,cosine square phi sine phi d phi.,$\cos^{2}\phi\sin\phid\phi$
four thirds pi a cubed,$\frac{4}{3}\pi a^{3}$,https://www.youtube.com/watch?v=phk05iSMezA,4 Purple,4 by 3 by a cubed.,$4/(3/e^{3})$
 f of x plus delta x and y,"$f(x+\Delta x,y)$",https://www.youtube.com/watch?v=WfEQabCGAqI,"f of x, plus delta x, and y.",f of x plus delta x and y.,"$f(x+\Deltax,y)$"
"f of x, y plus delta x times f sub x ","$f(x,y)+\Delta x\cdot f_{x}$",https://www.youtube.com/watch?v=WfEQabCGAqI,f of xy plus delta x times f sub x.,"f of x, y plus delta x times f sub x.","$f(x,y)+\Deltax\cdotf_{x}$"
f sub y times delta y,$\displaystyle f_y \times\Delta y$,https://www.youtube.com/watch?v=WfEQabCGAqI,F sub y times delta y.,F sub y times delta y.,$F_{Y}\times\DeltaY$
z equals x squared plus y squared ,$z=x^{2}+y^{2}$,https://www.youtube.com/watch?v=WfEQabCGAqI,x square plus y squared.,z equals x squared plus y squared.,$z=x^{2}+y^{2}$
partial r over partial u times delta u,$\displaystyle \frac{\partial r}{\partial u}\cdot\Delta u$,https://www.youtube.com/watch?v=WfEQabCGAqI,partial R of the partial U times delta U.,partial r over partial u times delta u.,$\displaystyle\frac{\partialr}{\partialu}\cdot\Deltau$
z equals a cosine phi,"$z=a\,\cos\phi$",https://www.youtube.com/watch?v=WfEQabCGAqI,z equals a cosine field.,z equals a cosine phi.,$z=a\cos\phi$
delta A equals delta S times the cosine of alpha,$\Delta A=\Delta S(\cos\alpha)$,https://www.youtube.com/watch?v=WfEQabCGAqI,delta A equals delta S times the cosine of alpha.,delta A equals delta S times the cosine of alpha.,$\DeltaE=\DeltaS(\cos\alpha)$
delta S is going to be one over cosine alpha,$\Delta S=\frac{1}{\cos\alpha}$,https://www.youtube.com/watch?v=WfEQabCGAqI,Delta S is going to be one of our cosine alpha.,delta S is going to be one over cosine alpha.,$\DeltaS\rightarrowB\frac{1}{\cos\alpha}$
three times little n will be negative big N,$3\mathrm{n}=\mathrm{-}\mathrm{N}$,https://www.youtube.com/watch?v=WfEQabCGAqI,"Three times, little n will be negative begin.",3 times little n will be negative big N.,"$3\text{\,}\mathrm{n}\mathrm{a}\mathrm{b}\mathrm{-}\mathrm{b}\mathrm{n}$"
n over n dot i dy dz,$\displaystyle \frac{n}{n\cdot i}{dy}{dz}$,https://www.youtube.com/watch?v=WfEQabCGAqI,n over n dot i dy dc,"n over n dot i dy, dc.","$(N/N)\cdotI\,dy\,dz$"
z minus f of x y,"$z-f(x,y)$",https://www.youtube.com/watch?v=WfEQabCGAqI,Z minus f of xy.,"z minus f of x, y.","$z-f(x,y)$"
P sub x plus Q sub y plus R sub z,$P_{x}+Q_{y}+R_{z}$ ,https://www.youtube.com/watch?v=WfEQabCGAqI,p sub x plus q sub y plus r sub z.,P sub x plus Q sub y plus R sub z.,$P_{x}+Q_{y}+R_{z}$
four thirds pi a cubed,$\frac{4}{3}\pi a^{3}$,https://www.youtube.com/watch?v=WfEQabCGAqI,four thirds by eký út,4 thirds by A cubed.,$\frac{4}{3}/e^{3}$
partial u over partial x squared plus partial squared u over partial y squared plus partial squared u over partial z squared,$\displaystyle \frac{\partial u}{\partial x^{2}}+\frac{\partial^{2}u}{\partial y^ {2}}+\frac{\partial^{2}u}{\partial z^{2}}$,https://www.youtube.com/watch?v=wu8kXZSAp20,partial u over partial x squared plus partial squared u over partial y squared plus partial squared u over partial z squared.,partial u over partial x squared plus partial squared u over partial y squared plus partial squared u over partial z squared.,$\displaystyle\frac{\partialu}{\partialx^{2}}+\frac{\partial^{2}u}{\partialy^%{2}}+\frac{\partial^{2}u}{\partialz^{2}}$
" partial u partial t is minus div F, which is therefore positive k times divergence of grad u",$\displaystyle \frac{\partial\mathbf{u}}{\partial t}=\operatorname{-\nabla}\mathbf{F}=k\operatorname{\nabla}(\operatorname{\nabla}\mathbf{u})$,https://www.youtube.com/watch?v=seO7-TwXH_I,"The partial u, partial t, is minus dv, which is therefore positive k times divergence of grad u.","Partial u, partial t is minus div F, which is therefore positive k times divergence of grad u.",$\displaystyle\frac{\partial\mathbf{u}}{\partialt}\mathop{\rmdiv}\nolimits%\mathbf{F}\Rightarrow+k\mathop{\rmdiv}\nolimits(\operatorname{grad}\mathbf{u})$
dx is 3t2 dt,$dx=3t^{2}dt$,https://www.youtube.com/watch?v=seO7-TwXH_I,dx is fratisquare dt,dx is 3t squared dt.,$dx\sim3t^{2}dt$
dy will be 2t dt,$\displaystyle \mathrm{d}\mathrm{y}=2{t}{\mathrm{d}t}$,https://www.youtube.com/watch?v=seO7-TwXH_I,D y will be 2t dt,dy will be 2t dt.,$\displaystyle\frac{\mathrm{d}y^{\mathrm{ob}}_{\tau}(t)}{\mathrm{d}t}$
the integral of yz dx plus xz dy plus xy dz,"$\int yz\,dx+xz\,dy+xy\,dz$",https://www.youtube.com/watch?v=seO7-TwXH_I,the integral of yz dx plus xz dy plus xy dz.,The integral of yz dx plus xz dy plus xy dz.,"$\intyz\,dx+xz\,dy+xy\,dz$"
dx is 3t squared dt,$\displaystyle dx={3t}^{2}dt$,https://www.youtube.com/watch?v=seO7-TwXH_I,which dx is fratis squared dt.,dx is 3t squared dt.,$dx\sim3t^{2}dt$
xy is t to the five,$xy=t^{5}$,https://www.youtube.com/watch?v=seO7-TwXH_I,"x, y is t to the 5.","x, y is t to the 5.","$x,y\inT^{5}$"
six t to the five,$\displaystyle 6t^{5}$,https://www.youtube.com/watch?v=seO7-TwXH_I,"6th, T to the 5th.",6t to the 5.,$\displaystyle6t^{5}$
b y z squared minus 4z cubed ,$byz^{2}-4z^{3}$,https://www.youtube.com/watch?v=seO7-TwXH_I,"B, Y, this squared minus 4th e cubed.",z squared minus 4z cubed.,$z^{2}-4z^{3}$
x squared plus z cubed,$x^{2}+z^{3}$,https://www.youtube.com/watch?v=seO7-TwXH_I,x squared plus z cubed.,x squared plus z cubed.,$x^{2}+z^{3}$
three yz squared minus four z cubed,$3yz^{2}-4z^{3}$,https://www.youtube.com/watch?v=seO7-TwXH_I,3yz squared minus 4z cubed.,3yz squared minus 4z cubed.,$3yz^{2}-4z^{3}$
 f sub x is two xy,$f_{x}=2xy$,https://www.youtube.com/watch?v=seO7-TwXH_I,f sub x is 2x y.,F sub x is 2xy.,$f_{XS\toXY}$
f equals x squared y plus g,$f=x^{2}y+g$,https://www.youtube.com/watch?v=seO7-TwXH_I,f equals x squared y plus g.,f equals x squared y plus g.,$f=x^{2}y+g$
yz cubed plus h of z,$yz^{3}+h(z)$,https://www.youtube.com/watch?v=seO7-TwXH_I,y is acubed plus h of z.,yz cubed plus h of c.,$yz^{3}+h(z)$
zero plus three yz squared,$0+3yz^{2}$,https://www.youtube.com/watch?v=seO7-TwXH_I,0 plus freewise squared.,zero plus three yz squared.,$0+3yz^{2}$
R sub y minus Q sub z times i plus P sub z minus R sub x times j ,$(R_{y}-Q_{z})i+(P_{z}-R_{x})j$,https://www.youtube.com/watch?v=seO7-TwXH_I,R sub y minus q sub z times i plus p sub z minus R sub x times j.,r sub y minus q sub z times i plus p sub z minus r sub x times j.,$R_{y}-Q_{z}\cdoti+P_{z}-R_{x}\cdotj$
partial over partial y of r minus partial partial z of q,$\displaystyle \frac{\partial}{\partial y}(R)-\frac{\partial}{\partial z}(Q)$,https://www.youtube.com/watch?v=seO7-TwXH_I,partial of the partial y of r minus partial partial z of q.,"partial over partial y of r minus partial, partial z of q.",$\displaystyle\frac{\partial}{\partialy}(r)-\frac{\partial}{\partialz}(q)$
two to the n ,$2^{\mathcal{n}}$,https://www.youtube.com/watch?v=oI9fMUqgfxY,2 to the end.,Two to the end,$2^{\mathcal{N}}$
 6 times 1 plus 4 plus 9 plus 16 plus 25 plus 36,$6\times(1+4+9+16+25+36)$,https://www.youtube.com/watch?v=oI9fMUqgfxY,6 times 1 plus 4 plus 9 plus 16 plus 25 plus 36.,6 times 1 plus 4 plus 9 plus 16 plus 25 plus 36.,$6\times1+4+9+16+25+36$
r over t times t,$\frac{r}{t}t$,https://www.youtube.com/watch?v=oI9fMUqgfxY,VAR over T times T.,VAR over t times t.,$\frac{r}{t}t$
two plus a half divided by two is one and a quarter.,$(2+\frac{1}{2})\div2=1+\frac{1}{4}$,https://www.youtube.com/watch?v=oI9fMUqgfxY,Two plus a half divided by two is one and a quarter.,2 plus 1 by 2 is 1 and 1 quarter.,$2+1/2\text{is}1\text{and}1/4$
x is c times the expected value of r,$x =c\cdot\operatorname*{\mathbb{E}}[r]$,https://www.youtube.com/watch?v=q4mwO2qS2z4,x is c times the expected value of r.,X is C times the expected value of R.,$x:=c\cdot\operatorname*{\mathbb{E}}[R]$
u minus expected value of r over u minus x,$\displaystyle u - \operatorname*{\mathbb{E}}\left[r\right]\over{u-x}$,https://www.youtube.com/watch?v=q4mwO2qS2z4,This is u minus expected value of r over u minus x.,This is u minus expected value of r over u minus x.,$\displaystyle\text{Thisis}u-\operatorname*{\mathbb{E}}\left[\frac{R}{u-x}\right]$
1 over C squared plus 1,$\frac{1}{C^{2}+1}$,https://www.youtube.com/watch?v=q4mwO2qS2z4,1 over c squared plus 1.,1 over c squared plus 1.,$\frac{1}{c^{2}+1}$
 1 over 2c squared,$\frac{1}{2c^{2}}$,https://www.youtube.com/watch?v=q4mwO2qS2z4,One over two C-squards.,1 over 2 c squared.,$\frac{1}{2c^{2}}$
z is c natural log of c plus 1,$z=c\ln(c)+1$,https://www.youtube.com/watch?v=q4mwO2qS2z4,z is c natural log of c plus 1.,Z is C natural log of C plus 1.,$z\simC\ln(C+1)$
c minus 1 times the sum j equals 1 to n expected value of tj,$(c-1)\cdot\sum_{j=1}^{n}\mathbb{E}[t_j]$ ,https://www.youtube.com/watch?v=q4mwO2qS2z4,See minus 1 times the sum j equals 1 to n expected value of tj.,"C minus 1 times the sum j equals 1 to n, expected value of Tj.",$c-1\cdot\sum_{j=1}^{n}\mathbb{E}[T_{j}]$
e to the minus c log of c plus c minus 1,$e^{-(c\log(c)+c-1)}$,https://www.youtube.com/watch?v=q4mwO2qS2z4,e to the minus c log of c plus c minus 1.,e to the minus c log of c plus c minus 1.,$bd-c\log(c)+c-1$
 negative c minus one,$\displaystyle -(c-1)$,https://www.youtube.com/watch?v=q4mwO2qS2z4,Negative C minus 1.,Negative C minus one.,$\displaystyle-(c-1)$
dy dx equal y squared,$\frac{dy}{dx}=y^{2}$,https://www.youtube.com/watch?v=76WdBlGpxVw,dy dx equal y square.,dy dx equal y squared.,$dydx=y^{2}$
 y of x equals minus 1 over x plus c,$y(x)=-\frac{1}{x+c}$,https://www.youtube.com/watch?v=76WdBlGpxVw,y of x equals minus 1 over x plus c.,y of x equals minus 1 over x plus c.,$y(x)=a-\frac{1}{x+c}$
 y of x equals 1 over 1 minus x,$y(x)=\frac{1}{1-x}$,https://www.youtube.com/watch?v=76WdBlGpxVw,y of x equals 1 over 1 minus x.,y of x equals 1 over 1 minus x.,$y(x)=\frac{1}{1-x}$
y dot plus ty equals to t,$y\dot{+}ty=t$,https://www.youtube.com/watch?v=4gJLEYc3p5w,y dot plus t y equals to t.,y dot plus t y equals to t.,$y\dot{+}ty=2t$
y of 0 equals to 3,$y(0)=3$,https://www.youtube.com/watch?v=4gJLEYc3p5w,y of 0 equals to 3.,y of 0 equals to 3.,"$y(0)=(2,3)$"
 u equals exponential of t squared over 2,$u=\exp(t^{2}/2)$,https://www.youtube.com/watch?v=4gJLEYc3p5w,u equals exponential of t squared over 2.,u equals exponential of t squared over 2.,$u=\exp(t^{2}/2)$
 exponential of minus t squared over 2,$\exp(-t^{2}/2)$,https://www.youtube.com/watch?v=4gJLEYc3p5w,exponential of minus t squared over 2.,exponential of minus t squared over 2.,$\exp(-t^{2}/2)$
3 equals to 1 plus c,"$3=1+c,$",https://www.youtube.com/watch?v=4gJLEYc3p5w,3 equals to 1 plus c.,3 equals to 1 plus c.,"$3=2,1+c,$"
exponential of t squared over 2 minus 1,$\exp(t^{2}/2)-1$,https://www.youtube.com/watch?v=4gJLEYc3p5w,exponential of t squared over 2 minus 1.,The exponential of t squared over 2 minus 1.,$\exp(t^{2}/2)-1$
 b modulus r ,$b\mod r$,https://www.youtube.com/watch?v=sn3orkHWqUQ,"B, modulus R.",The models are.,$v\modelsr$
pi over 2,$\frac{\pi}{2}$,https://www.youtube.com/watch?v=sn3orkHWqUQ,Pi over two.,Pi over 2.,$\frac{\pi}{2}$
3i pi over 6 ,$3i(\pi/6)$,https://www.youtube.com/watch?v=sn3orkHWqUQ,3i pi over 6.,3i pi over 6.,$3i\pi/6$
3 sine pi over 6,$3\sin(\pi/6)$,https://www.youtube.com/watch?v=sn3orkHWqUQ,3 sine pi over 6.,3 sine pi over 6.,$3\sin\pi/6$
 3 root of 3 over 2,$3\sqrt{\frac{3}{2}}$,https://www.youtube.com/watch?v=sn3orkHWqUQ,3 root of 3 over 2,3 root of 3 over 2.,$\frac{3\sqrt{3}}{2}$
a plus ib ,$a+\mathrm{i}b$,https://www.youtube.com/watch?v=sn3orkHWqUQ,A plus IB.,A plus IB.,$a\oplusib$
 1 over minus 2 plus 3i,$\frac{1}{-2+3i}$,https://www.youtube.com/watch?v=sn3orkHWqUQ,1 over minus 2 plus 3i.,1 over minus 2 plus 3i.,$\frac{1}{1-2+3i}$
 reverse tan of minus 3 over 2,$\tan^{-1}(-\frac{3}{2})$,https://www.youtube.com/watch?v=sn3orkHWqUQ,Reverse 10 of minus 3 over 2.,Reverse 10 of minus 3 over 2.,$Reverse10a-\frac{3}{2}$
exponential 2n pi,$\exp(2n\pi)$,https://www.youtube.com/watch?v=sn3orkHWqUQ,exponential 2n pi.,is exponential to n pi.,$\exp(n\pi)$
0 modulus 2 pi,$0\mod2\pi$,https://www.youtube.com/watch?v=sn3orkHWqUQ,0 modulus 2 pi.,0 modulus 2 pi.,$0\mid2\pi$
n equals to 2,$(n\!=\!2)$,https://www.youtube.com/watch?v=sn3orkHWqUQ,and equals to 2.,n equals to 2.,"$(n\!=\!2,2)$"
i dot i minus one,$i(i-1)$,https://www.youtube.com/watch?v=fkGAF5jHjdY,I dot I minus 1.,i dot i minus 1.,$[i..i-1]$
1 over k squared plus omega squared,$\frac{1}{k^{2}+\omega^{2}}$,https://www.youtube.com/watch?v=fkGAF5jHjdY,1 over k squared plus summa g s squared.,1 over k squared plus omega squared.,$\frac{1}{k^{2}+\omega^{2}}$
k sine omega t,$k\sin\omega t$,https://www.youtube.com/watch?v=fkGAF5jHjdY,"Okay, sine omega t.",k sine omega t.,$k\sin\omegat$
cosine omega t plus three sine omega t,$\cos\omega t+3\sin\omega t$,https://www.youtube.com/watch?v=fkGAF5jHjdY,cosine omega t plus 3 sine omega t.,Cosine omega t plus 3 sine omega t.,$\cos\omegat+3\sin\omegat$
 plus minus three omega cosine omega t,$\pm3\omega\cos\omega t$,https://www.youtube.com/watch?v=fkGAF5jHjdY,plus minus a 3 omega cosine omega d.,plus or minus 3 omega cosine omega t.,$\pm3\omega\cos\omegat$
 exponential of minus three t,$\exp(-3t)$,https://www.youtube.com/watch?v=XbiEUwVQqVM,Exponential minus 3t.,exponential minus 3t.,$\exp(-3t)$
 8 root 4 minus 5i,$8\sqrt{4}-5{i}$,https://www.youtube.com/watch?v=XbiEUwVQqVM,by the current density ofgrine.,8 root 4 minus 5i.,$8\sqrt{4}-5\mathrm{i}$
 root 4 plus or minus 5i,$\mathrm{\sqrt{4}}\pm5i$,https://www.youtube.com/watch?v=XbiEUwVQqVM,root 4 plus or minus 5 i.,root 4 plus or minus 5i,$\mathrm{root4\pm5i}$
e 4t cosine 5t ,$\displaystyle e^{4t}\cos(5t)$ ,https://www.youtube.com/watch?v=XbiEUwVQqVM,.,"E, 4t cosine 5t.","$(e,4t\cos5t)$"
C1 exponential lambda 1 plus C2 exponential lambda 2,$\displaystyle C_{1}\exp(\lambda_{1})+C_{2}\exp(\lambda_{2})$,https://www.youtube.com/watch?v=2-5oq-igwtU,"c1 exponential lambda 1, the c2 exponential lambda 2,","C1 exponential lambda 1, the C2 exponential lambda 2 with C1.","$\displaystyle\mathbf{C}_{1}\exp(\lambda_{1}),\quad\mathbf{C}_{2}\exp(\lambda_{2%}),\quad\text{with}\quad\mathbf{C}_{1}$"
x dot of 0 equals to 0,$\dot{x}(0)={0}$,https://www.youtube.com/watch?v=2-5oq-igwtU,x dot of 0 equals to 0.,x dot of 0 equals to 0.,$\dot{x}(0)=\tau_{0}$
lambda1 c1 plus lambda2 c2 equals to 0,$\lambda_{1}C_{1}+\lambda_{2}C_{2}=0$,https://www.youtube.com/watch?v=2-5oq-igwtU,lambda 1 c1 plus lambda 2 c2 equals to 0.,lambda 1 C1 plus lambda 2 C2 equals to 0.,"$\lambda_{1}c_{1}+\lambda_{2}c_{2}=2,0$"
log of minus c2 over c1,$\log{((-c_{2})/{c_{1}})}$,https://www.youtube.com/watch?v=2-5oq-igwtU,log of minus C2 over C1.,Log of minus c2 over c1.,$\log(2-c_{2}/c_{1})$
 minus c2 over c1 is less than 1,$-\frac{c2}{c1}<1$,https://www.youtube.com/watch?v=2-5oq-igwtU,minus C2 of Rc1 is less than 1.,Minus C2 over C1 is less than 1.,$-\frac{c2}{c1}<1$
 P D equals D squared plus 4i,$P(D)=D^{2}+4i$,https://www.youtube.com/watch?v=RzaB0t9dx0A,pt equals d squared plus 4i.,Your pd equals d squared plus 4i.,$\mathcal{R}\mathcal{P}D=D^{2}+4I$
x dot dot plus 4x equal f0,$x\ddot{x}+4x=f0$,https://www.youtube.com/watch?v=RzaB0t9dx0A,x dot dot plus 4x equals f0.,x dot dot plus 4x equal f0.,$x\cdots+4x=f^{0}$
 s squared plus 4,$(s^{2}+4)$,https://www.youtube.com/watch?v=RzaB0t9dx0A,s squared plus 4.,s squared plus 4.,$(s^{2}+4)$
 s squared equal minus 4,$s^{2}=-4$,https://www.youtube.com/watch?v=RzaB0t9dx0A,"S, Q, Q, or minus 4.",s squared equal minus 4.,$s^{2}=a-4$
 4 minus omega squared,$4-\omega^{2}$,https://www.youtube.com/watch?v=RzaB0t9dx0A,4 minus omega square.,4 minus omega squared.,$4-\omega^{2}$
exponential i omega t,$\exp(i\omega t)$,https://www.youtube.com/watch?v=RzaB0t9dx0A,Exponential ioremmalia chi.,Exponential i-Omediacy.,$\exp(i-\omegac)$
omega equals to 2t,$\omega\mathrm{=}2\mathrm{t}$,https://www.youtube.com/watch?v=RzaB0t9dx0A,"Oh, media equals to too pun.",Omega equals to 2t.,$\omega=2\toT$
 delta t minus 2 exponential of t squared sine t cos 2t,$\delta(t-2)\exp(t^{2})\sin t\cos 2t$,https://www.youtube.com/watch?v=q0PxCQWG3ic ,"Delta T minus 2, exponential of T square sine T cost 2T.","Delta t minus 2, exponential of t squared sine t cos 2t.",$\Deltat-2\exp(t^{2}\sint)\cosh2t$
delta t exponential of t squared dt,$\delta(t)\exp(t^{2})dt$,https://www.youtube.com/watch?v=q0PxCQWG3ic ,Delta T exponential of T squared dt,Delta t exponential of t squared dt.,$\Deltat\exp(t^{2})dt$
3u t minus 2u t minus 1,$3u(t)-2u(t-1)$,https://www.youtube.com/watch?v=q0PxCQWG3ic ,3uT minus 2uT minus 1,3 u t minus 2 u t minus 1.,$3ut-2ut-1$
 exponential t squared dt,$\exp(t^{2})dt$,https://www.youtube.com/watch?v=q0PxCQWG3ic ,exponential t square d t.,exponential t squared dt.,$\exp(t^{2})dt$
4 sine 2 cos 4,$4\sin2\cos4$,https://www.youtube.com/watch?v=q0PxCQWG3ic ,"4, sine 2, cos 4.",4 sine 2 cos 4.,$4\sin2\cos4$
 f of t equals three u t,$f(t)=3u(t)$,https://www.youtube.com/watch?v=q0PxCQWG3ic ,F of t equals 3 ut.,f of t equals 3 u t.,$f(t)=3ut$
 minus two u of t minus one,$-2u(t-1)$,https://www.youtube.com/watch?v=q0PxCQWG3ic ,minus 2 u t minus 1.,Minus 2 u t minus 1.,$-2ut-1$
 seven x dots plus three x equals f of t,$7x\dot{+}3x=f(t)$,https://www.youtube.com/watch?v=LjqUV6vqwkg,7x dot plus 3x equals f of t.,7x dot plus 3x equals f of t.,$7x\dot{+}3x=f(t)$
minus 3C1 minus 1 half C2 equals to 0,$-3C_{1}-\frac{1}{2}C_{2}=0$,https://www.youtube.com/watch?v=LjqUV6vqwkg,minus 3C1 minus 1.5C2 equals to 0.,Minus 3c1 minus 1 half c2 equals to 0.,"$-3C_{1}-\frac{1}{2}C_{2}=2,0$"
C2 exponential minus one half t minus exponential minus three t,$\displaystyle {C_2}(\exp(-\frac{1}{2}t)-\exp(-3t))$,https://www.youtube.com/watch?v=LjqUV6vqwkg,c2 exponential minus 1 half t minus exponential minus 3t.,C2 exponential minus 1 half t minus exponential minus 3t.,$\displaystyle\text{C2:}\quad\exp-\frac{1}{2}t-\exp-3t$
 c1 equals minus 2,$\mathrm{c_1}=-2$,https://www.youtube.com/watch?v=LjqUV6vqwkg,C1 equal minus 2.,C1 equal minus 2.,$\mathrm{C1}=-2$
one minus exponential of minus two t,$1-\exp(-2t)$,https://www.youtube.com/watch?v=LjqUV6vqwkg,1 minus exponential of minus 2t.,1 minus exponential of minus 2t.,$1-\exp(2-2t)$
 i squared equals negative one,$i^{2}=-1$,https://www.youtube.com/watch?v=EQJBp6Ym-6A,I squared equals negative one.,i squared equals negative 1.,$\phi^{2}=-1$
a squared plus b squared ,$a^{2}+b^{2}$ ,https://www.youtube.com/watch?v=EQJBp6Ym-6A,j squared plus b squared.,a squared plus b squared.,$a^{2}+b^{2}$
two plus i divided by one minus 3i,$\frac{2+i}{1-3i}$,https://www.youtube.com/watch?v=EQJBp6Ym-6A,2 plus i divided by 1 minus 3i.,2 plus i divided by 1 minus 3i.,$\frac{2+i}{1-3i}$
one squared plus three squared,$1^{2}+3^{2}$,https://www.youtube.com/watch?v=EQJBp6Ym-6A,1 squared plus 3 squared.,One squared plus three squared.,$1^{2}+3^{2}$
 r cosine theta plus i times r sine theta,$r\cos\theta+i\times r\sin\theta$,https://www.youtube.com/watch?v=EQJBp6Ym-6A,The R cosine theta plus i times R sine theta.,The r cosine theta plus i times r sine theta.,$r\cos\theta+ir\sin\theta$
a to the x times a to the y equals a to the x plus y,$a^{x}\times a^{y}=a^{x+y}$,https://www.youtube.com/watch?v=EQJBp6Ym-6A,A to the x times a to the y equals a to the x plus y.,times a to the y equals a to the x plus y.,$Ae^{y}=e^{x+y}$
dy dt equals a times y,$\frac{dy}{dt}=ay$,https://www.youtube.com/watch?v=EQJBp6Ym-6A,d y dt equals a times y.,dy dt equals A times y.,"$dy\,dt=a\,y$"
e to the i theta two,$e^{i\theta_{2}}$,https://www.youtube.com/watch?v=EQJBp6Ym-6A,Z to the I-Fator 2.,z to the i theta 2,$z^{i\theta_{2}}$
sine of theta one plus theta two,$\sin(\theta_{1}+\theta_{2})$,https://www.youtube.com/watch?v=EQJBp6Ym-6A,Sign of beta 1 plus theta 2.,sine of theta one plus theta two.,$\sin(\theta_{1}+\theta_{2})$
e to the i theta times r2 e to the i theta two,$e^{i\theta}\times r_{2}e^{i\theta_{2}}$,https://www.youtube.com/watch?v=EQJBp6Ym-6A,e to the i beta times r2 e to the i beta 2.,times r2 e to the i theta two.,$\displaystyle\timesr_{2}e^{i\theta_{2}}$
e to the i theta one plus theta two,$e^{i(\theta_{1}+\theta_{2})}$,https://www.youtube.com/watch?v=EQJBp6Ym-6A,Z to the I theta one plus theta two.,z to the i theta one plus theta two.,$z^{i\theta_{1}+\theta_{2}}$
e to the negative x cosine x,$e^{-x}\cos x$,https://www.youtube.com/watch?v=EQJBp6Ym-6A,e to the negative x cosine x.,e to the negative x cosine x.,$e^{-x}\cosx$
e to the i omega t divided by two plus three i,$e^{i\omega t}/(2+3i)$,https://www.youtube.com/watch?v=2IBWxERRjvM,e to the i omega t divided by 2 plus 3i.,e to the i omega t divided by 2 plus 3i,$e^{i\omegat/2+3i}$
e to the i omega t divided by root 13 e to the i phi,$\frac{e^{i\omega t}}{\sqrt{13}e^{i\phi}}$,https://www.youtube.com/watch?v=2IBWxERRjvM,e to the i omega t divided by root 13 e to the i phi,e to the i omega t divided by root 13 e to the i phi.,$e^{i\omegat}/\rho_{13}e^{i\phi}$
1 over root 13 cosine omega t minus phi,$\displaystyle \frac{1}{\sqrt{13}}\cos(\omega t-\phi)$,https://www.youtube.com/watch?v=2IBWxERRjvM,One of a root 13 cosine omega t minus phi.,Is 1 over root 13 cosine omega t minus phi.,"$\displaystyle\sim\frac{1}{\rho_{13}}\cos(\omegat-\phi),$"
 1 over 13 2 times cosine omega t plus 3 sine omega t,$\displaystyle \frac{1}{13}(2\cos\omega t+3\sin\omega t)$,https://www.youtube.com/watch?v=2IBWxERRjvM,"1 over 13, 2 times cosine omega t plus 3 sine omega t.","1 over 13, 2 times cosine omega t plus 3 sine omega t.",$\displaystyle\frac{1}{13}(2\cos\omegat+3\sin\omegat)$
tan inverse 3 over 2,$\tan^{-1}(3/2)$,https://www.youtube.com/watch?v=2IBWxERRjvM,10 in verse 3 over 2.,10 inverse 3 over 2.,"$(10^{-1},3/2)$"
 3 pi over 2 omega,$(3\pi/2\omega)$,https://www.youtube.com/watch?v=2IBWxERRjvM,3 pi over 2 omega.,3 pi over 2 omega.,$3\pi/2\omega$
y i minus y hat i,$\mathcal{y}_{i}-\hat{\mathcal{y}}_{i}$,https://www.youtube.com/watch?v=l1kLCrxL9Hk,más favor que blaz,y i minus y hat i.,$\mathcal{Y}^{i}-\hat{\mathcal{Y}}^{i}$
y prime equals negative y divided by x squared plus y squared,$y^{\prime}=-\frac{y}{x^{2}+y^{2}}$,https://www.youtube.com/watch?v=X5-ucBtneVM,y prime equals negative y divided by x squared plus y squared.,y prime equals negative y divided by x squared plus y squared.,$y^{\prime}=-\frac{y}{x^{2}+y^{2}}$
y is equal to negative one over two m,$y=-\frac{1}{2m}$,https://www.youtube.com/watch?v=X5-ucBtneVM,y is equal to negative 1 over 2m.,y is equal to negative 1 over 2m.,$y:=-\frac{1}{2m}$
 r squared is equal to one over four m squared,$r^{2}=\frac{1}{4m^{2}}$,https://www.youtube.com/watch?v=X5-ucBtneVM,R squared is equal to 1 over 4 m squared.,R squared is equal to 1 over 4 m squared.,$R^{2}:=\frac{1}{4M^{2}}$
d1 plus d2,$\mathcal{d}_{1}+\mathcal{d}_{2}$,https://www.youtube.com/watch?v=MOfhhFaQdjw,D1 plus D2.,D1 plus D2.,$\mathcal{D}_{1}+\mathcal{D}_{2}$
z minus y over n,$\frac{z-y}{n}$,https://www.youtube.com/watch?v=MOfhhFaQdjw,Z minus Y over N.,Z minus y over n.,$z-\frac{y}{n}$
y over n times a half is y over two n,$\frac{y}{n}\times\frac{1}{2}=\frac{y}{2n}$,https://www.youtube.com/watch?v=MOfhhFaQdjw,Y over n times a half is Y over 2n.,Y over n times 1.5 is y over 2n.,$\frac{y}{n}\times1.5\asymp2n$
z minus y over 2n,$z-\frac{y}{2n}$,https://www.youtube.com/watch?v=MOfhhFaQdjw,Z minus Y over 2N.,Z minus y over 2n.,$z-\frac{y}{2n}$
y over 2n plus z minus y over 2n,$\frac{y}{2n}+z-\frac{y}{2n}$,https://www.youtube.com/watch?v=MOfhhFaQdjw,y over 2n plus z minus y over 2n.,Y over 2n plus z minus y over 2n.,$\frac{y}{2n}+z-\frac{y}{2n}$
one half plus one over two n,$\frac{1}{2}+\frac{1}{2n}$,https://www.youtube.com/watch?v=MOfhhFaQdjw,So this is at least one half plus one over two n.,So this is at least 1 half plus 1 over 2m.,$\text{MSE}(S)\text{isatleast}\frac{1}{2}+\frac{1}{2m}$
p to the k times 1 minus p to the n minus k power,$p^{k}(1-p)^{n-k}$,https://www.youtube.com/watch?v=MOfhhFaQdjw,P to the k times 1 minus p to the n minus k power.,P to the k times 1 minus P to the n minus k power.,$p^{k}(1-p)^{n-k}$
2 to the minus n minus k,$2^{-(n-k)}$,https://www.youtube.com/watch?v=MOfhhFaQdjw,2 to the minus n minus k and that's,"2 to the minus n minus k, and that's just.",${2^{-(n-k)}\chooses}$
 2 to the alpha log p over alpha plus 1 minus alpha log 1 minus p over 1 minus alpha times n,$2^{(\alpha \log (\frac{p}{\alpha}) + (1-\alpha) \log (\frac{1-p}{1-\alpha})) \cdot n}$,https://www.youtube.com/watch?v=MOfhhFaQdjw,2 to the alpha log P over alpha plus 1 minus alpha log 1 minus P over 1 minus alpha times n. That's a big,2 to the alpha log p over alpha plus 1 minus alpha log 1 minus p over 1 minus alpha times n. That's a big.,$\displaystyle2^{\alpha\log\frac{p}{\alpha}+(1-\alpha)\log\frac{1-p}{1-\alpha}}%\cdotn.\qquad\qquad\qquad\qquad\qquad\qquad\qquad\qquad\qquad\qquad\qquad%\qquad\qquad\qquad\qquad\qquad\qquad\qquad\qquad\qquad\qquad\qquad\qquad\qquad\qquad\qquad%\qquad\qquad\qquad\qquad\qquad\qquad\qquad\qquad\qquad\qquad\qquad\qquad\qquad\qquad\qquad\qquad\
hundred over square root two pi alpha one minus alpha n,$100/\sqrt{2\pi\alpha(1-\alpha)n}$,https://www.youtube.com/watch?v=MOfhhFaQdjw,over square root 2 pi alpha 1 minus alpha n.,100 over square root 2 pi alpha 1 minus alpha n.,$100/\sqrt{2\pi\alpha(1-\alpha)n}$
1 over square root 2 pi P1 minus Pn,$1/\sqrt{2\pi p(1-p)n}$,https://www.youtube.com/watch?v=MOfhhFaQdjw,1 over square root 2 pi p 1 minus p n.,1 over square root 2 pi p 1 minus p n.,$1/\sqrt{2\pip(1-p)n}$
1 over square root 50 pi,$\frac{1}{\sqrt{50\pi}}$,https://www.youtube.com/watch?v=MOfhhFaQdjw,One over square root 50 pi.,1 over square root 50 pi.,$\frac{1}{\sqrt{50\pi}}$
